recovery,baseline_reused,group,a_class,a_major,a_skills,b_class,b_major,b_skills,a_style,b_style,start_distance,first,winner,rounds,a_hp,b_hp
6,true,core,fire,sustain,seed|spark|blaze|heal|nourish|vine,sword,quick,swift|expose|strike|guard|cut|unity,balanced,balanced,0,0,0,8,32,0
6,true,core,fire,sustain,seed|spark|blaze|heal|nourish|vine,sword,quick,swift|expose|strike|guard|cut|unity,balanced,balanced,0,1,1,5,0,26
6,true,core,fire,sustain,seed|spark|blaze|heal|nourish|vine,sword,quick,swift|expose|strike|guard|cut|unity,balanced,balanced,1,0,0,9,98,0
6,true,core,fire,sustain,seed|spark|blaze|heal|nourish|vine,sword,quick,swift|expose|strike|guard|cut|unity,balanced,balanced,1,1,0,7,189,0
6,true,core,fire,sustain,seed|spark|blaze|heal|nourish|vine,sword,quick,swift|expose|strike|guard|cut|unity,balanced,balanced,2,0,0,8,95,0
6,true,core,fire,sustain,seed|spark|blaze|heal|nourish|vine,sword,quick,swift|expose|strike|guard|cut|unity,balanced,balanced,2,1,0,9,197,0
6,true,core,fire,sustain,seed|spark|blaze|heal|nourish|vine,sword,quick,swift|expose|strike|guard|cut|unity,balanced,aggressive,0,0,0,5,102,0
6,true,core,fire,sustain,seed|spark|blaze|heal|nourish|vine,sword,quick,swift|expose|strike|guard|cut|unity,balanced,aggressive,0,1,1,4,0,28
6,true,core,fire,sustain,seed|spark|blaze|heal|nourish|vine,sword,quick,swift|expose|strike|guard|cut|unity,balanced,aggressive,1,0,0,6,91,0
6,true,core,fire,sustain,seed|spark|blaze|heal|nourish|vine,sword,quick,swift|expose|strike|guard|cut|unity,balanced,aggressive,1,1,1,4,0,28
6,true,core,fire,sustain,seed|spark|blaze|heal|nourish|vine,sword,quick,swift|expose|strike|guard|cut|unity,balanced,aggressive,2,0,0,5,89,0
6,true,core,fire,sustain,seed|spark|blaze|heal|nourish|vine,sword,quick,swift|expose|strike|guard|cut|unity,balanced,aggressive,2,1,1,4,0,28
6,true,core,fire,sustain,seed|spark|blaze|heal|nourish|vine,sword,quick,swift|expose|strike|guard|cut|unity,balanced,defensive,0,0,0,18,195,0
6,true,core,fire,sustain,seed|spark|blaze|heal|nourish|vine,sword,quick,swift|expose|strike|guard|cut|unity,balanced,defensive,0,1,0,20,156,0
6,true,core,fire,sustain,seed|spark|blaze|heal|nourish|vine,sword,quick,swift|expose|strike|guard|cut|unity,balanced,defensive,1,0,0,16,210,0
6,true,core,fire,sustain,seed|spark|blaze|heal|nourish|vine,sword,quick,swift|expose|strike|guard|cut|unity,balanced,defensive,1,1,0,17,168,0
6,true,core,fire,sustain,seed|spark|blaze|heal|nourish|vine,sword,quick,swift|expose|strike|guard|cut|unity,balanced,defensive,2,0,0,14,189,0
6,true,core,fire,sustain,seed|spark|blaze|heal|nourish|vine,sword,quick,swift|expose|strike|guard|cut|unity,balanced,defensive,2,1,0,17,77,0
6,true,core,fire,sustain,seed|spark|blaze|heal|nourish|vine,sword,quick,swift|expose|strike|guard|cut|unity,balanced,burst,0,0,0,5,131,0
6,true,core,fire,sustain,seed|spark|blaze|heal|nourish|vine,sword,quick,swift|expose|strike|guard|cut|unity,balanced,burst,0,1,0,5,106,0
6,true,core,fire,sustain,seed|spark|blaze|heal|nourish|vine,sword,quick,swift|expose|strike|guard|cut|unity,balanced,burst,1,0,0,5,163,0
6,true,core,fire,sustain,seed|spark|blaze|heal|nourish|vine,sword,quick,swift|expose|strike|guard|cut|unity,balanced,burst,1,1,0,6,123,0
6,true,core,fire,sustain,seed|spark|blaze|heal|nourish|vine,sword,quick,swift|expose|strike|guard|cut|unity,balanced,burst,2,0,0,5,114,0
6,true,core,fire,sustain,seed|spark|blaze|heal|nourish|vine,sword,quick,swift|expose|strike|guard|cut|unity,balanced,burst,2,1,0,5,191,0
6,true,core,fire,sustain,seed|spark|blaze|heal|nourish|vine,sword,quick,swift|expose|strike|guard|cut|unity,aggressive,balanced,0,0,1,5,0,50
6,true,core,fire,sustain,seed|spark|blaze|heal|nourish|vine,sword,quick,swift|expose|strike|guard|cut|unity,aggressive,balanced,0,1,1,4,0,39
6,true,core,fire,sustain,seed|spark|blaze|heal|nourish|vine,sword,quick,swift|expose|strike|guard|cut|unity,aggressive,balanced,1,0,1,5,0,30
6,true,core,fire,sustain,seed|spark|blaze|heal|nourish|vine,sword,quick,swift|expose|strike|guard|cut|unity,aggressive,balanced,1,1,0,5,27,0
6,true,core,fire,sustain,seed|spark|blaze|heal|nourish|vine,sword,quick,swift|expose|strike|guard|cut|unity,aggressive,balanced,2,0,0,5,28,0
6,true,core,fire,sustain,seed|spark|blaze|heal|nourish|vine,sword,quick,swift|expose|strike|guard|cut|unity,aggressive,balanced,2,1,0,6,2,0
6,true,core,fire,sustain,seed|spark|blaze|heal|nourish|vine,sword,quick,swift|expose|strike|guard|cut|unity,aggressive,aggressive,0,0,0,5,33,0
6,true,core,fire,sustain,seed|spark|blaze|heal|nourish|vine,sword,quick,swift|expose|strike|guard|cut|unity,aggressive,aggressive,0,1,0,4,16,0
6,true,core,fire,sustain,seed|spark|blaze|heal|nourish|vine,sword,quick,swift|expose|strike|guard|cut|unity,aggressive,aggressive,1,0,0,4,108,0
6,true,core,fire,sustain,seed|spark|blaze|heal|nourish|vine,sword,quick,swift|expose|strike|guard|cut|unity,aggressive,aggressive,1,1,0,5,16,0
6,true,core,fire,sustain,seed|spark|blaze|heal|nourish|vine,sword,quick,swift|expose|strike|guard|cut|unity,aggressive,aggressive,2,0,0,5,36,0
6,true,core,fire,sustain,seed|spark|blaze|heal|nourish|vine,sword,quick,swift|expose|strike|guard|cut|unity,aggressive,aggressive,2,1,1,4,0,38
6,true,core,fire,sustain,seed|spark|blaze|heal|nourish|vine,sword,quick,swift|expose|strike|guard|cut|unity,aggressive,defensive,0,0,1,5,0,50
6,true,core,fire,sustain,seed|spark|blaze|heal|nourish|vine,sword,quick,swift|expose|strike|guard|cut|unity,aggressive,defensive,0,1,0,16,21,0
6,true,core,fire,sustain,seed|spark|blaze|heal|nourish|vine,sword,quick,swift|expose|strike|guard|cut|unity,aggressive,defensive,1,0,0,10,129,0
6,true,core,fire,sustain,seed|spark|blaze|heal|nourish|vine,sword,quick,swift|expose|strike|guard|cut|unity,aggressive,defensive,1,1,0,17,127,0
6,true,core,fire,sustain,seed|spark|blaze|heal|nourish|vine,sword,quick,swift|expose|strike|guard|cut|unity,aggressive,defensive,2,0,0,12,121,0
6,true,core,fire,sustain,seed|spark|blaze|heal|nourish|vine,sword,quick,swift|expose|strike|guard|cut|unity,aggressive,defensive,2,1,0,21,162,0
6,true,core,fire,sustain,seed|spark|blaze|heal|nourish|vine,sword,quick,swift|expose|strike|guard|cut|unity,aggressive,burst,0,0,1,4,0,42
6,true,core,fire,sustain,seed|spark|blaze|heal|nourish|vine,sword,quick,swift|expose|strike|guard|cut|unity,aggressive,burst,0,1,0,5,29,0
6,true,core,fire,sustain,seed|spark|blaze|heal|nourish|vine,sword,quick,swift|expose|strike|guard|cut|unity,aggressive,burst,1,0,0,5,2,0
6,true,core,fire,sustain,seed|spark|blaze|heal|nourish|vine,sword,quick,swift|expose|strike|guard|cut|unity,aggressive,burst,1,1,0,5,16,0
6,true,core,fire,sustain,seed|spark|blaze|heal|nourish|vine,sword,quick,swift|expose|strike|guard|cut|unity,aggressive,burst,2,0,0,5,38,0
6,true,core,fire,sustain,seed|spark|blaze|heal|nourish|vine,sword,quick,swift|expose|strike|guard|cut|unity,aggressive,burst,2,1,0,5,7,0
6,true,core,fire,sustain,seed|spark|blaze|heal|nourish|vine,sword,quick,swift|expose|strike|guard|cut|unity,defensive,balanced,0,0,0,9,111,0
6,true,core,fire,sustain,seed|spark|blaze|heal|nourish|vine,sword,quick,swift|expose|strike|guard|cut|unity,defensive,balanced,0,1,0,7,109,0
6,true,core,fire,sustain,seed|spark|blaze|heal|nourish|vine,sword,quick,swift|expose|strike|guard|cut|unity,defensive,balanced,1,0,0,9,84,0
6,true,core,fire,sustain,seed|spark|blaze|heal|nourish|vine,sword,quick,swift|expose|strike|guard|cut|unity,defensive,balanced,1,1,0,7,189,0
6,true,core,fire,sustain,seed|spark|blaze|heal|nourish|vine,sword,quick,swift|expose|strike|guard|cut|unity,defensive,balanced,2,0,0,6,210,0
6,true,core,fire,sustain,seed|spark|blaze|heal|nourish|vine,sword,quick,swift|expose|strike|guard|cut|unity,defensive,balanced,2,1,0,10,154,0
6,true,core,fire,sustain,seed|spark|blaze|heal|nourish|vine,sword,quick,swift|expose|strike|guard|cut|unity,defensive,aggressive,0,0,0,6,50,0
6,true,core,fire,sustain,seed|spark|blaze|heal|nourish|vine,sword,quick,swift|expose|strike|guard|cut|unity,defensive,aggressive,0,1,1,4,0,28
6,true,core,fire,sustain,seed|spark|blaze|heal|nourish|vine,sword,quick,swift|expose|strike|guard|cut|unity,defensive,aggressive,1,0,0,5,126,0
6,true,core,fire,sustain,seed|spark|blaze|heal|nourish|vine,sword,quick,swift|expose|strike|guard|cut|unity,defensive,aggressive,1,1,1,4,0,28
6,true,core,fire,sustain,seed|spark|blaze|heal|nourish|vine,sword,quick,swift|expose|strike|guard|cut|unity,defensive,aggressive,2,0,0,5,100,0
6,true,core,fire,sustain,seed|spark|blaze|heal|nourish|vine,sword,quick,swift|expose|strike|guard|cut|unity,defensive,aggressive,2,1,1,4,0,28
6,true,core,fire,sustain,seed|spark|blaze|heal|nourish|vine,sword,quick,swift|expose|strike|guard|cut|unity,defensive,defensive,0,0,0,14,189,0
6,true,core,fire,sustain,seed|spark|blaze|heal|nourish|vine,sword,quick,swift|expose|strike|guard|cut|unity,defensive,defensive,0,1,0,18,84,0
6,true,core,fire,sustain,seed|spark|blaze|heal|nourish|vine,sword,quick,swift|expose|strike|guard|cut|unity,defensive,defensive,1,0,0,14,189,0
6,true,core,fire,sustain,seed|spark|blaze|heal|nourish|vine,sword,quick,swift|expose|strike|guard|cut|unity,defensive,defensive,1,1,0,17,168,0
6,true,core,fire,sustain,seed|spark|blaze|heal|nourish|vine,sword,quick,swift|expose|strike|guard|cut|unity,defensive,defensive,2,0,0,14,189,0
6,true,core,fire,sustain,seed|spark|blaze|heal|nourish|vine,sword,quick,swift|expose|strike|guard|cut|unity,defensive,defensive,2,1,0,18,77,0
6,true,core,fire,sustain,seed|spark|blaze|heal|nourish|vine,sword,quick,swift|expose|strike|guard|cut|unity,defensive,burst,0,0,0,7,164,0
6,true,core,fire,sustain,seed|spark|blaze|heal|nourish|vine,sword,quick,swift|expose|strike|guard|cut|unity,defensive,burst,0,1,0,6,128,0
6,true,core,fire,sustain,seed|spark|blaze|heal|nourish|vine,sword,quick,swift|expose|strike|guard|cut|unity,defensive,burst,1,0,0,5,189,0
6,true,core,fire,sustain,seed|spark|blaze|heal|nourish|vine,sword,quick,swift|expose|strike|guard|cut|unity,defensive,burst,1,1,0,7,194,0
6,true,core,fire,sustain,seed|spark|blaze|heal|nourish|vine,sword,quick,swift|expose|strike|guard|cut|unity,defensive,burst,2,0,0,5,134,0
6,true,core,fire,sustain,seed|spark|blaze|heal|nourish|vine,sword,quick,swift|expose|strike|guard|cut|unity,defensive,burst,2,1,0,6,208,0
6,true,core,fire,sustain,seed|spark|blaze|heal|nourish|vine,sword,quick,swift|expose|strike|guard|cut|unity,burst,balanced,0,0,0,7,48,0
6,true,core,fire,sustain,seed|spark|blaze|heal|nourish|vine,sword,quick,swift|expose|strike|guard|cut|unity,burst,balanced,0,1,0,4,14,0
6,true,core,fire,sustain,seed|spark|blaze|heal|nourish|vine,sword,quick,swift|expose|strike|guard|cut|unity,burst,balanced,1,0,0,7,60,0
6,true,core,fire,sustain,seed|spark|blaze|heal|nourish|vine,sword,quick,swift|expose|strike|guard|cut|unity,burst,balanced,1,1,0,7,93,0
6,true,core,fire,sustain,seed|spark|blaze|heal|nourish|vine,sword,quick,swift|expose|strike|guard|cut|unity,burst,balanced,2,0,0,7,77,0
6,true,core,fire,sustain,seed|spark|blaze|heal|nourish|vine,sword,quick,swift|expose|strike|guard|cut|unity,burst,balanced,2,1,0,8,174,0
6,true,core,fire,sustain,seed|spark|blaze|heal|nourish|vine,sword,quick,swift|expose|strike|guard|cut|unity,burst,aggressive,0,0,0,4,54,0
6,true,core,fire,sustain,seed|spark|blaze|heal|nourish|vine,sword,quick,swift|expose|strike|guard|cut|unity,burst,aggressive,0,1,1,3,0,72
6,true,core,fire,sustain,seed|spark|blaze|heal|nourish|vine,sword,quick,swift|expose|strike|guard|cut|unity,burst,aggressive,1,0,0,5,79,0
6,true,core,fire,sustain,seed|spark|blaze|heal|nourish|vine,sword,quick,swift|expose|strike|guard|cut|unity,burst,aggressive,1,1,1,3,0,72
6,true,core,fire,sustain,seed|spark|blaze|heal|nourish|vine,sword,quick,swift|expose|strike|guard|cut|unity,burst,aggressive,2,0,0,5,76,0
6,true,core,fire,sustain,seed|spark|blaze|heal|nourish|vine,sword,quick,swift|expose|strike|guard|cut|unity,burst,aggressive,2,1,0,4,27,0
6,true,core,fire,sustain,seed|spark|blaze|heal|nourish|vine,sword,quick,swift|expose|strike|guard|cut|unity,burst,defensive,0,0,0,7,62,0
6,true,core,fire,sustain,seed|spark|blaze|heal|nourish|vine,sword,quick,swift|expose|strike|guard|cut|unity,burst,defensive,0,1,0,15,69,0
6,true,core,fire,sustain,seed|spark|blaze|heal|nourish|vine,sword,quick,swift|expose|strike|guard|cut|unity,burst,defensive,1,0,0,12,201,0
6,true,core,fire,sustain,seed|spark|blaze|heal|nourish|vine,sword,quick,swift|expose|strike|guard|cut|unity,burst,defensive,1,1,0,18,168,0
6,true,core,fire,sustain,seed|spark|blaze|heal|nourish|vine,sword,quick,swift|expose|strike|guard|cut|unity,burst,defensive,2,0,0,10,177,0
6,true,core,fire,sustain,seed|spark|blaze|heal|nourish|vine,sword,quick,swift|expose|strike|guard|cut|unity,burst,defensive,2,1,0,19,168,0
6,true,core,fire,sustain,seed|spark|blaze|heal|nourish|vine,sword,quick,swift|expose|strike|guard|cut|unity,burst,burst,0,0,0,5,131,0
6,true,core,fire,sustain,seed|spark|blaze|heal|nourish|vine,sword,quick,swift|expose|strike|guard|cut|unity,burst,burst,0,1,0,5,10,0
6,true,core,fire,sustain,seed|spark|blaze|heal|nourish|vine,sword,quick,swift|expose|strike|guard|cut|unity,burst,burst,1,0,0,5,99,0
6,true,core,fire,sustain,seed|spark|blaze|heal|nourish|vine,sword,quick,swift|expose|strike|guard|cut|unity,burst,burst,1,1,0,5,121,0
6,true,core,fire,sustain,seed|spark|blaze|heal|nourish|vine,sword,quick,swift|expose|strike|guard|cut|unity,burst,burst,2,0,0,5,93,0
6,true,core,fire,sustain,seed|spark|blaze|heal|nourish|vine,sword,quick,swift|expose|strike|guard|cut|unity,burst,burst,2,1,0,5,191,0
6,true,core,fire,sustain,seed|spark|blaze|heal|nourish|vine,sword,heavy,swift|expose|strike|guard|return|unity,balanced,balanced,0,0,0,8,72,0
6,true,core,fire,sustain,seed|spark|blaze|heal|nourish|vine,sword,heavy,swift|expose|strike|guard|return|unity,balanced,balanced,0,1,1,5,0,57
6,true,core,fire,sustain,seed|spark|blaze|heal|nourish|vine,sword,heavy,swift|expose|strike|guard|return|unity,balanced,balanced,1,0,0,7,75,0
6,true,core,fire,sustain,seed|spark|blaze|heal|nourish|vine,sword,heavy,swift|expose|strike|guard|return|unity,balanced,balanced,1,1,0,10,157,0
6,true,core,fire,sustain,seed|spark|blaze|heal|nourish|vine,sword,heavy,swift|expose|strike|guard|return|unity,balanced,balanced,2,0,0,9,133,0
6,true,core,fire,sustain,seed|spark|blaze|heal|nourish|vine,sword,heavy,swift|expose|strike|guard|return|unity,balanced,balanced,2,1,0,9,69,0
6,true,core,fire,sustain,seed|spark|blaze|heal|nourish|vine,sword,heavy,swift|expose|strike|guard|return|unity,balanced,aggressive,0,0,0,6,86,0
6,true,core,fire,sustain,seed|spark|blaze|heal|nourish|vine,sword,heavy,swift|expose|strike|guard|return|unity,balanced,aggressive,0,1,1,4,0,28
6,true,core,fire,sustain,seed|spark|blaze|heal|nourish|vine,sword,heavy,swift|expose|strike|guard|return|unity,balanced,aggressive,1,0,0,6,109,0
6,true,core,fire,sustain,seed|spark|blaze|heal|nourish|vine,sword,heavy,swift|expose|strike|guard|return|unity,balanced,aggressive,1,1,1,4,0,28
6,true,core,fire,sustain,seed|spark|blaze|heal|nourish|vine,sword,heavy,swift|expose|strike|guard|return|unity,balanced,aggressive,2,0,0,5,117,0
6,true,core,fire,sustain,seed|spark|blaze|heal|nourish|vine,sword,heavy,swift|expose|strike|guard|return|unity,balanced,aggressive,2,1,0,4,23,0
6,true,core,fire,sustain,seed|spark|blaze|heal|nourish|vine,sword,heavy,swift|expose|strike|guard|return|unity,balanced,defensive,0,0,0,18,190,0
6,true,core,fire,sustain,seed|spark|blaze|heal|nourish|vine,sword,heavy,swift|expose|strike|guard|return|unity,balanced,defensive,0,1,0,16,164,0
6,true,core,fire,sustain,seed|spark|blaze|heal|nourish|vine,sword,heavy,swift|expose|strike|guard|return|unity,balanced,defensive,1,0,0,17,207,0
6,true,core,fire,sustain,seed|spark|blaze|heal|nourish|vine,sword,heavy,swift|expose|strike|guard|return|unity,balanced,defensive,1,1,0,18,157,0
6,true,core,fire,sustain,seed|spark|blaze|heal|nourish|vine,sword,heavy,swift|expose|strike|guard|return|unity,balanced,defensive,2,0,0,14,169,0
6,true,core,fire,sustain,seed|spark|blaze|heal|nourish|vine,sword,heavy,swift|expose|strike|guard|return|unity,balanced,defensive,2,1,0,15,207,0
6,true,core,fire,sustain,seed|spark|blaze|heal|nourish|vine,sword,heavy,swift|expose|strike|guard|return|unity,balanced,burst,0,0,0,6,149,0
6,true,core,fire,sustain,seed|spark|blaze|heal|nourish|vine,sword,heavy,swift|expose|strike|guard|return|unity,balanced,burst,0,1,0,6,210,0
6,true,core,fire,sustain,seed|spark|blaze|heal|nourish|vine,sword,heavy,swift|expose|strike|guard|return|unity,balanced,burst,1,0,0,6,149,0
6,true,core,fire,sustain,seed|spark|blaze|heal|nourish|vine,sword,heavy,swift|expose|strike|guard|return|unity,balanced,burst,1,1,0,7,107,0
6,true,core,fire,sustain,seed|spark|blaze|heal|nourish|vine,sword,heavy,swift|expose|strike|guard|return|unity,balanced,burst,2,0,0,5,172,0
6,true,core,fire,sustain,seed|spark|blaze|heal|nourish|vine,sword,heavy,swift|expose|strike|guard|return|unity,balanced,burst,2,1,0,5,206,0
6,true,core,fire,sustain,seed|spark|blaze|heal|nourish|vine,sword,heavy,swift|expose|strike|guard|return|unity,aggressive,balanced,0,0,1,6,0,9
6,true,core,fire,sustain,seed|spark|blaze|heal|nourish|vine,sword,heavy,swift|expose|strike|guard|return|unity,aggressive,balanced,0,1,1,5,0,86
6,true,core,fire,sustain,seed|spark|blaze|heal|nourish|vine,sword,heavy,swift|expose|strike|guard|return|unity,aggressive,balanced,1,0,0,6,12,0
6,true,core,fire,sustain,seed|spark|blaze|heal|nourish|vine,sword,heavy,swift|expose|strike|guard|return|unity,aggressive,balanced,1,1,1,7,0,19
6,true,core,fire,sustain,seed|spark|blaze|heal|nourish|vine,sword,heavy,swift|expose|strike|guard|return|unity,aggressive,balanced,2,0,0,6,12,0
6,true,core,fire,sustain,seed|spark|blaze|heal|nourish|vine,sword,heavy,swift|expose|strike|guard|return|unity,aggressive,balanced,2,1,0,6,7,0
6,true,core,fire,sustain,seed|spark|blaze|heal|nourish|vine,sword,heavy,swift|expose|strike|guard|return|unity,aggressive,aggressive,0,0,0,5,65,0
6,true,core,fire,sustain,seed|spark|blaze|heal|nourish|vine,sword,heavy,swift|expose|strike|guard|return|unity,aggressive,aggressive,0,1,1,4,0,32
6,true,core,fire,sustain,seed|spark|blaze|heal|nourish|vine,sword,heavy,swift|expose|strike|guard|return|unity,aggressive,aggressive,1,0,0,5,9,0
6,true,core,fire,sustain,seed|spark|blaze|heal|nourish|vine,sword,heavy,swift|expose|strike|guard|return|unity,aggressive,aggressive,1,1,1,4,0,41
6,true,core,fire,sustain,seed|spark|blaze|heal|nourish|vine,sword,heavy,swift|expose|strike|guard|return|unity,aggressive,aggressive,2,0,0,5,18,0
6,true,core,fire,sustain,seed|spark|blaze|heal|nourish|vine,sword,heavy,swift|expose|strike|guard|return|unity,aggressive,aggressive,2,1,1,4,0,58
6,true,core,fire,sustain,seed|spark|blaze|heal|nourish|vine,sword,heavy,swift|expose|strike|guard|return|unity,aggressive,defensive,0,0,1,6,0,9
6,true,core,fire,sustain,seed|spark|blaze|heal|nourish|vine,sword,heavy,swift|expose|strike|guard|return|unity,aggressive,defensive,0,1,0,13,9,0
6,true,core,fire,sustain,seed|spark|blaze|heal|nourish|vine,sword,heavy,swift|expose|strike|guard|return|unity,aggressive,defensive,1,0,0,6,12,0
6,true,core,fire,sustain,seed|spark|blaze|heal|nourish|vine,sword,heavy,swift|expose|strike|guard|return|unity,aggressive,defensive,1,1,0,15,157,0
6,true,core,fire,sustain,seed|spark|blaze|heal|nourish|vine,sword,heavy,swift|expose|strike|guard|return|unity,aggressive,defensive,2,0,0,9,22,0
6,true,core,fire,sustain,seed|spark|blaze|heal|nourish|vine,sword,heavy,swift|expose|strike|guard|return|unity,aggressive,defensive,2,1,0,13,67,0
6,true,core,fire,sustain,seed|spark|blaze|heal|nourish|vine,sword,heavy,swift|expose|strike|guard|return|unity,aggressive,burst,0,0,1,4,0,42
6,true,core,fire,sustain,seed|spark|blaze|heal|nourish|vine,sword,heavy,swift|expose|strike|guard|return|unity,aggressive,burst,0,1,0,6,151,0
6,true,core,fire,sustain,seed|spark|blaze|heal|nourish|vine,sword,heavy,swift|expose|strike|guard|return|unity,aggressive,burst,1,0,0,5,74,0
6,true,core,fire,sustain,seed|spark|blaze|heal|nourish|vine,sword,heavy,swift|expose|strike|guard|return|unity,aggressive,burst,1,1,0,6,75,0
6,true,core,fire,sustain,seed|spark|blaze|heal|nourish|vine,sword,heavy,swift|expose|strike|guard|return|unity,aggressive,burst,2,0,0,5,74,0
6,true,core,fire,sustain,seed|spark|blaze|heal|nourish|vine,sword,heavy,swift|expose|strike|guard|return|unity,aggressive,burst,2,1,0,6,168,0
6,true,core,fire,sustain,seed|spark|blaze|heal|nourish|vine,sword,heavy,swift|expose|strike|guard|return|unity,defensive,balanced,0,0,0,8,105,0
6,true,core,fire,sustain,seed|spark|blaze|heal|nourish|vine,sword,heavy,swift|expose|strike|guard|return|unity,defensive,balanced,0,1,1,7,0,47
6,true,core,fire,sustain,seed|spark|blaze|heal|nourish|vine,sword,heavy,swift|expose|strike|guard|return|unity,defensive,balanced,1,0,0,10,210,0
6,true,core,fire,sustain,seed|spark|blaze|heal|nourish|vine,sword,heavy,swift|expose|strike|guard|return|unity,defensive,balanced,1,1,0,10,157,0
6,true,core,fire,sustain,seed|spark|blaze|heal|nourish|vine,sword,heavy,swift|expose|strike|guard|return|unity,defensive,balanced,2,0,0,8,210,0
6,true,core,fire,sustain,seed|spark|blaze|heal|nourish|vine,sword,heavy,swift|expose|strike|guard|return|unity,defensive,balanced,2,1,0,10,85,0
6,true,core,fire,sustain,seed|spark|blaze|heal|nourish|vine,sword,heavy,swift|expose|strike|guard|return|unity,defensive,aggressive,0,0,0,6,71,0
6,true,core,fire,sustain,seed|spark|blaze|heal|nourish|vine,sword,heavy,swift|expose|strike|guard|return|unity,defensive,aggressive,0,1,1,4,0,28
6,true,core,fire,sustain,seed|spark|blaze|heal|nourish|vine,sword,heavy,swift|expose|strike|guard|return|unity,defensive,aggressive,1,0,0,5,140,0
6,true,core,fire,sustain,seed|spark|blaze|heal|nourish|vine,sword,heavy,swift|expose|strike|guard|return|unity,defensive,aggressive,1,1,1,4,0,28
6,true,core,fire,sustain,seed|spark|blaze|heal|nourish|vine,sword,heavy,swift|expose|strike|guard|return|unity,defensive,aggressive,2,0,0,5,140,0
6,true,core,fire,sustain,seed|spark|blaze|heal|nourish|vine,sword,heavy,swift|expose|strike|guard|return|unity,defensive,aggressive,2,1,0,4,23,0
6,true,core,fire,sustain,seed|spark|blaze|heal|nourish|vine,sword,heavy,swift|expose|strike|guard|return|unity,defensive,defensive,0,0,0,16,207,0
6,true,core,fire,sustain,seed|spark|blaze|heal|nourish|vine,sword,heavy,swift|expose|strike|guard|return|unity,defensive,defensive,0,1,0,15,134,0
6,true,core,fire,sustain,seed|spark|blaze|heal|nourish|vine,sword,heavy,swift|expose|strike|guard|return|unity,defensive,defensive,1,0,0,16,207,0
6,true,core,fire,sustain,seed|spark|blaze|heal|nourish|vine,sword,heavy,swift|expose|strike|guard|return|unity,defensive,defensive,1,1,0,16,207,0
6,true,core,fire,sustain,seed|spark|blaze|heal|nourish|vine,sword,heavy,swift|expose|strike|guard|return|unity,defensive,defensive,2,0,0,14,169,0
6,true,core,fire,sustain,seed|spark|blaze|heal|nourish|vine,sword,heavy,swift|expose|strike|guard|return|unity,defensive,defensive,2,1,0,16,207,0
6,true,core,fire,sustain,seed|spark|blaze|heal|nourish|vine,sword,heavy,swift|expose|strike|guard|return|unity,defensive,burst,0,0,0,6,157,0
6,true,core,fire,sustain,seed|spark|blaze|heal|nourish|vine,sword,heavy,swift|expose|strike|guard|return|unity,defensive,burst,0,1,0,6,210,0
6,true,core,fire,sustain,seed|spark|blaze|heal|nourish|vine,sword,heavy,swift|expose|strike|guard|return|unity,defensive,burst,1,0,0,6,157,0
6,true,core,fire,sustain,seed|spark|blaze|heal|nourish|vine,sword,heavy,swift|expose|strike|guard|return|unity,defensive,burst,1,1,0,7,107,0
6,true,core,fire,sustain,seed|spark|blaze|heal|nourish|vine,sword,heavy,swift|expose|strike|guard|return|unity,defensive,burst,2,0,0,5,210,0
6,true,core,fire,sustain,seed|spark|blaze|heal|nourish|vine,sword,heavy,swift|expose|strike|guard|return|unity,defensive,burst,2,1,0,5,206,0
6,true,core,fire,sustain,seed|spark|blaze|heal|nourish|vine,sword,heavy,swift|expose|strike|guard|return|unity,burst,balanced,0,0,0,7,55,0
6,true,core,fire,sustain,seed|spark|blaze|heal|nourish|vine,sword,heavy,swift|expose|strike|guard|return|unity,burst,balanced,0,1,1,4,0,68
6,true,core,fire,sustain,seed|spark|blaze|heal|nourish|vine,sword,heavy,swift|expose|strike|guard|return|unity,burst,balanced,1,0,0,7,61,0
6,true,core,fire,sustain,seed|spark|blaze|heal|nourish|vine,sword,heavy,swift|expose|strike|guard|return|unity,burst,balanced,1,1,0,6,54,0
6,true,core,fire,sustain,seed|spark|blaze|heal|nourish|vine,sword,heavy,swift|expose|strike|guard|return|unity,burst,balanced,2,0,0,8,113,0
6,true,core,fire,sustain,seed|spark|blaze|heal|nourish|vine,sword,heavy,swift|expose|strike|guard|return|unity,burst,balanced,2,1,0,6,63,0
6,true,core,fire,sustain,seed|spark|blaze|heal|nourish|vine,sword,heavy,swift|expose|strike|guard|return|unity,burst,aggressive,0,0,0,6,86,0
6,true,core,fire,sustain,seed|spark|blaze|heal|nourish|vine,sword,heavy,swift|expose|strike|guard|return|unity,burst,aggressive,0,1,1,4,0,12
6,true,core,fire,sustain,seed|spark|blaze|heal|nourish|vine,sword,heavy,swift|expose|strike|guard|return|unity,burst,aggressive,1,0,0,5,95,0
6,true,core,fire,sustain,seed|spark|blaze|heal|nourish|vine,sword,heavy,swift|expose|strike|guard|return|unity,burst,aggressive,1,1,1,4,0,12
6,true,core,fire,sustain,seed|spark|blaze|heal|nourish|vine,sword,heavy,swift|expose|strike|guard|return|unity,burst,aggressive,2,0,0,5,80,0
6,true,core,fire,sustain,seed|spark|blaze|heal|nourish|vine,sword,heavy,swift|expose|strike|guard|return|unity,burst,aggressive,2,1,0,5,42,0
6,true,core,fire,sustain,seed|spark|blaze|heal|nourish|vine,sword,heavy,swift|expose|strike|guard|return|unity,burst,defensive,0,0,0,7,137,0
6,true,core,fire,sustain,seed|spark|blaze|heal|nourish|vine,sword,heavy,swift|expose|strike|guard|return|unity,burst,defensive,0,1,0,16,49,0
6,true,core,fire,sustain,seed|spark|blaze|heal|nourish|vine,sword,heavy,swift|expose|strike|guard|return|unity,burst,defensive,1,0,0,13,142,0
6,true,core,fire,sustain,seed|spark|blaze|heal|nourish|vine,sword,heavy,swift|expose|strike|guard|return|unity,burst,defensive,1,1,0,17,146,0
6,true,core,fire,sustain,seed|spark|blaze|heal|nourish|vine,sword,heavy,swift|expose|strike|guard|return|unity,burst,defensive,2,0,0,10,173,0
6,true,core,fire,sustain,seed|spark|blaze|heal|nourish|vine,sword,heavy,swift|expose|strike|guard|return|unity,burst,defensive,2,1,0,17,46,0
6,true,core,fire,sustain,seed|spark|blaze|heal|nourish|vine,sword,heavy,swift|expose|strike|guard|return|unity,burst,burst,0,0,0,6,176,0
6,true,core,fire,sustain,seed|spark|blaze|heal|nourish|vine,sword,heavy,swift|expose|strike|guard|return|unity,burst,burst,0,1,0,6,191,0
6,true,core,fire,sustain,seed|spark|blaze|heal|nourish|vine,sword,heavy,swift|expose|strike|guard|return|unity,burst,burst,1,0,0,5,148,0
6,true,core,fire,sustain,seed|spark|blaze|heal|nourish|vine,sword,heavy,swift|expose|strike|guard|return|unity,burst,burst,1,1,0,6,153,0
6,true,core,fire,sustain,seed|spark|blaze|heal|nourish|vine,sword,heavy,swift|expose|strike|guard|return|unity,burst,burst,2,0,0,5,142,0
6,true,core,fire,sustain,seed|spark|blaze|heal|nourish|vine,sword,heavy,swift|expose|strike|guard|return|unity,burst,burst,2,1,0,7,153,0
6,true,mirror,fire,sustain,seed|spark|blaze|heal|nourish|vine,fire,sustain,seed|spark|blaze|heal|nourish|vine,balanced,balanced,0,0,1,8,0,76
6,true,mirror,fire,sustain,seed|spark|blaze|heal|nourish|vine,fire,sustain,seed|spark|blaze|heal|nourish|vine,balanced,balanced,0,1,0,8,76,0
6,true,mirror,fire,sustain,seed|spark|blaze|heal|nourish|vine,fire,sustain,seed|spark|blaze|heal|nourish|vine,balanced,balanced,1,0,1,8,0,76
6,true,mirror,fire,sustain,seed|spark|blaze|heal|nourish|vine,fire,sustain,seed|spark|blaze|heal|nourish|vine,balanced,balanced,1,1,0,8,76,0
6,true,mirror,fire,sustain,seed|spark|blaze|heal|nourish|vine,fire,sustain,seed|spark|blaze|heal|nourish|vine,balanced,balanced,2,0,1,8,0,76
6,true,mirror,fire,sustain,seed|spark|blaze|heal|nourish|vine,fire,sustain,seed|spark|blaze|heal|nourish|vine,balanced,balanced,2,1,0,8,76,0
6,true,mirror,fire,sustain,seed|spark|blaze|heal|nourish|vine,fire,sustain,seed|spark|blaze|heal|nourish|vine,aggressive,aggressive,0,0,0,5,75,0
6,true,mirror,fire,sustain,seed|spark|blaze|heal|nourish|vine,fire,sustain,seed|spark|blaze|heal|nourish|vine,aggressive,aggressive,0,1,1,5,0,75
6,true,mirror,fire,sustain,seed|spark|blaze|heal|nourish|vine,fire,sustain,seed|spark|blaze|heal|nourish|vine,aggressive,aggressive,1,0,0,5,75,0
6,true,mirror,fire,sustain,seed|spark|blaze|heal|nourish|vine,fire,sustain,seed|spark|blaze|heal|nourish|vine,aggressive,aggressive,1,1,1,5,0,75
6,true,mirror,fire,sustain,seed|spark|blaze|heal|nourish|vine,fire,sustain,seed|spark|blaze|heal|nourish|vine,aggressive,aggressive,2,0,0,5,75,0
6,true,mirror,fire,sustain,seed|spark|blaze|heal|nourish|vine,fire,sustain,seed|spark|blaze|heal|nourish|vine,aggressive,aggressive,2,1,1,5,0,75
6,true,mirror,fire,sustain,seed|spark|blaze|heal|nourish|vine,fire,sustain,seed|spark|blaze|heal|nourish|vine,defensive,defensive,0,0,1,18,0,116
6,true,mirror,fire,sustain,seed|spark|blaze|heal|nourish|vine,fire,sustain,seed|spark|blaze|heal|nourish|vine,defensive,defensive,0,1,0,18,116,0
6,true,mirror,fire,sustain,seed|spark|blaze|heal|nourish|vine,fire,sustain,seed|spark|blaze|heal|nourish|vine,defensive,defensive,1,0,1,18,0,116
6,true,mirror,fire,sustain,seed|spark|blaze|heal|nourish|vine,fire,sustain,seed|spark|blaze|heal|nourish|vine,defensive,defensive,1,1,0,18,116,0
6,true,mirror,fire,sustain,seed|spark|blaze|heal|nourish|vine,fire,sustain,seed|spark|blaze|heal|nourish|vine,defensive,defensive,2,0,1,18,0,116
6,true,mirror,fire,sustain,seed|spark|blaze|heal|nourish|vine,fire,sustain,seed|spark|blaze|heal|nourish|vine,defensive,defensive,2,1,0,18,116,0
6,true,mirror,fire,sustain,seed|spark|blaze|heal|nourish|vine,fire,sustain,seed|spark|blaze|heal|nourish|vine,burst,burst,0,0,1,6,0,15
6,true,mirror,fire,sustain,seed|spark|blaze|heal|nourish|vine,fire,sustain,seed|spark|blaze|heal|nourish|vine,burst,burst,0,1,0,6,15,0
6,true,mirror,fire,sustain,seed|spark|blaze|heal|nourish|vine,fire,sustain,seed|spark|blaze|heal|nourish|vine,burst,burst,1,0,1,6,0,15
6,true,mirror,fire,sustain,seed|spark|blaze|heal|nourish|vine,fire,sustain,seed|spark|blaze|heal|nourish|vine,burst,burst,1,1,0,6,15,0
6,true,mirror,fire,sustain,seed|spark|blaze|heal|nourish|vine,fire,sustain,seed|spark|blaze|heal|nourish|vine,burst,burst,2,0,1,6,0,15
6,true,mirror,fire,sustain,seed|spark|blaze|heal|nourish|vine,fire,sustain,seed|spark|blaze|heal|nourish|vine,burst,burst,2,1,0,6,15,0
6,true,loadout,fire,sustain,blaze|heal|vine|ember|nourish|inferno,sword,quick,swift|expose|strike|guard|cut|unity,balanced,balanced,0,0,0,11,42,0
6,true,loadout,fire,sustain,blaze|heal|vine|ember|nourish|inferno,sword,quick,swift|expose|strike|guard|cut|unity,balanced,balanced,0,1,1,5,0,124
6,true,loadout,fire,sustain,blaze|heal|vine|ember|nourish|inferno,sword,quick,swift|expose|strike|guard|cut|unity,balanced,balanced,1,0,0,11,42,0
6,true,loadout,fire,sustain,blaze|heal|vine|ember|nourish|inferno,sword,quick,swift|expose|strike|guard|cut|unity,balanced,balanced,1,1,1,6,0,44
6,true,loadout,fire,sustain,blaze|heal|vine|ember|nourish|inferno,sword,quick,swift|expose|strike|guard|cut|unity,balanced,balanced,2,0,0,10,187,0
6,true,loadout,fire,sustain,blaze|heal|vine|ember|nourish|inferno,sword,quick,swift|expose|strike|guard|cut|unity,balanced,balanced,2,1,1,6,0,161
6,true,loadout,fire,sustain,blaze|heal|vine|ember|nourish|inferno,sword,heavy,swift|expose|strike|guard|return|unity,balanced,balanced,0,0,1,6,0,73
6,true,loadout,fire,sustain,blaze|heal|vine|ember|nourish|inferno,sword,heavy,swift|expose|strike|guard|return|unity,balanced,balanced,0,1,1,4,0,117
6,true,loadout,fire,sustain,blaze|heal|vine|ember|nourish|inferno,sword,heavy,swift|expose|strike|guard|return|unity,balanced,balanced,1,0,1,6,0,64
6,true,loadout,fire,sustain,blaze|heal|vine|ember|nourish|inferno,sword,heavy,swift|expose|strike|guard|return|unity,balanced,balanced,1,1,1,5,0,165
6,true,loadout,fire,sustain,blaze|heal|vine|ember|nourish|inferno,sword,heavy,swift|expose|strike|guard|return|unity,balanced,balanced,2,0,0,9,76,0
6,true,loadout,fire,sustain,blaze|heal|vine|ember|nourish|inferno,sword,heavy,swift|expose|strike|guard|return|unity,balanced,balanced,2,1,1,6,0,137
6,true,loadout,fire,sustain,spark|heal|vine|ember|nourish|inferno,sword,quick,swift|expose|strike|guard|cut|unity,balanced,balanced,0,0,0,16,60,0
6,true,loadout,fire,sustain,spark|heal|vine|ember|nourish|inferno,sword,quick,swift|expose|strike|guard|cut|unity,balanced,balanced,0,1,1,5,0,98
6,true,loadout,fire,sustain,spark|heal|vine|ember|nourish|inferno,sword,quick,swift|expose|strike|guard|cut|unity,balanced,balanced,1,0,0,14,27,0
6,true,loadout,fire,sustain,spark|heal|vine|ember|nourish|inferno,sword,quick,swift|expose|strike|guard|cut|unity,balanced,balanced,1,1,1,5,0,85
6,true,loadout,fire,sustain,spark|heal|vine|ember|nourish|inferno,sword,quick,swift|expose|strike|guard|cut|unity,balanced,balanced,2,0,1,12,0,41
6,true,loadout,fire,sustain,spark|heal|vine|ember|nourish|inferno,sword,quick,swift|expose|strike|guard|cut|unity,balanced,balanced,2,1,1,6,0,56
6,true,loadout,fire,sustain,spark|heal|vine|ember|nourish|inferno,sword,heavy,swift|expose|strike|guard|return|unity,balanced,balanced,0,0,0,15,77,0
6,true,loadout,fire,sustain,spark|heal|vine|ember|nourish|inferno,sword,heavy,swift|expose|strike|guard|return|unity,balanced,balanced,0,1,1,5,0,116
6,true,loadout,fire,sustain,spark|heal|vine|ember|nourish|inferno,sword,heavy,swift|expose|strike|guard|return|unity,balanced,balanced,1,0,1,14,0,21
6,true,loadout,fire,sustain,spark|heal|vine|ember|nourish|inferno,sword,heavy,swift|expose|strike|guard|return|unity,balanced,balanced,1,1,1,5,0,116
6,true,loadout,fire,sustain,spark|heal|vine|ember|nourish|inferno,sword,heavy,swift|expose|strike|guard|return|unity,balanced,balanced,2,0,1,14,0,12
6,true,loadout,fire,sustain,spark|heal|vine|ember|nourish|inferno,sword,heavy,swift|expose|strike|guard|return|unity,balanced,balanced,2,1,1,5,0,116
6,true,loadout,fire,sustain,spark|blaze|vine|ember|nourish|inferno,sword,quick,swift|expose|strike|guard|cut|unity,balanced,balanced,0,0,0,8,80,0
6,true,loadout,fire,sustain,spark|blaze|vine|ember|nourish|inferno,sword,quick,swift|expose|strike|guard|cut|unity,balanced,balanced,0,1,1,5,0,50
6,true,loadout,fire,sustain,spark|blaze|vine|ember|nourish|inferno,sword,quick,swift|expose|strike|guard|cut|unity,balanced,balanced,1,0,0,8,138,0
6,true,loadout,fire,sustain,spark|blaze|vine|ember|nourish|inferno,sword,quick,swift|expose|strike|guard|cut|unity,balanced,balanced,1,1,0,5,70,0
6,true,loadout,fire,sustain,spark|blaze|vine|ember|nourish|inferno,sword,quick,swift|expose|strike|guard|cut|unity,balanced,balanced,2,0,0,7,140,0
6,true,loadout,fire,sustain,spark|blaze|vine|ember|nourish|inferno,sword,quick,swift|expose|strike|guard|cut|unity,balanced,balanced,2,1,1,5,0,68
6,true,loadout,fire,sustain,spark|blaze|vine|ember|nourish|inferno,sword,heavy,swift|expose|strike|guard|return|unity,balanced,balanced,0,0,0,8,84,0
6,true,loadout,fire,sustain,spark|blaze|vine|ember|nourish|inferno,sword,heavy,swift|expose|strike|guard|return|unity,balanced,balanced,0,1,1,4,0,88
6,true,loadout,fire,sustain,spark|blaze|vine|ember|nourish|inferno,sword,heavy,swift|expose|strike|guard|return|unity,balanced,balanced,1,0,0,8,63,0
6,true,loadout,fire,sustain,spark|blaze|vine|ember|nourish|inferno,sword,heavy,swift|expose|strike|guard|return|unity,balanced,balanced,1,1,1,5,0,26
6,true,loadout,fire,sustain,spark|blaze|vine|ember|nourish|inferno,sword,heavy,swift|expose|strike|guard|return|unity,balanced,balanced,2,0,1,6,0,42
6,true,loadout,fire,sustain,spark|blaze|vine|ember|nourish|inferno,sword,heavy,swift|expose|strike|guard|return|unity,balanced,balanced,2,1,1,6,0,6
6,true,loadout,fire,sustain,spark|blaze|heal|ember|nourish|inferno,sword,quick,swift|expose|strike|guard|cut|unity,balanced,balanced,0,0,0,10,113,0
6,true,loadout,fire,sustain,spark|blaze|heal|ember|nourish|inferno,sword,quick,swift|expose|strike|guard|cut|unity,balanced,balanced,0,1,1,5,0,50
6,true,loadout,fire,sustain,spark|blaze|heal|ember|nourish|inferno,sword,quick,swift|expose|strike|guard|cut|unity,balanced,balanced,1,0,0,10,210,0
6,true,loadout,fire,sustain,spark|blaze|heal|ember|nourish|inferno,sword,quick,swift|expose|strike|guard|cut|unity,balanced,balanced,1,1,0,6,30,0
6,true,loadout,fire,sustain,spark|blaze|heal|ember|nourish|inferno,sword,quick,swift|expose|strike|guard|cut|unity,balanced,balanced,2,0,0,8,194,0
6,true,loadout,fire,sustain,spark|blaze|heal|ember|nourish|inferno,sword,quick,swift|expose|strike|guard|cut|unity,balanced,balanced,2,1,1,5,0,68
6,true,loadout,fire,sustain,spark|blaze|heal|ember|nourish|inferno,sword,heavy,swift|expose|strike|guard|return|unity,balanced,balanced,0,0,0,9,65,0
6,true,loadout,fire,sustain,spark|blaze|heal|ember|nourish|inferno,sword,heavy,swift|expose|strike|guard|return|unity,balanced,balanced,0,1,1,4,0,88
6,true,loadout,fire,sustain,spark|blaze|heal|ember|nourish|inferno,sword,heavy,swift|expose|strike|guard|return|unity,balanced,balanced,1,0,0,9,65,0
6,true,loadout,fire,sustain,spark|blaze|heal|ember|nourish|inferno,sword,heavy,swift|expose|strike|guard|return|unity,balanced,balanced,1,1,1,5,0,60
6,true,loadout,fire,sustain,spark|blaze|heal|ember|nourish|inferno,sword,heavy,swift|expose|strike|guard|return|unity,balanced,balanced,2,0,0,10,11,0
6,true,loadout,fire,sustain,spark|blaze|heal|ember|nourish|inferno,sword,heavy,swift|expose|strike|guard|return|unity,balanced,balanced,2,1,1,6,0,40
6,true,loadout,fire,sustain,spark|blaze|heal|vine|nourish|inferno,sword,quick,swift|expose|strike|guard|cut|unity,balanced,balanced,0,0,0,10,113,0
6,true,loadout,fire,sustain,spark|blaze|heal|vine|nourish|inferno,sword,quick,swift|expose|strike|guard|cut|unity,balanced,balanced,0,1,1,5,0,50
6,true,loadout,fire,sustain,spark|blaze|heal|vine|nourish|inferno,sword,quick,swift|expose|strike|guard|cut|unity,balanced,balanced,1,0,0,10,210,0
6,true,loadout,fire,sustain,spark|blaze|heal|vine|nourish|inferno,sword,quick,swift|expose|strike|guard|cut|unity,balanced,balanced,1,1,0,6,5,0
6,true,loadout,fire,sustain,spark|blaze|heal|vine|nourish|inferno,sword,quick,swift|expose|strike|guard|cut|unity,balanced,balanced,2,0,0,7,154,0
6,true,loadout,fire,sustain,spark|blaze|heal|vine|nourish|inferno,sword,quick,swift|expose|strike|guard|cut|unity,balanced,balanced,2,1,1,5,0,68
6,true,loadout,fire,sustain,spark|blaze|heal|vine|nourish|inferno,sword,heavy,swift|expose|strike|guard|return|unity,balanced,balanced,0,0,0,9,65,0
6,true,loadout,fire,sustain,spark|blaze|heal|vine|nourish|inferno,sword,heavy,swift|expose|strike|guard|return|unity,balanced,balanced,0,1,1,4,0,88
6,true,loadout,fire,sustain,spark|blaze|heal|vine|nourish|inferno,sword,heavy,swift|expose|strike|guard|return|unity,balanced,balanced,1,0,0,9,65,0
6,true,loadout,fire,sustain,spark|blaze|heal|vine|nourish|inferno,sword,heavy,swift|expose|strike|guard|return|unity,balanced,balanced,1,1,1,5,0,60
6,true,loadout,fire,sustain,spark|blaze|heal|vine|nourish|inferno,sword,heavy,swift|expose|strike|guard|return|unity,balanced,balanced,2,0,0,9,27,0
6,true,loadout,fire,sustain,spark|blaze|heal|vine|nourish|inferno,sword,heavy,swift|expose|strike|guard|return|unity,balanced,balanced,2,1,1,6,0,40
6,true,loadout,fire,sustain,spark|blaze|heal|vine|ember|inferno,sword,quick,swift|expose|strike|guard|cut|unity,balanced,balanced,0,0,0,9,103,0
6,true,loadout,fire,sustain,spark|blaze|heal|vine|ember|inferno,sword,quick,swift|expose|strike|guard|cut|unity,balanced,balanced,0,1,1,4,0,78
6,true,loadout,fire,sustain,spark|blaze|heal|vine|ember|inferno,sword,quick,swift|expose|strike|guard|cut|unity,balanced,balanced,1,0,0,14,156,0
6,true,loadout,fire,sustain,spark|blaze|heal|vine|ember|inferno,sword,quick,swift|expose|strike|guard|cut|unity,balanced,balanced,1,1,1,6,0,5
6,true,loadout,fire,sustain,spark|blaze|heal|vine|ember|inferno,sword,quick,swift|expose|strike|guard|cut|unity,balanced,balanced,2,0,0,7,154,0
6,true,loadout,fire,sustain,spark|blaze|heal|vine|ember|inferno,sword,quick,swift|expose|strike|guard|cut|unity,balanced,balanced,2,1,1,4,0,112
6,true,loadout,fire,sustain,spark|blaze|heal|vine|ember|inferno,sword,heavy,swift|expose|strike|guard|return|unity,balanced,balanced,0,0,0,9,29,0
6,true,loadout,fire,sustain,spark|blaze|heal|vine|ember|inferno,sword,heavy,swift|expose|strike|guard|return|unity,balanced,balanced,0,1,1,4,0,96
6,true,loadout,fire,sustain,spark|blaze|heal|vine|ember|inferno,sword,heavy,swift|expose|strike|guard|return|unity,balanced,balanced,1,0,0,11,97,0
6,true,loadout,fire,sustain,spark|blaze|heal|vine|ember|inferno,sword,heavy,swift|expose|strike|guard|return|unity,balanced,balanced,1,1,1,4,0,96
6,true,loadout,fire,sustain,spark|blaze|heal|vine|ember|inferno,sword,heavy,swift|expose|strike|guard|return|unity,balanced,balanced,2,0,0,9,27,0
6,true,loadout,fire,sustain,spark|blaze|heal|vine|ember|inferno,sword,heavy,swift|expose|strike|guard|return|unity,balanced,balanced,2,1,0,6,75,0
6,true,loadout,fire,sustain,spark|blaze|heal|vine|ember|nourish,sword,quick,swift|expose|strike|guard|cut|unity,balanced,balanced,0,0,0,10,113,0
6,true,loadout,fire,sustain,spark|blaze|heal|vine|ember|nourish,sword,quick,swift|expose|strike|guard|cut|unity,balanced,balanced,0,1,1,5,0,26
6,true,loadout,fire,sustain,spark|blaze|heal|vine|ember|nourish,sword,quick,swift|expose|strike|guard|cut|unity,balanced,balanced,1,0,0,10,210,0
6,true,loadout,fire,sustain,spark|blaze|heal|vine|ember|nourish,sword,quick,swift|expose|strike|guard|cut|unity,balanced,balanced,1,1,0,7,54,0
6,true,loadout,fire,sustain,spark|blaze|heal|vine|ember|nourish,sword,quick,swift|expose|strike|guard|cut|unity,balanced,balanced,2,0,0,7,154,0
6,true,loadout,fire,sustain,spark|blaze|heal|vine|ember|nourish,sword,quick,swift|expose|strike|guard|cut|unity,balanced,balanced,2,1,1,5,0,26
6,true,loadout,fire,sustain,spark|blaze|heal|vine|ember|nourish,sword,heavy,swift|expose|strike|guard|return|unity,balanced,balanced,0,0,0,9,65,0
6,true,loadout,fire,sustain,spark|blaze|heal|vine|ember|nourish,sword,heavy,swift|expose|strike|guard|return|unity,balanced,balanced,0,1,1,4,0,88
6,true,loadout,fire,sustain,spark|blaze|heal|vine|ember|nourish,sword,heavy,swift|expose|strike|guard|return|unity,balanced,balanced,1,0,0,9,65,0
6,true,loadout,fire,sustain,spark|blaze|heal|vine|ember|nourish,sword,heavy,swift|expose|strike|guard|return|unity,balanced,balanced,1,1,1,5,0,60
6,true,loadout,fire,sustain,spark|blaze|heal|vine|ember|nourish,sword,heavy,swift|expose|strike|guard|return|unity,balanced,balanced,2,0,0,7,69,0
6,true,loadout,fire,sustain,spark|blaze|heal|vine|ember|nourish,sword,heavy,swift|expose|strike|guard|return|unity,balanced,balanced,2,1,1,5,0,26
6,true,loadout,fire,sustain,seed|heal|vine|ember|nourish|inferno,sword,quick,swift|expose|strike|guard|cut|unity,balanced,balanced,0,0,1,9,0,179
6,true,loadout,fire,sustain,seed|heal|vine|ember|nourish|inferno,sword,quick,swift|expose|strike|guard|cut|unity,balanced,balanced,0,1,1,4,0,152
6,true,loadout,fire,sustain,seed|heal|vine|ember|nourish|inferno,sword,quick,swift|expose|strike|guard|cut|unity,balanced,balanced,1,0,1,14,0,111
6,true,loadout,fire,sustain,seed|heal|vine|ember|nourish|inferno,sword,quick,swift|expose|strike|guard|cut|unity,balanced,balanced,1,1,1,4,0,204
6,true,loadout,fire,sustain,seed|heal|vine|ember|nourish|inferno,sword,quick,swift|expose|strike|guard|cut|unity,balanced,balanced,2,0,1,11,0,1
6,true,loadout,fire,sustain,seed|heal|vine|ember|nourish|inferno,sword,quick,swift|expose|strike|guard|cut|unity,balanced,balanced,2,1,1,5,0,156
6,true,loadout,fire,sustain,seed|heal|vine|ember|nourish|inferno,sword,heavy,swift|expose|strike|guard|return|unity,balanced,balanced,0,0,1,6,0,177
6,true,loadout,fire,sustain,seed|heal|vine|ember|nourish|inferno,sword,heavy,swift|expose|strike|guard|return|unity,balanced,balanced,0,1,1,4,0,152
6,true,loadout,fire,sustain,seed|heal|vine|ember|nourish|inferno,sword,heavy,swift|expose|strike|guard|return|unity,balanced,balanced,1,0,1,6,0,182
6,true,loadout,fire,sustain,seed|heal|vine|ember|nourish|inferno,sword,heavy,swift|expose|strike|guard|return|unity,balanced,balanced,1,1,1,6,0,174
6,true,loadout,fire,sustain,seed|heal|vine|ember|nourish|inferno,sword,heavy,swift|expose|strike|guard|return|unity,balanced,balanced,2,0,0,21,67,0
6,true,loadout,fire,sustain,seed|heal|vine|ember|nourish|inferno,sword,heavy,swift|expose|strike|guard|return|unity,balanced,balanced,2,1,1,6,0,156
6,true,loadout,fire,sustain,seed|blaze|vine|ember|nourish|inferno,sword,quick,swift|expose|strike|guard|cut|unity,balanced,balanced,0,0,1,10,0,10
6,true,loadout,fire,sustain,seed|blaze|vine|ember|nourish|inferno,sword,quick,swift|expose|strike|guard|cut|unity,balanced,balanced,0,1,1,6,0,80
6,true,loadout,fire,sustain,seed|blaze|vine|ember|nourish|inferno,sword,quick,swift|expose|strike|guard|cut|unity,balanced,balanced,1,0,1,8,0,65
6,true,loadout,fire,sustain,seed|blaze|vine|ember|nourish|inferno,sword,quick,swift|expose|strike|guard|cut|unity,balanced,balanced,1,1,0,7,139,0
6,true,loadout,fire,sustain,seed|blaze|vine|ember|nourish|inferno,sword,quick,swift|expose|strike|guard|cut|unity,balanced,balanced,2,0,0,7,96,0
6,true,loadout,fire,sustain,seed|blaze|vine|ember|nourish|inferno,sword,quick,swift|expose|strike|guard|cut|unity,balanced,balanced,2,1,1,6,0,108
6,true,loadout,fire,sustain,seed|blaze|vine|ember|nourish|inferno,sword,heavy,swift|expose|strike|guard|return|unity,balanced,balanced,0,0,0,8,152,0
6,true,loadout,fire,sustain,seed|blaze|vine|ember|nourish|inferno,sword,heavy,swift|expose|strike|guard|return|unity,balanced,balanced,0,1,1,5,0,122
6,true,loadout,fire,sustain,seed|blaze|vine|ember|nourish|inferno,sword,heavy,swift|expose|strike|guard|return|unity,balanced,balanced,1,0,0,8,135,0
6,true,loadout,fire,sustain,seed|blaze|vine|ember|nourish|inferno,sword,heavy,swift|expose|strike|guard|return|unity,balanced,balanced,1,1,0,6,140,0
6,true,loadout,fire,sustain,seed|blaze|vine|ember|nourish|inferno,sword,heavy,swift|expose|strike|guard|return|unity,balanced,balanced,2,0,0,9,84,0
6,true,loadout,fire,sustain,seed|blaze|vine|ember|nourish|inferno,sword,heavy,swift|expose|strike|guard|return|unity,balanced,balanced,2,1,0,8,97,0
6,true,loadout,fire,sustain,seed|blaze|heal|ember|nourish|inferno,sword,quick,swift|expose|strike|guard|cut|unity,balanced,balanced,0,0,1,7,0,54
6,true,loadout,fire,sustain,seed|blaze|heal|ember|nourish|inferno,sword,quick,swift|expose|strike|guard|cut|unity,balanced,balanced,0,1,1,5,0,124
6,true,loadout,fire,sustain,seed|blaze|heal|ember|nourish|inferno,sword,quick,swift|expose|strike|guard|cut|unity,balanced,balanced,1,0,1,10,0,112
6,true,loadout,fire,sustain,seed|blaze|heal|ember|nourish|inferno,sword,quick,swift|expose|strike|guard|cut|unity,balanced,balanced,1,1,0,6,49,0
6,true,loadout,fire,sustain,seed|blaze|heal|ember|nourish|inferno,sword,quick,swift|expose|strike|guard|cut|unity,balanced,balanced,2,0,0,8,77,0
6,true,loadout,fire,sustain,seed|blaze|heal|ember|nourish|inferno,sword,quick,swift|expose|strike|guard|cut|unity,balanced,balanced,2,1,1,6,0,108
6,true,loadout,fire,sustain,seed|blaze|heal|ember|nourish|inferno,sword,heavy,swift|expose|strike|guard|return|unity,balanced,balanced,0,0,1,6,0,73
6,true,loadout,fire,sustain,seed|blaze|heal|ember|nourish|inferno,sword,heavy,swift|expose|strike|guard|return|unity,balanced,balanced,0,1,1,5,0,122
6,true,loadout,fire,sustain,seed|blaze|heal|ember|nourish|inferno,sword,heavy,swift|expose|strike|guard|return|unity,balanced,balanced,1,0,0,11,66,0
6,true,loadout,fire,sustain,seed|blaze|heal|ember|nourish|inferno,sword,heavy,swift|expose|strike|guard|return|unity,balanced,balanced,1,1,1,8,0,10
6,true,loadout,fire,sustain,seed|blaze|heal|ember|nourish|inferno,sword,heavy,swift|expose|strike|guard|return|unity,balanced,balanced,2,0,0,11,11,0
6,true,loadout,fire,sustain,seed|blaze|heal|ember|nourish|inferno,sword,heavy,swift|expose|strike|guard|return|unity,balanced,balanced,2,1,0,9,22,0
6,true,loadout,fire,sustain,seed|blaze|heal|vine|nourish|inferno,sword,quick,swift|expose|strike|guard|cut|unity,balanced,balanced,0,0,0,9,9,0
6,true,loadout,fire,sustain,seed|blaze|heal|vine|nourish|inferno,sword,quick,swift|expose|strike|guard|cut|unity,balanced,balanced,0,1,1,4,0,120
6,true,loadout,fire,sustain,seed|blaze|heal|vine|nourish|inferno,sword,quick,swift|expose|strike|guard|cut|unity,balanced,balanced,1,0,1,10,0,112
6,true,loadout,fire,sustain,seed|blaze|heal|vine|nourish|inferno,sword,quick,swift|expose|strike|guard|cut|unity,balanced,balanced,1,1,0,9,81,0
6,true,loadout,fire,sustain,seed|blaze|heal|vine|nourish|inferno,sword,quick,swift|expose|strike|guard|cut|unity,balanced,balanced,2,0,0,7,88,0
6,true,loadout,fire,sustain,seed|blaze|heal|vine|nourish|inferno,sword,quick,swift|expose|strike|guard|cut|unity,balanced,balanced,2,1,0,7,51,0
6,true,loadout,fire,sustain,seed|blaze|heal|vine|nourish|inferno,sword,heavy,swift|expose|strike|guard|return|unity,balanced,balanced,0,0,1,6,0,73
6,true,loadout,fire,sustain,seed|blaze|heal|vine|nourish|inferno,sword,heavy,swift|expose|strike|guard|return|unity,balanced,balanced,0,1,0,7,84,0
6,true,loadout,fire,sustain,seed|blaze|heal|vine|nourish|inferno,sword,heavy,swift|expose|strike|guard|return|unity,balanced,balanced,1,0,0,10,36,0
6,true,loadout,fire,sustain,seed|blaze|heal|vine|nourish|inferno,sword,heavy,swift|expose|strike|guard|return|unity,balanced,balanced,1,1,0,8,148,0
6,true,loadout,fire,sustain,seed|blaze|heal|vine|nourish|inferno,sword,heavy,swift|expose|strike|guard|return|unity,balanced,balanced,2,0,0,8,74,0
6,true,loadout,fire,sustain,seed|blaze|heal|vine|nourish|inferno,sword,heavy,swift|expose|strike|guard|return|unity,balanced,balanced,2,1,1,5,0,134
6,true,loadout,fire,sustain,seed|blaze|heal|vine|ember|inferno,sword,quick,swift|expose|strike|guard|cut|unity,balanced,balanced,0,0,1,7,0,54
6,true,loadout,fire,sustain,seed|blaze|heal|vine|ember|inferno,sword,quick,swift|expose|strike|guard|cut|unity,balanced,balanced,0,1,1,5,0,75
6,true,loadout,fire,sustain,seed|blaze|heal|vine|ember|inferno,sword,quick,swift|expose|strike|guard|cut|unity,balanced,balanced,1,0,1,10,0,112
6,true,loadout,fire,sustain,seed|blaze|heal|vine|ember|inferno,sword,quick,swift|expose|strike|guard|cut|unity,balanced,balanced,1,1,1,6,0,11
6,true,loadout,fire,sustain,seed|blaze|heal|vine|ember|inferno,sword,quick,swift|expose|strike|guard|cut|unity,balanced,balanced,2,0,1,8,0,10
6,true,loadout,fire,sustain,seed|blaze|heal|vine|ember|inferno,sword,quick,swift|expose|strike|guard|cut|unity,balanced,balanced,2,1,1,7,0,66
6,true,loadout,fire,sustain,seed|blaze|heal|vine|ember|inferno,sword,heavy,swift|expose|strike|guard|return|unity,balanced,balanced,0,0,1,6,0,60
6,true,loadout,fire,sustain,seed|blaze|heal|vine|ember|inferno,sword,heavy,swift|expose|strike|guard|return|unity,balanced,balanced,0,1,1,4,0,130
6,true,loadout,fire,sustain,seed|blaze|heal|vine|ember|inferno,sword,heavy,swift|expose|strike|guard|return|unity,balanced,balanced,1,0,0,10,56,0
6,true,loadout,fire,sustain,seed|blaze|heal|vine|ember|inferno,sword,heavy,swift|expose|strike|guard|return|unity,balanced,balanced,1,1,1,7,0,39
6,true,loadout,fire,sustain,seed|blaze|heal|vine|ember|inferno,sword,heavy,swift|expose|strike|guard|return|unity,balanced,balanced,2,0,1,7,0,35
6,true,loadout,fire,sustain,seed|blaze|heal|vine|ember|inferno,sword,heavy,swift|expose|strike|guard|return|unity,balanced,balanced,2,1,1,8,0,15
6,true,loadout,fire,sustain,seed|blaze|heal|vine|ember|nourish,sword,quick,swift|expose|strike|guard|cut|unity,balanced,balanced,0,0,1,7,0,54
6,true,loadout,fire,sustain,seed|blaze|heal|vine|ember|nourish,sword,quick,swift|expose|strike|guard|cut|unity,balanced,balanced,0,1,1,5,0,62
6,true,loadout,fire,sustain,seed|blaze|heal|vine|ember|nourish,sword,quick,swift|expose|strike|guard|cut|unity,balanced,balanced,1,0,0,11,30,0
6,true,loadout,fire,sustain,seed|blaze|heal|vine|ember|nourish,sword,quick,swift|expose|strike|guard|cut|unity,balanced,balanced,1,1,0,7,73,0
6,true,loadout,fire,sustain,seed|blaze|heal|vine|ember|nourish,sword,quick,swift|expose|strike|guard|cut|unity,balanced,balanced,2,0,0,8,85,0
6,true,loadout,fire,sustain,seed|blaze|heal|vine|ember|nourish,sword,quick,swift|expose|strike|guard|cut|unity,balanced,balanced,2,1,0,7,13,0
6,true,loadout,fire,sustain,seed|blaze|heal|vine|ember|nourish,sword,heavy,swift|expose|strike|guard|return|unity,balanced,balanced,0,0,0,8,169,0
6,true,loadout,fire,sustain,seed|blaze|heal|vine|ember|nourish,sword,heavy,swift|expose|strike|guard|return|unity,balanced,balanced,0,1,1,5,0,84
6,true,loadout,fire,sustain,seed|blaze|heal|vine|ember|nourish,sword,heavy,swift|expose|strike|guard|return|unity,balanced,balanced,1,0,1,9,0,23
6,true,loadout,fire,sustain,seed|blaze|heal|vine|ember|nourish,sword,heavy,swift|expose|strike|guard|return|unity,balanced,balanced,1,1,0,8,165,0
6,true,loadout,fire,sustain,seed|blaze|heal|vine|ember|nourish,sword,heavy,swift|expose|strike|guard|return|unity,balanced,balanced,2,0,0,9,37,0
6,true,loadout,fire,sustain,seed|blaze|heal|vine|ember|nourish,sword,heavy,swift|expose|strike|guard|return|unity,balanced,balanced,2,1,0,10,124,0
6,true,loadout,fire,sustain,seed|spark|vine|ember|nourish|inferno,sword,quick,swift|expose|strike|guard|cut|unity,balanced,balanced,0,0,1,11,0,43
6,true,loadout,fire,sustain,seed|spark|vine|ember|nourish|inferno,sword,quick,swift|expose|strike|guard|cut|unity,balanced,balanced,0,1,1,4,0,143
6,true,loadout,fire,sustain,seed|spark|vine|ember|nourish|inferno,sword,quick,swift|expose|strike|guard|cut|unity,balanced,balanced,1,0,1,8,0,47
6,true,loadout,fire,sustain,seed|spark|vine|ember|nourish|inferno,sword,quick,swift|expose|strike|guard|cut|unity,balanced,balanced,1,1,1,4,0,131
6,true,loadout,fire,sustain,seed|spark|vine|ember|nourish|inferno,sword,quick,swift|expose|strike|guard|cut|unity,balanced,balanced,2,0,1,8,0,38
6,true,loadout,fire,sustain,seed|spark|vine|ember|nourish|inferno,sword,quick,swift|expose|strike|guard|cut|unity,balanced,balanced,2,1,1,4,0,131
6,true,loadout,fire,sustain,seed|spark|vine|ember|nourish|inferno,sword,heavy,swift|expose|strike|guard|return|unity,balanced,balanced,0,0,1,6,0,118
6,true,loadout,fire,sustain,seed|spark|vine|ember|nourish|inferno,sword,heavy,swift|expose|strike|guard|return|unity,balanced,balanced,0,1,1,5,0,116
6,true,loadout,fire,sustain,seed|spark|vine|ember|nourish|inferno,sword,heavy,swift|expose|strike|guard|return|unity,balanced,balanced,1,0,1,8,0,109
6,true,loadout,fire,sustain,seed|spark|vine|ember|nourish|inferno,sword,heavy,swift|expose|strike|guard|return|unity,balanced,balanced,1,1,1,5,0,116
6,true,loadout,fire,sustain,seed|spark|vine|ember|nourish|inferno,sword,heavy,swift|expose|strike|guard|return|unity,balanced,balanced,2,0,1,8,0,100
6,true,loadout,fire,sustain,seed|spark|vine|ember|nourish|inferno,sword,heavy,swift|expose|strike|guard|return|unity,balanced,balanced,2,1,1,5,0,116
6,true,loadout,fire,sustain,seed|spark|heal|ember|nourish|inferno,sword,quick,swift|expose|strike|guard|cut|unity,balanced,balanced,0,0,1,8,0,118
6,true,loadout,fire,sustain,seed|spark|heal|ember|nourish|inferno,sword,quick,swift|expose|strike|guard|cut|unity,balanced,balanced,0,1,1,5,0,98
6,true,loadout,fire,sustain,seed|spark|heal|ember|nourish|inferno,sword,quick,swift|expose|strike|guard|cut|unity,balanced,balanced,1,0,0,14,33,0
6,true,loadout,fire,sustain,seed|spark|heal|ember|nourish|inferno,sword,quick,swift|expose|strike|guard|cut|unity,balanced,balanced,1,1,1,5,0,85
6,true,loadout,fire,sustain,seed|spark|heal|ember|nourish|inferno,sword,quick,swift|expose|strike|guard|cut|unity,balanced,balanced,2,0,1,12,0,41
6,true,loadout,fire,sustain,seed|spark|heal|ember|nourish|inferno,sword,quick,swift|expose|strike|guard|cut|unity,balanced,balanced,2,1,1,6,0,56
6,true,loadout,fire,sustain,seed|spark|heal|ember|nourish|inferno,sword,heavy,swift|expose|strike|guard|return|unity,balanced,balanced,0,0,1,14,0,5
6,true,loadout,fire,sustain,seed|spark|heal|ember|nourish|inferno,sword,heavy,swift|expose|strike|guard|return|unity,balanced,balanced,0,1,1,5,0,116
6,true,loadout,fire,sustain,seed|spark|heal|ember|nourish|inferno,sword,heavy,swift|expose|strike|guard|return|unity,balanced,balanced,1,0,1,14,0,21
6,true,loadout,fire,sustain,seed|spark|heal|ember|nourish|inferno,sword,heavy,swift|expose|strike|guard|return|unity,balanced,balanced,1,1,1,5,0,116
6,true,loadout,fire,sustain,seed|spark|heal|ember|nourish|inferno,sword,heavy,swift|expose|strike|guard|return|unity,balanced,balanced,2,0,1,14,0,12
6,true,loadout,fire,sustain,seed|spark|heal|ember|nourish|inferno,sword,heavy,swift|expose|strike|guard|return|unity,balanced,balanced,2,1,1,5,0,116
6,true,loadout,fire,sustain,seed|spark|heal|vine|nourish|inferno,sword,quick,swift|expose|strike|guard|cut|unity,balanced,balanced,0,0,0,16,60,0
6,true,loadout,fire,sustain,seed|spark|heal|vine|nourish|inferno,sword,quick,swift|expose|strike|guard|cut|unity,balanced,balanced,0,1,1,5,0,98
6,true,loadout,fire,sustain,seed|spark|heal|vine|nourish|inferno,sword,quick,swift|expose|strike|guard|cut|unity,balanced,balanced,1,0,0,14,27,0
6,true,loadout,fire,sustain,seed|spark|heal|vine|nourish|inferno,sword,quick,swift|expose|strike|guard|cut|unity,balanced,balanced,1,1,1,5,0,85
6,true,loadout,fire,sustain,seed|spark|heal|vine|nourish|inferno,sword,quick,swift|expose|strike|guard|cut|unity,balanced,balanced,2,0,1,12,0,41
6,true,loadout,fire,sustain,seed|spark|heal|vine|nourish|inferno,sword,quick,swift|expose|strike|guard|cut|unity,balanced,balanced,2,1,1,6,0,56
6,true,loadout,fire,sustain,seed|spark|heal|vine|nourish|inferno,sword,heavy,swift|expose|strike|guard|return|unity,balanced,balanced,0,0,0,15,77,0
6,true,loadout,fire,sustain,seed|spark|heal|vine|nourish|inferno,sword,heavy,swift|expose|strike|guard|return|unity,balanced,balanced,0,1,1,5,0,116
6,true,loadout,fire,sustain,seed|spark|heal|vine|nourish|inferno,sword,heavy,swift|expose|strike|guard|return|unity,balanced,balanced,1,0,1,14,0,21
6,true,loadout,fire,sustain,seed|spark|heal|vine|nourish|inferno,sword,heavy,swift|expose|strike|guard|return|unity,balanced,balanced,1,1,1,5,0,116
6,true,loadout,fire,sustain,seed|spark|heal|vine|nourish|inferno,sword,heavy,swift|expose|strike|guard|return|unity,balanced,balanced,2,0,1,14,0,12
6,true,loadout,fire,sustain,seed|spark|heal|vine|nourish|inferno,sword,heavy,swift|expose|strike|guard|return|unity,balanced,balanced,2,1,1,5,0,116
6,true,loadout,fire,sustain,seed|spark|heal|vine|ember|inferno,sword,quick,swift|expose|strike|guard|cut|unity,balanced,balanced,0,0,1,13,0,45
6,true,loadout,fire,sustain,seed|spark|heal|vine|ember|inferno,sword,quick,swift|expose|strike|guard|cut|unity,balanced,balanced,0,1,1,4,0,143
6,true,loadout,fire,sustain,seed|spark|heal|vine|ember|inferno,sword,quick,swift|expose|strike|guard|cut|unity,balanced,balanced,1,0,1,14,0,38
6,true,loadout,fire,sustain,seed|spark|heal|vine|ember|inferno,sword,quick,swift|expose|strike|guard|cut|unity,balanced,balanced,1,1,1,4,0,131
6,true,loadout,fire,sustain,seed|spark|heal|vine|ember|inferno,sword,quick,swift|expose|strike|guard|cut|unity,balanced,balanced,2,0,1,12,0,45
6,true,loadout,fire,sustain,seed|spark|heal|vine|ember|inferno,sword,quick,swift|expose|strike|guard|cut|unity,balanced,balanced,2,1,1,4,0,131
6,true,loadout,fire,sustain,seed|spark|heal|vine|ember|inferno,sword,heavy,swift|expose|strike|guard|return|unity,balanced,balanced,0,0,1,8,0,117
6,true,loadout,fire,sustain,seed|spark|heal|vine|ember|inferno,sword,heavy,swift|expose|strike|guard|return|unity,balanced,balanced,0,1,1,5,0,153
6,true,loadout,fire,sustain,seed|spark|heal|vine|ember|inferno,sword,heavy,swift|expose|strike|guard|return|unity,balanced,balanced,1,0,1,13,0,57
6,true,loadout,fire,sustain,seed|spark|heal|vine|ember|inferno,sword,heavy,swift|expose|strike|guard|return|unity,balanced,balanced,1,1,1,7,0,100
6,true,loadout,fire,sustain,seed|spark|heal|vine|ember|inferno,sword,heavy,swift|expose|strike|guard|return|unity,balanced,balanced,2,0,1,13,0,48
6,true,loadout,fire,sustain,seed|spark|heal|vine|ember|inferno,sword,heavy,swift|expose|strike|guard|return|unity,balanced,balanced,2,1,1,5,0,116
6,true,loadout,fire,sustain,seed|spark|heal|vine|ember|nourish,sword,quick,swift|expose|strike|guard|cut|unity,balanced,balanced,0,0,0,18,180,0
6,true,loadout,fire,sustain,seed|spark|heal|vine|ember|nourish,sword,quick,swift|expose|strike|guard|cut|unity,balanced,balanced,0,1,1,5,0,98
6,true,loadout,fire,sustain,seed|spark|heal|vine|ember|nourish,sword,quick,swift|expose|strike|guard|cut|unity,balanced,balanced,1,0,0,14,33,0
6,true,loadout,fire,sustain,seed|spark|heal|vine|ember|nourish,sword,quick,swift|expose|strike|guard|cut|unity,balanced,balanced,1,1,1,5,0,77
6,true,loadout,fire,sustain,seed|spark|heal|vine|ember|nourish,sword,quick,swift|expose|strike|guard|cut|unity,balanced,balanced,2,0,0,13,19,0
6,true,loadout,fire,sustain,seed|spark|heal|vine|ember|nourish,sword,quick,swift|expose|strike|guard|cut|unity,balanced,balanced,2,1,1,6,0,49
6,true,loadout,fire,sustain,seed|spark|heal|vine|ember|nourish,sword,heavy,swift|expose|strike|guard|return|unity,balanced,balanced,0,0,0,14,74,0
6,true,loadout,fire,sustain,seed|spark|heal|vine|ember|nourish,sword,heavy,swift|expose|strike|guard|return|unity,balanced,balanced,0,1,1,5,0,116
6,true,loadout,fire,sustain,seed|spark|heal|vine|ember|nourish,sword,heavy,swift|expose|strike|guard|return|unity,balanced,balanced,1,0,0,14,82,0
6,true,loadout,fire,sustain,seed|spark|heal|vine|ember|nourish,sword,heavy,swift|expose|strike|guard|return|unity,balanced,balanced,1,1,1,5,0,116
6,true,loadout,fire,sustain,seed|spark|heal|vine|ember|nourish,sword,heavy,swift|expose|strike|guard|return|unity,balanced,balanced,2,0,0,14,82,0
6,true,loadout,fire,sustain,seed|spark|heal|vine|ember|nourish,sword,heavy,swift|expose|strike|guard|return|unity,balanced,balanced,2,1,1,5,0,116
6,true,loadout,fire,sustain,seed|spark|blaze|ember|nourish|inferno,sword,quick,swift|expose|strike|guard|cut|unity,balanced,balanced,0,0,0,7,94,0
6,true,loadout,fire,sustain,seed|spark|blaze|ember|nourish|inferno,sword,quick,swift|expose|strike|guard|cut|unity,balanced,balanced,0,1,1,6,0,48
6,true,loadout,fire,sustain,seed|spark|blaze|ember|nourish|inferno,sword,quick,swift|expose|strike|guard|cut|unity,balanced,balanced,1,0,0,8,144,0
6,true,loadout,fire,sustain,seed|spark|blaze|ember|nourish|inferno,sword,quick,swift|expose|strike|guard|cut|unity,balanced,balanced,1,1,0,9,164,0
6,true,loadout,fire,sustain,seed|spark|blaze|ember|nourish|inferno,sword,quick,swift|expose|strike|guard|cut|unity,balanced,balanced,2,0,0,6,162,0
6,true,loadout,fire,sustain,seed|spark|blaze|ember|nourish|inferno,sword,quick,swift|expose|strike|guard|cut|unity,balanced,balanced,2,1,1,6,0,47
6,true,loadout,fire,sustain,seed|spark|blaze|ember|nourish|inferno,sword,heavy,swift|expose|strike|guard|return|unity,balanced,balanced,0,0,0,7,112,0
6,true,loadout,fire,sustain,seed|spark|blaze|ember|nourish|inferno,sword,heavy,swift|expose|strike|guard|return|unity,balanced,balanced,0,1,1,7,0,8
6,true,loadout,fire,sustain,seed|spark|blaze|ember|nourish|inferno,sword,heavy,swift|expose|strike|guard|return|unity,balanced,balanced,1,0,0,8,31,0
6,true,loadout,fire,sustain,seed|spark|blaze|ember|nourish|inferno,sword,heavy,swift|expose|strike|guard|return|unity,balanced,balanced,1,1,1,8,0,6
6,true,loadout,fire,sustain,seed|spark|blaze|ember|nourish|inferno,sword,heavy,swift|expose|strike|guard|return|unity,balanced,balanced,2,0,1,6,0,20
6,true,loadout,fire,sustain,seed|spark|blaze|ember|nourish|inferno,sword,heavy,swift|expose|strike|guard|return|unity,balanced,balanced,2,1,1,8,0,6
6,true,loadout,fire,sustain,seed|spark|blaze|vine|nourish|inferno,sword,quick,swift|expose|strike|guard|cut|unity,balanced,balanced,0,0,0,7,94,0
6,true,loadout,fire,sustain,seed|spark|blaze|vine|nourish|inferno,sword,quick,swift|expose|strike|guard|cut|unity,balanced,balanced,0,1,1,6,0,48
6,true,loadout,fire,sustain,seed|spark|blaze|vine|nourish|inferno,sword,quick,swift|expose|strike|guard|cut|unity,balanced,balanced,1,0,0,8,144,0
6,true,loadout,fire,sustain,seed|spark|blaze|vine|nourish|inferno,sword,quick,swift|expose|strike|guard|cut|unity,balanced,balanced,1,1,0,8,113,0
6,true,loadout,fire,sustain,seed|spark|blaze|vine|nourish|inferno,sword,quick,swift|expose|strike|guard|cut|unity,balanced,balanced,2,0,0,5,190,0
6,true,loadout,fire,sustain,seed|spark|blaze|vine|nourish|inferno,sword,quick,swift|expose|strike|guard|cut|unity,balanced,balanced,2,1,0,9,162,0
6,true,loadout,fire,sustain,seed|spark|blaze|vine|nourish|inferno,sword,heavy,swift|expose|strike|guard|return|unity,balanced,balanced,0,0,0,7,112,0
6,true,loadout,fire,sustain,seed|spark|blaze|vine|nourish|inferno,sword,heavy,swift|expose|strike|guard|return|unity,balanced,balanced,0,1,0,7,109,0
6,true,loadout,fire,sustain,seed|spark|blaze|vine|nourish|inferno,sword,heavy,swift|expose|strike|guard|return|unity,balanced,balanced,1,0,0,8,31,0
6,true,loadout,fire,sustain,seed|spark|blaze|vine|nourish|inferno,sword,heavy,swift|expose|strike|guard|return|unity,balanced,balanced,1,1,0,10,157,0
6,true,loadout,fire,sustain,seed|spark|blaze|vine|nourish|inferno,sword,heavy,swift|expose|strike|guard|return|unity,balanced,balanced,2,0,1,6,0,20
6,true,loadout,fire,sustain,seed|spark|blaze|vine|nourish|inferno,sword,heavy,swift|expose|strike|guard|return|unity,balanced,balanced,2,1,0,7,80,0
6,true,loadout,fire,sustain,seed|spark|blaze|vine|ember|inferno,sword,quick,swift|expose|strike|guard|cut|unity,balanced,balanced,0,0,0,6,32,0
6,true,loadout,fire,sustain,seed|spark|blaze|vine|ember|inferno,sword,quick,swift|expose|strike|guard|cut|unity,balanced,balanced,0,1,0,4,14,0
6,true,loadout,fire,sustain,seed|spark|blaze|vine|ember|inferno,sword,quick,swift|expose|strike|guard|cut|unity,balanced,balanced,1,0,1,6,0,6
6,true,loadout,fire,sustain,seed|spark|blaze|vine|ember|inferno,sword,quick,swift|expose|strike|guard|cut|unity,balanced,balanced,1,1,0,6,30,0
6,true,loadout,fire,sustain,seed|spark|blaze|vine|ember|inferno,sword,quick,swift|expose|strike|guard|cut|unity,balanced,balanced,2,0,0,6,154,0
6,true,loadout,fire,sustain,seed|spark|blaze|vine|ember|inferno,sword,quick,swift|expose|strike|guard|cut|unity,balanced,balanced,2,1,0,6,62,0
6,true,loadout,fire,sustain,seed|spark|blaze|vine|ember|inferno,sword,heavy,swift|expose|strike|guard|return|unity,balanced,balanced,0,0,0,7,11,0
6,true,loadout,fire,sustain,seed|spark|blaze|vine|ember|inferno,sword,heavy,swift|expose|strike|guard|return|unity,balanced,balanced,0,1,1,4,0,68
6,true,loadout,fire,sustain,seed|spark|blaze|vine|ember|inferno,sword,heavy,swift|expose|strike|guard|return|unity,balanced,balanced,1,0,1,6,0,22
6,true,loadout,fire,sustain,seed|spark|blaze|vine|ember|inferno,sword,heavy,swift|expose|strike|guard|return|unity,balanced,balanced,1,1,1,7,0,18
6,true,loadout,fire,sustain,seed|spark|blaze|vine|ember|inferno,sword,heavy,swift|expose|strike|guard|return|unity,balanced,balanced,2,0,0,6,10,0
6,true,loadout,fire,sustain,seed|spark|blaze|vine|ember|inferno,sword,heavy,swift|expose|strike|guard|return|unity,balanced,balanced,2,1,0,6,49,0
6,true,loadout,fire,sustain,seed|spark|blaze|vine|ember|nourish,sword,quick,swift|expose|strike|guard|cut|unity,balanced,balanced,0,0,0,7,94,0
6,true,loadout,fire,sustain,seed|spark|blaze|vine|ember|nourish,sword,quick,swift|expose|strike|guard|cut|unity,balanced,balanced,0,1,0,7,62,0
6,true,loadout,fire,sustain,seed|spark|blaze|vine|ember|nourish,sword,quick,swift|expose|strike|guard|cut|unity,balanced,balanced,1,0,0,8,144,0
6,true,loadout,fire,sustain,seed|spark|blaze|vine|ember|nourish,sword,quick,swift|expose|strike|guard|cut|unity,balanced,balanced,1,1,0,8,113,0
6,true,loadout,fire,sustain,seed|spark|blaze|vine|ember|nourish,sword,quick,swift|expose|strike|guard|cut|unity,balanced,balanced,2,0,0,5,190,0
6,true,loadout,fire,sustain,seed|spark|blaze|vine|ember|nourish,sword,quick,swift|expose|strike|guard|cut|unity,balanced,balanced,2,1,0,10,156,0
6,true,loadout,fire,sustain,seed|spark|blaze|vine|ember|nourish,sword,heavy,swift|expose|strike|guard|return|unity,balanced,balanced,0,0,0,7,112,0
6,true,loadout,fire,sustain,seed|spark|blaze|vine|ember|nourish,sword,heavy,swift|expose|strike|guard|return|unity,balanced,balanced,0,1,1,7,0,15
6,true,loadout,fire,sustain,seed|spark|blaze|vine|ember|nourish,sword,heavy,swift|expose|strike|guard|return|unity,balanced,balanced,1,0,0,7,73,0
6,true,loadout,fire,sustain,seed|spark|blaze|vine|ember|nourish,sword,heavy,swift|expose|strike|guard|return|unity,balanced,balanced,1,1,0,10,157,0
6,true,loadout,fire,sustain,seed|spark|blaze|vine|ember|nourish,sword,heavy,swift|expose|strike|guard|return|unity,balanced,balanced,2,0,0,7,73,0
6,true,loadout,fire,sustain,seed|spark|blaze|vine|ember|nourish,sword,heavy,swift|expose|strike|guard|return|unity,balanced,balanced,2,1,1,7,0,22
6,true,loadout,fire,sustain,seed|spark|blaze|heal|nourish|inferno,sword,quick,swift|expose|strike|guard|cut|unity,balanced,balanced,0,0,1,8,0,26
6,true,loadout,fire,sustain,seed|spark|blaze|heal|nourish|inferno,sword,quick,swift|expose|strike|guard|cut|unity,balanced,balanced,0,1,1,5,0,50
6,true,loadout,fire,sustain,seed|spark|blaze|heal|nourish|inferno,sword,quick,swift|expose|strike|guard|cut|unity,balanced,balanced,1,0,0,9,98,0
6,true,loadout,fire,sustain,seed|spark|blaze|heal|nourish|inferno,sword,quick,swift|expose|strike|guard|cut|unity,balanced,balanced,1,1,0,9,207,0
6,true,loadout,fire,sustain,seed|spark|blaze|heal|nourish|inferno,sword,quick,swift|expose|strike|guard|cut|unity,balanced,balanced,2,0,1,8,0,2
6,true,loadout,fire,sustain,seed|spark|blaze|heal|nourish|inferno,sword,quick,swift|expose|strike|guard|cut|unity,balanced,balanced,2,1,1,7,0,53
6,true,loadout,fire,sustain,seed|spark|blaze|heal|nourish|inferno,sword,heavy,swift|expose|strike|guard|return|unity,balanced,balanced,0,0,0,8,72,0
6,true,loadout,fire,sustain,seed|spark|blaze|heal|nourish|inferno,sword,heavy,swift|expose|strike|guard|return|unity,balanced,balanced,0,1,1,5,0,81
6,true,loadout,fire,sustain,seed|spark|blaze|heal|nourish|inferno,sword,heavy,swift|expose|strike|guard|return|unity,balanced,balanced,1,0,0,8,33,0
6,true,loadout,fire,sustain,seed|spark|blaze|heal|nourish|inferno,sword,heavy,swift|expose|strike|guard|return|unity,balanced,balanced,1,1,0,8,3,0
6,true,loadout,fire,sustain,seed|spark|blaze|heal|nourish|inferno,sword,heavy,swift|expose|strike|guard|return|unity,balanced,balanced,2,0,0,9,133,0
6,true,loadout,fire,sustain,seed|spark|blaze|heal|nourish|inferno,sword,heavy,swift|expose|strike|guard|return|unity,balanced,balanced,2,1,1,7,0,60
6,true,loadout,fire,sustain,seed|spark|blaze|heal|ember|inferno,sword,quick,swift|expose|strike|guard|cut|unity,balanced,balanced,0,0,0,7,22,0
6,true,loadout,fire,sustain,seed|spark|blaze|heal|ember|inferno,sword,quick,swift|expose|strike|guard|cut|unity,balanced,balanced,0,1,0,4,14,0
6,true,loadout,fire,sustain,seed|spark|blaze|heal|ember|inferno,sword,quick,swift|expose|strike|guard|cut|unity,balanced,balanced,1,0,0,7,39,0
6,true,loadout,fire,sustain,seed|spark|blaze|heal|ember|inferno,sword,quick,swift|expose|strike|guard|cut|unity,balanced,balanced,1,1,1,6,0,57
6,true,loadout,fire,sustain,seed|spark|blaze|heal|ember|inferno,sword,quick,swift|expose|strike|guard|cut|unity,balanced,balanced,2,0,0,7,56,0
6,true,loadout,fire,sustain,seed|spark|blaze|heal|ember|inferno,sword,quick,swift|expose|strike|guard|cut|unity,balanced,balanced,2,1,1,6,0,47
6,true,loadout,fire,sustain,seed|spark|blaze|heal|ember|inferno,sword,heavy,swift|expose|strike|guard|return|unity,balanced,balanced,0,0,0,8,72,0
6,true,loadout,fire,sustain,seed|spark|blaze|heal|ember|inferno,sword,heavy,swift|expose|strike|guard|return|unity,balanced,balanced,0,1,1,4,0,68
6,true,loadout,fire,sustain,seed|spark|blaze|heal|ember|inferno,sword,heavy,swift|expose|strike|guard|return|unity,balanced,balanced,1,0,0,7,61,0
6,true,loadout,fire,sustain,seed|spark|blaze|heal|ember|inferno,sword,heavy,swift|expose|strike|guard|return|unity,balanced,balanced,1,1,0,9,141,0
6,true,loadout,fire,sustain,seed|spark|blaze|heal|ember|inferno,sword,heavy,swift|expose|strike|guard|return|unity,balanced,balanced,2,0,0,8,113,0
6,true,loadout,fire,sustain,seed|spark|blaze|heal|ember|inferno,sword,heavy,swift|expose|strike|guard|return|unity,balanced,balanced,2,1,0,7,2,0
6,true,loadout,fire,sustain,seed|spark|blaze|heal|ember|nourish,sword,quick,swift|expose|strike|guard|cut|unity,balanced,balanced,0,0,0,8,32,0
6,true,loadout,fire,sustain,seed|spark|blaze|heal|ember|nourish,sword,quick,swift|expose|strike|guard|cut|unity,balanced,balanced,0,1,1,5,0,26
6,true,loadout,fire,sustain,seed|spark|blaze|heal|ember|nourish,sword,quick,swift|expose|strike|guard|cut|unity,balanced,balanced,1,0,0,9,98,0
6,true,loadout,fire,sustain,seed|spark|blaze|heal|ember|nourish,sword,quick,swift|expose|strike|guard|cut|unity,balanced,balanced,1,1,0,9,207,0
6,true,loadout,fire,sustain,seed|spark|blaze|heal|ember|nourish,sword,quick,swift|expose|strike|guard|cut|unity,balanced,balanced,2,0,0,8,95,0
6,true,loadout,fire,sustain,seed|spark|blaze|heal|ember|nourish,sword,quick,swift|expose|strike|guard|cut|unity,balanced,balanced,2,1,0,7,49,0
6,true,loadout,fire,sustain,seed|spark|blaze|heal|ember|nourish,sword,heavy,swift|expose|strike|guard|return|unity,balanced,balanced,0,0,0,8,72,0
6,true,loadout,fire,sustain,seed|spark|blaze|heal|ember|nourish,sword,heavy,swift|expose|strike|guard|return|unity,balanced,balanced,0,1,1,5,0,57
6,true,loadout,fire,sustain,seed|spark|blaze|heal|ember|nourish,sword,heavy,swift|expose|strike|guard|return|unity,balanced,balanced,1,0,0,7,75,0
6,true,loadout,fire,sustain,seed|spark|blaze|heal|ember|nourish,sword,heavy,swift|expose|strike|guard|return|unity,balanced,balanced,1,1,0,11,210,0
6,true,loadout,fire,sustain,seed|spark|blaze|heal|ember|nourish,sword,heavy,swift|expose|strike|guard|return|unity,balanced,balanced,2,0,0,9,133,0
6,true,loadout,fire,sustain,seed|spark|blaze|heal|ember|nourish,sword,heavy,swift|expose|strike|guard|return|unity,balanced,balanced,2,1,0,8,155,0
6,true,loadout,fire,sustain,seed|spark|blaze|heal|vine|inferno,sword,quick,swift|expose|strike|guard|cut|unity,balanced,balanced,0,0,0,7,22,0
6,true,loadout,fire,sustain,seed|spark|blaze|heal|vine|inferno,sword,quick,swift|expose|strike|guard|cut|unity,balanced,balanced,0,1,0,4,14,0
6,true,loadout,fire,sustain,seed|spark|blaze|heal|vine|inferno,sword,quick,swift|expose|strike|guard|cut|unity,balanced,balanced,1,0,0,7,39,0
6,true,loadout,fire,sustain,seed|spark|blaze|heal|vine|inferno,sword,quick,swift|expose|strike|guard|cut|unity,balanced,balanced,1,1,0,9,95,0
6,true,loadout,fire,sustain,seed|spark|blaze|heal|vine|inferno,sword,quick,swift|expose|strike|guard|cut|unity,balanced,balanced,2,0,0,7,56,0
6,true,loadout,fire,sustain,seed|spark|blaze|heal|vine|inferno,sword,quick,swift|expose|strike|guard|cut|unity,balanced,balanced,2,1,0,8,162,0
6,true,loadout,fire,sustain,seed|spark|blaze|heal|vine|inferno,sword,heavy,swift|expose|strike|guard|return|unity,balanced,balanced,0,0,0,8,72,0
6,true,loadout,fire,sustain,seed|spark|blaze|heal|vine|inferno,sword,heavy,swift|expose|strike|guard|return|unity,balanced,balanced,0,1,1,4,0,68
6,true,loadout,fire,sustain,seed|spark|blaze|heal|vine|inferno,sword,heavy,swift|expose|strike|guard|return|unity,balanced,balanced,1,0,0,7,61,0
6,true,loadout,fire,sustain,seed|spark|blaze|heal|vine|inferno,sword,heavy,swift|expose|strike|guard|return|unity,balanced,balanced,1,1,0,7,14,0
6,true,loadout,fire,sustain,seed|spark|blaze|heal|vine|inferno,sword,heavy,swift|expose|strike|guard|return|unity,balanced,balanced,2,0,0,8,113,0
6,true,loadout,fire,sustain,seed|spark|blaze|heal|vine|inferno,sword,heavy,swift|expose|strike|guard|return|unity,balanced,balanced,2,1,0,7,80,0
6,true,loadout,fire,sustain,seed|spark|blaze|heal|vine|nourish,sword,quick,swift|expose|strike|guard|cut|unity,balanced,balanced,0,0,0,8,32,0
6,true,loadout,fire,sustain,seed|spark|blaze|heal|vine|nourish,sword,quick,swift|expose|strike|guard|cut|unity,balanced,balanced,0,1,1,5,0,26
6,true,loadout,fire,sustain,seed|spark|blaze|heal|vine|nourish,sword,quick,swift|expose|strike|guard|cut|unity,balanced,balanced,1,0,0,9,98,0
6,true,loadout,fire,sustain,seed|spark|blaze|heal|vine|nourish,sword,quick,swift|expose|strike|guard|cut|unity,balanced,balanced,1,1,0,7,189,0
6,true,loadout,fire,sustain,seed|spark|blaze|heal|vine|nourish,sword,quick,swift|expose|strike|guard|cut|unity,balanced,balanced,2,0,0,8,95,0
6,true,loadout,fire,sustain,seed|spark|blaze|heal|vine|nourish,sword,quick,swift|expose|strike|guard|cut|unity,balanced,balanced,2,1,0,9,197,0
6,true,loadout,fire,sustain,seed|spark|blaze|heal|vine|nourish,sword,heavy,swift|expose|strike|guard|return|unity,balanced,balanced,0,0,0,8,72,0
6,true,loadout,fire,sustain,seed|spark|blaze|heal|vine|nourish,sword,heavy,swift|expose|strike|guard|return|unity,balanced,balanced,0,1,1,5,0,57
6,true,loadout,fire,sustain,seed|spark|blaze|heal|vine|nourish,sword,heavy,swift|expose|strike|guard|return|unity,balanced,balanced,1,0,0,7,75,0
6,true,loadout,fire,sustain,seed|spark|blaze|heal|vine|nourish,sword,heavy,swift|expose|strike|guard|return|unity,balanced,balanced,1,1,0,10,157,0
6,true,loadout,fire,sustain,seed|spark|blaze|heal|vine|nourish,sword,heavy,swift|expose|strike|guard|return|unity,balanced,balanced,2,0,0,9,133,0
6,true,loadout,fire,sustain,seed|spark|blaze|heal|vine|nourish,sword,heavy,swift|expose|strike|guard|return|unity,balanced,balanced,2,1,0,9,69,0
6,true,loadout,fire,sustain,seed|spark|blaze|heal|vine|ember,sword,quick,swift|expose|strike|guard|cut|unity,balanced,balanced,0,0,0,7,22,0
6,true,loadout,fire,sustain,seed|spark|blaze|heal|vine|ember,sword,quick,swift|expose|strike|guard|cut|unity,balanced,balanced,0,1,0,4,14,0
6,true,loadout,fire,sustain,seed|spark|blaze|heal|vine|ember,sword,quick,swift|expose|strike|guard|cut|unity,balanced,balanced,1,0,0,7,39,0
6,true,loadout,fire,sustain,seed|spark|blaze|heal|vine|ember,sword,quick,swift|expose|strike|guard|cut|unity,balanced,balanced,1,1,0,7,178,0
6,true,loadout,fire,sustain,seed|spark|blaze|heal|vine|ember,sword,quick,swift|expose|strike|guard|cut|unity,balanced,balanced,2,0,0,7,56,0
6,true,loadout,fire,sustain,seed|spark|blaze|heal|vine|ember,sword,quick,swift|expose|strike|guard|cut|unity,balanced,balanced,2,1,0,9,197,0
6,true,loadout,fire,sustain,seed|spark|blaze|heal|vine|ember,sword,heavy,swift|expose|strike|guard|return|unity,balanced,balanced,0,0,0,8,72,0
6,true,loadout,fire,sustain,seed|spark|blaze|heal|vine|ember,sword,heavy,swift|expose|strike|guard|return|unity,balanced,balanced,0,1,1,4,0,68
6,true,loadout,fire,sustain,seed|spark|blaze|heal|vine|ember,sword,heavy,swift|expose|strike|guard|return|unity,balanced,balanced,1,0,0,7,61,0
6,true,loadout,fire,sustain,seed|spark|blaze|heal|vine|ember,sword,heavy,swift|expose|strike|guard|return|unity,balanced,balanced,1,1,0,7,14,0
6,true,loadout,fire,sustain,seed|spark|blaze|heal|vine|ember,sword,heavy,swift|expose|strike|guard|return|unity,balanced,balanced,2,0,0,8,113,0
6,true,loadout,fire,sustain,seed|spark|blaze|heal|vine|ember,sword,heavy,swift|expose|strike|guard|return|unity,balanced,balanced,2,1,0,6,63,0
6,true,loadout,sword,quick,strike|guard|cut|lunge|return|unity,fire,sustain,seed|spark|blaze|heal|nourish|vine,balanced,balanced,0,0,1,10,0,158
6,true,loadout,sword,quick,strike|guard|cut|lunge|return|unity,fire,sustain,seed|spark|blaze|heal|nourish|vine,balanced,balanced,0,1,1,11,0,210
6,true,loadout,sword,quick,strike|guard|cut|lunge|return|unity,fire,sustain,seed|spark|blaze|heal|nourish|vine,balanced,balanced,1,0,1,11,0,129
6,true,loadout,sword,quick,strike|guard|cut|lunge|return|unity,fire,sustain,seed|spark|blaze|heal|nourish|vine,balanced,balanced,1,1,1,12,0,190
6,true,loadout,sword,quick,strike|guard|cut|lunge|return|unity,fire,sustain,seed|spark|blaze|heal|nourish|vine,balanced,balanced,2,0,1,9,0,105
6,true,loadout,sword,quick,strike|guard|cut|lunge|return|unity,fire,sustain,seed|spark|blaze|heal|nourish|vine,balanced,balanced,2,1,1,8,0,210
6,true,loadout,sword,quick,expose|guard|cut|lunge|return|unity,fire,sustain,seed|spark|blaze|heal|nourish|vine,balanced,balanced,0,0,1,7,0,88
6,true,loadout,sword,quick,expose|guard|cut|lunge|return|unity,fire,sustain,seed|spark|blaze|heal|nourish|vine,balanced,balanced,0,1,1,11,0,210
6,true,loadout,sword,quick,expose|guard|cut|lunge|return|unity,fire,sustain,seed|spark|blaze|heal|nourish|vine,balanced,balanced,1,0,1,10,0,170
6,true,loadout,sword,quick,expose|guard|cut|lunge|return|unity,fire,sustain,seed|spark|blaze|heal|nourish|vine,balanced,balanced,1,1,1,11,0,210
6,true,loadout,sword,quick,expose|guard|cut|lunge|return|unity,fire,sustain,seed|spark|blaze|heal|nourish|vine,balanced,balanced,2,0,1,9,0,162
6,true,loadout,sword,quick,expose|guard|cut|lunge|return|unity,fire,sustain,seed|spark|blaze|heal|nourish|vine,balanced,balanced,2,1,1,7,0,203
6,true,loadout,sword,quick,expose|strike|cut|lunge|return|unity,fire,sustain,seed|spark|blaze|heal|nourish|vine,balanced,balanced,0,0,1,6,0,34
6,true,loadout,sword,quick,expose|strike|cut|lunge|return|unity,fire,sustain,seed|spark|blaze|heal|nourish|vine,balanced,balanced,0,1,1,6,0,109
6,true,loadout,sword,quick,expose|strike|cut|lunge|return|unity,fire,sustain,seed|spark|blaze|heal|nourish|vine,balanced,balanced,1,0,1,5,0,103
6,true,loadout,sword,quick,expose|strike|cut|lunge|return|unity,fire,sustain,seed|spark|blaze|heal|nourish|vine,balanced,balanced,1,1,1,10,0,135
6,true,loadout,sword,quick,expose|strike|cut|lunge|return|unity,fire,sustain,seed|spark|blaze|heal|nourish|vine,balanced,balanced,2,0,1,5,0,77
6,true,loadout,sword,quick,expose|strike|cut|lunge|return|unity,fire,sustain,seed|spark|blaze|heal|nourish|vine,balanced,balanced,2,1,1,7,0,112
6,true,loadout,sword,quick,expose|strike|guard|lunge|return|unity,fire,sustain,seed|spark|blaze|heal|nourish|vine,balanced,balanced,0,0,1,9,0,90
6,true,loadout,sword,quick,expose|strike|guard|lunge|return|unity,fire,sustain,seed|spark|blaze|heal|nourish|vine,balanced,balanced,0,1,1,10,0,141
6,true,loadout,sword,quick,expose|strike|guard|lunge|return|unity,fire,sustain,seed|spark|blaze|heal|nourish|vine,balanced,balanced,1,0,1,10,0,166
6,true,loadout,sword,quick,expose|strike|guard|lunge|return|unity,fire,sustain,seed|spark|blaze|heal|nourish|vine,balanced,balanced,1,1,1,7,0,67
6,true,loadout,sword,quick,expose|strike|guard|lunge|return|unity,fire,sustain,seed|spark|blaze|heal|nourish|vine,balanced,balanced,2,0,1,10,0,200
6,true,loadout,sword,quick,expose|strike|guard|lunge|return|unity,fire,sustain,seed|spark|blaze|heal|nourish|vine,balanced,balanced,2,1,1,7,0,113
6,true,loadout,sword,quick,expose|strike|guard|cut|return|unity,fire,sustain,seed|spark|blaze|heal|nourish|vine,balanced,balanced,0,0,1,8,0,71
6,true,loadout,sword,quick,expose|strike|guard|cut|return|unity,fire,sustain,seed|spark|blaze|heal|nourish|vine,balanced,balanced,0,1,1,10,0,141
6,true,loadout,sword,quick,expose|strike|guard|cut|return|unity,fire,sustain,seed|spark|blaze|heal|nourish|vine,balanced,balanced,1,0,1,10,0,166
6,true,loadout,sword,quick,expose|strike|guard|cut|return|unity,fire,sustain,seed|spark|blaze|heal|nourish|vine,balanced,balanced,1,1,1,7,0,67
6,true,loadout,sword,quick,expose|strike|guard|cut|return|unity,fire,sustain,seed|spark|blaze|heal|nourish|vine,balanced,balanced,2,0,1,10,0,200
6,true,loadout,sword,quick,expose|strike|guard|cut|return|unity,fire,sustain,seed|spark|blaze|heal|nourish|vine,balanced,balanced,2,1,1,7,0,113
6,true,loadout,sword,quick,expose|strike|guard|cut|lunge|unity,fire,sustain,seed|spark|blaze|heal|nourish|vine,balanced,balanced,0,0,1,9,0,91
6,true,loadout,sword,quick,expose|strike|guard|cut|lunge|unity,fire,sustain,seed|spark|blaze|heal|nourish|vine,balanced,balanced,0,1,1,10,0,115
6,true,loadout,sword,quick,expose|strike|guard|cut|lunge|unity,fire,sustain,seed|spark|blaze|heal|nourish|vine,balanced,balanced,1,0,1,10,0,166
6,true,loadout,sword,quick,expose|strike|guard|cut|lunge|unity,fire,sustain,seed|spark|blaze|heal|nourish|vine,balanced,balanced,1,1,1,8,0,105
6,true,loadout,sword,quick,expose|strike|guard|cut|lunge|unity,fire,sustain,seed|spark|blaze|heal|nourish|vine,balanced,balanced,2,0,1,10,0,200
6,true,loadout,sword,quick,expose|strike|guard|cut|lunge|unity,fire,sustain,seed|spark|blaze|heal|nourish|vine,balanced,balanced,2,1,1,8,0,176
6,true,loadout,sword,quick,expose|strike|guard|cut|lunge|return,fire,sustain,seed|spark|blaze|heal|nourish|vine,balanced,balanced,0,0,1,11,0,164
6,true,loadout,sword,quick,expose|strike|guard|cut|lunge|return,fire,sustain,seed|spark|blaze|heal|nourish|vine,balanced,balanced,0,1,1,10,0,141
6,true,loadout,sword,quick,expose|strike|guard|cut|lunge|return,fire,sustain,seed|spark|blaze|heal|nourish|vine,balanced,balanced,1,0,1,9,0,105
6,true,loadout,sword,quick,expose|strike|guard|cut|lunge|return,fire,sustain,seed|spark|blaze|heal|nourish|vine,balanced,balanced,1,1,1,9,0,138
6,true,loadout,sword,quick,expose|strike|guard|cut|lunge|return,fire,sustain,seed|spark|blaze|heal|nourish|vine,balanced,balanced,2,0,1,11,0,142
6,true,loadout,sword,quick,expose|strike|guard|cut|lunge|return,fire,sustain,seed|spark|blaze|heal|nourish|vine,balanced,balanced,2,1,1,8,0,132
6,true,loadout,sword,quick,swift|guard|cut|lunge|return|unity,fire,sustain,seed|spark|blaze|heal|nourish|vine,balanced,balanced,0,0,1,6,0,133
6,true,loadout,sword,quick,swift|guard|cut|lunge|return|unity,fire,sustain,seed|spark|blaze|heal|nourish|vine,balanced,balanced,0,1,1,7,0,88
6,true,loadout,sword,quick,swift|guard|cut|lunge|return|unity,fire,sustain,seed|spark|blaze|heal|nourish|vine,balanced,balanced,1,0,1,8,0,141
6,true,loadout,sword,quick,swift|guard|cut|lunge|return|unity,fire,sustain,seed|spark|blaze|heal|nourish|vine,balanced,balanced,1,1,1,7,0,172
6,true,loadout,sword,quick,swift|guard|cut|lunge|return|unity,fire,sustain,seed|spark|blaze|heal|nourish|vine,balanced,balanced,2,0,1,8,0,132
6,true,loadout,sword,quick,swift|guard|cut|lunge|return|unity,fire,sustain,seed|spark|blaze|heal|nourish|vine,balanced,balanced,2,1,1,7,0,172
6,true,loadout,sword,quick,swift|strike|cut|lunge|return|unity,fire,sustain,seed|spark|blaze|heal|nourish|vine,balanced,balanced,0,0,1,5,0,24
6,true,loadout,sword,quick,swift|strike|cut|lunge|return|unity,fire,sustain,seed|spark|blaze|heal|nourish|vine,balanced,balanced,0,1,1,8,0,88
6,true,loadout,sword,quick,swift|strike|cut|lunge|return|unity,fire,sustain,seed|spark|blaze|heal|nourish|vine,balanced,balanced,1,0,1,6,0,28
6,true,loadout,sword,quick,swift|strike|cut|lunge|return|unity,fire,sustain,seed|spark|blaze|heal|nourish|vine,balanced,balanced,1,1,1,8,0,71
6,true,loadout,sword,quick,swift|strike|cut|lunge|return|unity,fire,sustain,seed|spark|blaze|heal|nourish|vine,balanced,balanced,2,0,1,6,0,6
6,true,loadout,sword,quick,swift|strike|cut|lunge|return|unity,fire,sustain,seed|spark|blaze|heal|nourish|vine,balanced,balanced,2,1,1,8,0,102
6,true,loadout,sword,quick,swift|strike|guard|lunge|return|unity,fire,sustain,seed|spark|blaze|heal|nourish|vine,balanced,balanced,0,0,1,6,0,127
6,true,loadout,sword,quick,swift|strike|guard|lunge|return|unity,fire,sustain,seed|spark|blaze|heal|nourish|vine,balanced,balanced,0,1,1,8,0,88
6,true,loadout,sword,quick,swift|strike|guard|lunge|return|unity,fire,sustain,seed|spark|blaze|heal|nourish|vine,balanced,balanced,1,0,1,9,0,152
6,true,loadout,sword,quick,swift|strike|guard|lunge|return|unity,fire,sustain,seed|spark|blaze|heal|nourish|vine,balanced,balanced,1,1,1,8,0,71
6,true,loadout,sword,quick,swift|strike|guard|lunge|return|unity,fire,sustain,seed|spark|blaze|heal|nourish|vine,balanced,balanced,2,0,1,8,0,72
6,true,loadout,sword,quick,swift|strike|guard|lunge|return|unity,fire,sustain,seed|spark|blaze|heal|nourish|vine,balanced,balanced,2,1,1,8,0,102
6,true,loadout,sword,quick,swift|strike|guard|cut|return|unity,fire,sustain,seed|spark|blaze|heal|nourish|vine,balanced,balanced,0,0,1,6,0,45
6,true,loadout,sword,quick,swift|strike|guard|cut|return|unity,fire,sustain,seed|spark|blaze|heal|nourish|vine,balanced,balanced,0,1,1,7,0,89
6,true,loadout,sword,quick,swift|strike|guard|cut|return|unity,fire,sustain,seed|spark|blaze|heal|nourish|vine,balanced,balanced,1,0,1,9,0,152
6,true,loadout,sword,quick,swift|strike|guard|cut|return|unity,fire,sustain,seed|spark|blaze|heal|nourish|vine,balanced,balanced,1,1,1,8,0,71
6,true,loadout,sword,quick,swift|strike|guard|cut|return|unity,fire,sustain,seed|spark|blaze|heal|nourish|vine,balanced,balanced,2,0,1,8,0,72
6,true,loadout,sword,quick,swift|strike|guard|cut|return|unity,fire,sustain,seed|spark|blaze|heal|nourish|vine,balanced,balanced,2,1,1,8,0,102
6,true,loadout,sword,quick,swift|strike|guard|cut|lunge|unity,fire,sustain,seed|spark|blaze|heal|nourish|vine,balanced,balanced,0,0,1,6,0,127
6,true,loadout,sword,quick,swift|strike|guard|cut|lunge|unity,fire,sustain,seed|spark|blaze|heal|nourish|vine,balanced,balanced,0,1,1,8,0,88
6,true,loadout,sword,quick,swift|strike|guard|cut|lunge|unity,fire,sustain,seed|spark|blaze|heal|nourish|vine,balanced,balanced,1,0,1,9,0,152
6,true,loadout,sword,quick,swift|strike|guard|cut|lunge|unity,fire,sustain,seed|spark|blaze|heal|nourish|vine,balanced,balanced,1,1,1,8,0,71
6,true,loadout,sword,quick,swift|strike|guard|cut|lunge|unity,fire,sustain,seed|spark|blaze|heal|nourish|vine,balanced,balanced,2,0,1,8,0,72
6,true,loadout,sword,quick,swift|strike|guard|cut|lunge|unity,fire,sustain,seed|spark|blaze|heal|nourish|vine,balanced,balanced,2,1,1,8,0,102
6,true,loadout,sword,quick,swift|strike|guard|cut|lunge|return,fire,sustain,seed|spark|blaze|heal|nourish|vine,balanced,balanced,0,0,1,10,0,168
6,true,loadout,sword,quick,swift|strike|guard|cut|lunge|return,fire,sustain,seed|spark|blaze|heal|nourish|vine,balanced,balanced,0,1,1,8,0,88
6,true,loadout,sword,quick,swift|strike|guard|cut|lunge|return,fire,sustain,seed|spark|blaze|heal|nourish|vine,balanced,balanced,1,0,1,11,0,114
6,true,loadout,sword,quick,swift|strike|guard|cut|lunge|return,fire,sustain,seed|spark|blaze|heal|nourish|vine,balanced,balanced,1,1,1,8,0,71
6,true,loadout,sword,quick,swift|strike|guard|cut|lunge|return,fire,sustain,seed|spark|blaze|heal|nourish|vine,balanced,balanced,2,0,1,11,0,130
6,true,loadout,sword,quick,swift|strike|guard|cut|lunge|return,fire,sustain,seed|spark|blaze|heal|nourish|vine,balanced,balanced,2,1,1,8,0,102
6,true,loadout,sword,quick,swift|expose|cut|lunge|return|unity,fire,sustain,seed|spark|blaze|heal|nourish|vine,balanced,balanced,0,0,1,5,0,117
6,true,loadout,sword,quick,swift|expose|cut|lunge|return|unity,fire,sustain,seed|spark|blaze|heal|nourish|vine,balanced,balanced,0,1,1,7,0,88
6,true,loadout,sword,quick,swift|expose|cut|lunge|return|unity,fire,sustain,seed|spark|blaze|heal|nourish|vine,balanced,balanced,1,0,1,5,0,97
6,true,loadout,sword,quick,swift|expose|cut|lunge|return|unity,fire,sustain,seed|spark|blaze|heal|nourish|vine,balanced,balanced,1,1,1,7,0,172
6,true,loadout,sword,quick,swift|expose|cut|lunge|return|unity,fire,sustain,seed|spark|blaze|heal|nourish|vine,balanced,balanced,2,0,1,5,0,96
6,true,loadout,sword,quick,swift|expose|cut|lunge|return|unity,fire,sustain,seed|spark|blaze|heal|nourish|vine,balanced,balanced,2,1,1,7,0,172
6,true,loadout,sword,quick,swift|expose|guard|lunge|return|unity,fire,sustain,seed|spark|blaze|heal|nourish|vine,balanced,balanced,0,0,1,5,0,117
6,true,loadout,sword,quick,swift|expose|guard|lunge|return|unity,fire,sustain,seed|spark|blaze|heal|nourish|vine,balanced,balanced,0,1,1,7,0,88
6,true,loadout,sword,quick,swift|expose|guard|lunge|return|unity,fire,sustain,seed|spark|blaze|heal|nourish|vine,balanced,balanced,1,0,1,6,0,67
6,true,loadout,sword,quick,swift|expose|guard|lunge|return|unity,fire,sustain,seed|spark|blaze|heal|nourish|vine,balanced,balanced,1,1,1,7,0,172
6,true,loadout,sword,quick,swift|expose|guard|lunge|return|unity,fire,sustain,seed|spark|blaze|heal|nourish|vine,balanced,balanced,2,0,1,7,0,158
6,true,loadout,sword,quick,swift|expose|guard|lunge|return|unity,fire,sustain,seed|spark|blaze|heal|nourish|vine,balanced,balanced,2,1,1,7,0,172
6,true,loadout,sword,quick,swift|expose|guard|cut|return|unity,fire,sustain,seed|spark|blaze|heal|nourish|vine,balanced,balanced,0,0,1,5,0,131
6,true,loadout,sword,quick,swift|expose|guard|cut|return|unity,fire,sustain,seed|spark|blaze|heal|nourish|vine,balanced,balanced,0,1,1,7,0,172
6,true,loadout,sword,quick,swift|expose|guard|cut|return|unity,fire,sustain,seed|spark|blaze|heal|nourish|vine,balanced,balanced,1,0,1,6,0,67
6,true,loadout,sword,quick,swift|expose|guard|cut|return|unity,fire,sustain,seed|spark|blaze|heal|nourish|vine,balanced,balanced,1,1,1,7,0,172
6,true,loadout,sword,quick,swift|expose|guard|cut|return|unity,fire,sustain,seed|spark|blaze|heal|nourish|vine,balanced,balanced,2,0,1,7,0,158
6,true,loadout,sword,quick,swift|expose|guard|cut|return|unity,fire,sustain,seed|spark|blaze|heal|nourish|vine,balanced,balanced,2,1,1,7,0,172
6,true,loadout,sword,quick,swift|expose|guard|cut|lunge|unity,fire,sustain,seed|spark|blaze|heal|nourish|vine,balanced,balanced,0,0,1,5,0,117
6,true,loadout,sword,quick,swift|expose|guard|cut|lunge|unity,fire,sustain,seed|spark|blaze|heal|nourish|vine,balanced,balanced,0,1,1,7,0,88
6,true,loadout,sword,quick,swift|expose|guard|cut|lunge|unity,fire,sustain,seed|spark|blaze|heal|nourish|vine,balanced,balanced,1,0,1,6,0,75
6,true,loadout,sword,quick,swift|expose|guard|cut|lunge|unity,fire,sustain,seed|spark|blaze|heal|nourish|vine,balanced,balanced,1,1,1,7,0,172
6,true,loadout,sword,quick,swift|expose|guard|cut|lunge|unity,fire,sustain,seed|spark|blaze|heal|nourish|vine,balanced,balanced,2,0,1,7,0,158
6,true,loadout,sword,quick,swift|expose|guard|cut|lunge|unity,fire,sustain,seed|spark|blaze|heal|nourish|vine,balanced,balanced,2,1,1,7,0,172
6,true,loadout,sword,quick,swift|expose|guard|cut|lunge|return,fire,sustain,seed|spark|blaze|heal|nourish|vine,balanced,balanced,0,0,1,10,0,176
6,true,loadout,sword,quick,swift|expose|guard|cut|lunge|return,fire,sustain,seed|spark|blaze|heal|nourish|vine,balanced,balanced,0,1,1,7,0,88
6,true,loadout,sword,quick,swift|expose|guard|cut|lunge|return,fire,sustain,seed|spark|blaze|heal|nourish|vine,balanced,balanced,1,0,1,14,0,176
6,true,loadout,sword,quick,swift|expose|guard|cut|lunge|return,fire,sustain,seed|spark|blaze|heal|nourish|vine,balanced,balanced,1,1,1,7,0,172
6,true,loadout,sword,quick,swift|expose|guard|cut|lunge|return,fire,sustain,seed|spark|blaze|heal|nourish|vine,balanced,balanced,2,0,1,14,0,170
6,true,loadout,sword,quick,swift|expose|guard|cut|lunge|return,fire,sustain,seed|spark|blaze|heal|nourish|vine,balanced,balanced,2,1,1,7,0,172
6,true,loadout,sword,quick,swift|expose|strike|lunge|return|unity,fire,sustain,seed|spark|blaze|heal|nourish|vine,balanced,balanced,0,0,1,5,0,117
6,true,loadout,sword,quick,swift|expose|strike|lunge|return|unity,fire,sustain,seed|spark|blaze|heal|nourish|vine,balanced,balanced,0,1,1,8,0,63
6,true,loadout,sword,quick,swift|expose|strike|lunge|return|unity,fire,sustain,seed|spark|blaze|heal|nourish|vine,balanced,balanced,1,0,1,5,0,38
6,true,loadout,sword,quick,swift|expose|strike|lunge|return|unity,fire,sustain,seed|spark|blaze|heal|nourish|vine,balanced,balanced,1,1,1,9,0,98
6,true,loadout,sword,quick,swift|expose|strike|lunge|return|unity,fire,sustain,seed|spark|blaze|heal|nourish|vine,balanced,balanced,2,0,0,5,26,0
6,true,loadout,sword,quick,swift|expose|strike|lunge|return|unity,fire,sustain,seed|spark|blaze|heal|nourish|vine,balanced,balanced,2,1,1,8,0,95
6,true,loadout,sword,quick,swift|expose|strike|cut|return|unity,fire,sustain,seed|spark|blaze|heal|nourish|vine,balanced,balanced,0,0,0,5,26,0
6,true,loadout,sword,quick,swift|expose|strike|cut|return|unity,fire,sustain,seed|spark|blaze|heal|nourish|vine,balanced,balanced,0,1,1,8,0,32
6,true,loadout,sword,quick,swift|expose|strike|cut|return|unity,fire,sustain,seed|spark|blaze|heal|nourish|vine,balanced,balanced,1,0,1,5,0,38
6,true,loadout,sword,quick,swift|expose|strike|cut|return|unity,fire,sustain,seed|spark|blaze|heal|nourish|vine,balanced,balanced,1,1,1,9,0,98
6,true,loadout,sword,quick,swift|expose|strike|cut|return|unity,fire,sustain,seed|spark|blaze|heal|nourish|vine,balanced,balanced,2,0,0,5,26,0
6,true,loadout,sword,quick,swift|expose|strike|cut|return|unity,fire,sustain,seed|spark|blaze|heal|nourish|vine,balanced,balanced,2,1,1,8,0,95
6,true,loadout,sword,quick,swift|expose|strike|cut|lunge|unity,fire,sustain,seed|spark|blaze|heal|nourish|vine,balanced,balanced,0,0,1,5,0,117
6,true,loadout,sword,quick,swift|expose|strike|cut|lunge|unity,fire,sustain,seed|spark|blaze|heal|nourish|vine,balanced,balanced,0,1,1,8,0,63
6,true,loadout,sword,quick,swift|expose|strike|cut|lunge|unity,fire,sustain,seed|spark|blaze|heal|nourish|vine,balanced,balanced,1,0,1,5,0,38
6,true,loadout,sword,quick,swift|expose|strike|cut|lunge|unity,fire,sustain,seed|spark|blaze|heal|nourish|vine,balanced,balanced,1,1,1,9,0,98
6,true,loadout,sword,quick,swift|expose|strike|cut|lunge|unity,fire,sustain,seed|spark|blaze|heal|nourish|vine,balanced,balanced,2,0,0,5,26,0
6,true,loadout,sword,quick,swift|expose|strike|cut|lunge|unity,fire,sustain,seed|spark|blaze|heal|nourish|vine,balanced,balanced,2,1,1,8,0,95
6,true,loadout,sword,quick,swift|expose|strike|cut|lunge|return,fire,sustain,seed|spark|blaze|heal|nourish|vine,balanced,balanced,0,0,0,5,42,0
6,true,loadout,sword,quick,swift|expose|strike|cut|lunge|return,fire,sustain,seed|spark|blaze|heal|nourish|vine,balanced,balanced,0,1,1,8,0,63
6,true,loadout,sword,quick,swift|expose|strike|cut|lunge|return,fire,sustain,seed|spark|blaze|heal|nourish|vine,balanced,balanced,1,0,1,6,0,20
6,true,loadout,sword,quick,swift|expose|strike|cut|lunge|return,fire,sustain,seed|spark|blaze|heal|nourish|vine,balanced,balanced,1,1,1,9,0,98
6,true,loadout,sword,quick,swift|expose|strike|cut|lunge|return,fire,sustain,seed|spark|blaze|heal|nourish|vine,balanced,balanced,2,0,0,5,26,0
6,true,loadout,sword,quick,swift|expose|strike|cut|lunge|return,fire,sustain,seed|spark|blaze|heal|nourish|vine,balanced,balanced,2,1,1,8,0,95
6,true,loadout,sword,quick,swift|expose|strike|guard|return|unity,fire,sustain,seed|spark|blaze|heal|nourish|vine,balanced,balanced,0,0,0,5,26,0
6,true,loadout,sword,quick,swift|expose|strike|guard|return|unity,fire,sustain,seed|spark|blaze|heal|nourish|vine,balanced,balanced,0,1,1,8,0,32
6,true,loadout,sword,quick,swift|expose|strike|guard|return|unity,fire,sustain,seed|spark|blaze|heal|nourish|vine,balanced,balanced,1,0,1,7,0,189
6,true,loadout,sword,quick,swift|expose|strike|guard|return|unity,fire,sustain,seed|spark|blaze|heal|nourish|vine,balanced,balanced,1,1,1,9,0,98
6,true,loadout,sword,quick,swift|expose|strike|guard|return|unity,fire,sustain,seed|spark|blaze|heal|nourish|vine,balanced,balanced,2,0,1,9,0,197
6,true,loadout,sword,quick,swift|expose|strike|guard|return|unity,fire,sustain,seed|spark|blaze|heal|nourish|vine,balanced,balanced,2,1,1,8,0,95
6,true,loadout,sword,quick,swift|expose|strike|guard|lunge|unity,fire,sustain,seed|spark|blaze|heal|nourish|vine,balanced,balanced,0,0,1,5,0,117
6,true,loadout,sword,quick,swift|expose|strike|guard|lunge|unity,fire,sustain,seed|spark|blaze|heal|nourish|vine,balanced,balanced,0,1,1,8,0,63
6,true,loadout,sword,quick,swift|expose|strike|guard|lunge|unity,fire,sustain,seed|spark|blaze|heal|nourish|vine,balanced,balanced,1,0,1,7,0,189
6,true,loadout,sword,quick,swift|expose|strike|guard|lunge|unity,fire,sustain,seed|spark|blaze|heal|nourish|vine,balanced,balanced,1,1,1,9,0,98
6,true,loadout,sword,quick,swift|expose|strike|guard|lunge|unity,fire,sustain,seed|spark|blaze|heal|nourish|vine,balanced,balanced,2,0,1,9,0,197
6,true,loadout,sword,quick,swift|expose|strike|guard|lunge|unity,fire,sustain,seed|spark|blaze|heal|nourish|vine,balanced,balanced,2,1,1,8,0,95
6,true,loadout,sword,quick,swift|expose|strike|guard|lunge|return,fire,sustain,seed|spark|blaze|heal|nourish|vine,balanced,balanced,0,0,1,10,0,153
6,true,loadout,sword,quick,swift|expose|strike|guard|lunge|return,fire,sustain,seed|spark|blaze|heal|nourish|vine,balanced,balanced,0,1,1,8,0,63
6,true,loadout,sword,quick,swift|expose|strike|guard|lunge|return,fire,sustain,seed|spark|blaze|heal|nourish|vine,balanced,balanced,1,0,1,11,0,122
6,true,loadout,sword,quick,swift|expose|strike|guard|lunge|return,fire,sustain,seed|spark|blaze|heal|nourish|vine,balanced,balanced,1,1,1,9,0,98
6,true,loadout,sword,quick,swift|expose|strike|guard|lunge|return,fire,sustain,seed|spark|blaze|heal|nourish|vine,balanced,balanced,2,0,1,13,0,153
6,true,loadout,sword,quick,swift|expose|strike|guard|lunge|return,fire,sustain,seed|spark|blaze|heal|nourish|vine,balanced,balanced,2,1,1,8,0,95
6,true,loadout,sword,quick,swift|expose|strike|guard|cut|unity,fire,sustain,seed|spark|blaze|heal|nourish|vine,balanced,balanced,0,0,0,5,26,0
6,true,loadout,sword,quick,swift|expose|strike|guard|cut|unity,fire,sustain,seed|spark|blaze|heal|nourish|vine,balanced,balanced,0,1,1,8,0,32
6,true,loadout,sword,quick,swift|expose|strike|guard|cut|unity,fire,sustain,seed|spark|blaze|heal|nourish|vine,balanced,balanced,1,0,1,7,0,189
6,true,loadout,sword,quick,swift|expose|strike|guard|cut|unity,fire,sustain,seed|spark|blaze|heal|nourish|vine,balanced,balanced,1,1,1,9,0,98
6,true,loadout,sword,quick,swift|expose|strike|guard|cut|unity,fire,sustain,seed|spark|blaze|heal|nourish|vine,balanced,balanced,2,0,1,9,0,197
6,true,loadout,sword,quick,swift|expose|strike|guard|cut|unity,fire,sustain,seed|spark|blaze|heal|nourish|vine,balanced,balanced,2,1,1,8,0,95
6,true,loadout,sword,quick,swift|expose|strike|guard|cut|return,fire,sustain,seed|spark|blaze|heal|nourish|vine,balanced,balanced,0,0,0,5,26,0
6,true,loadout,sword,quick,swift|expose|strike|guard|cut|return,fire,sustain,seed|spark|blaze|heal|nourish|vine,balanced,balanced,0,1,1,8,0,32
6,true,loadout,sword,quick,swift|expose|strike|guard|cut|return,fire,sustain,seed|spark|blaze|heal|nourish|vine,balanced,balanced,1,0,1,11,0,122
6,true,loadout,sword,quick,swift|expose|strike|guard|cut|return,fire,sustain,seed|spark|blaze|heal|nourish|vine,balanced,balanced,1,1,1,9,0,98
6,true,loadout,sword,quick,swift|expose|strike|guard|cut|return,fire,sustain,seed|spark|blaze|heal|nourish|vine,balanced,balanced,2,0,1,13,0,153
6,true,loadout,sword,quick,swift|expose|strike|guard|cut|return,fire,sustain,seed|spark|blaze|heal|nourish|vine,balanced,balanced,2,1,1,8,0,95
6,true,loadout,sword,quick,swift|expose|strike|guard|cut|lunge,fire,sustain,seed|spark|blaze|heal|nourish|vine,balanced,balanced,0,0,1,10,0,153
6,true,loadout,sword,quick,swift|expose|strike|guard|cut|lunge,fire,sustain,seed|spark|blaze|heal|nourish|vine,balanced,balanced,0,1,1,8,0,63
6,true,loadout,sword,quick,swift|expose|strike|guard|cut|lunge,fire,sustain,seed|spark|blaze|heal|nourish|vine,balanced,balanced,1,0,1,11,0,122
6,true,loadout,sword,quick,swift|expose|strike|guard|cut|lunge,fire,sustain,seed|spark|blaze|heal|nourish|vine,balanced,balanced,1,1,1,9,0,98
6,true,loadout,sword,quick,swift|expose|strike|guard|cut|lunge,fire,sustain,seed|spark|blaze|heal|nourish|vine,balanced,balanced,2,0,1,13,0,153
6,true,loadout,sword,quick,swift|expose|strike|guard|cut|lunge,fire,sustain,seed|spark|blaze|heal|nourish|vine,balanced,balanced,2,1,1,8,0,95
6,true,loadout,sword,heavy,strike|guard|cut|lunge|return|unity,fire,sustain,seed|spark|blaze|heal|nourish|vine,balanced,balanced,0,0,1,12,0,157
6,true,loadout,sword,heavy,strike|guard|cut|lunge|return|unity,fire,sustain,seed|spark|blaze|heal|nourish|vine,balanced,balanced,0,1,1,7,0,72
6,true,loadout,sword,heavy,strike|guard|cut|lunge|return|unity,fire,sustain,seed|spark|blaze|heal|nourish|vine,balanced,balanced,1,0,1,11,0,161
6,true,loadout,sword,heavy,strike|guard|cut|lunge|return|unity,fire,sustain,seed|spark|blaze|heal|nourish|vine,balanced,balanced,1,1,1,11,0,98
6,true,loadout,sword,heavy,strike|guard|cut|lunge|return|unity,fire,sustain,seed|spark|blaze|heal|nourish|vine,balanced,balanced,2,0,1,12,0,210
6,true,loadout,sword,heavy,strike|guard|cut|lunge|return|unity,fire,sustain,seed|spark|blaze|heal|nourish|vine,balanced,balanced,2,1,1,10,0,70
6,true,loadout,sword,heavy,expose|guard|cut|lunge|return|unity,fire,sustain,seed|spark|blaze|heal|nourish|vine,balanced,balanced,0,0,1,10,0,158
6,true,loadout,sword,heavy,expose|guard|cut|lunge|return|unity,fire,sustain,seed|spark|blaze|heal|nourish|vine,balanced,balanced,0,1,1,6,0,210
6,true,loadout,sword,heavy,expose|guard|cut|lunge|return|unity,fire,sustain,seed|spark|blaze|heal|nourish|vine,balanced,balanced,1,0,1,10,0,203
6,true,loadout,sword,heavy,expose|guard|cut|lunge|return|unity,fire,sustain,seed|spark|blaze|heal|nourish|vine,balanced,balanced,1,1,1,8,0,210
6,true,loadout,sword,heavy,expose|guard|cut|lunge|return|unity,fire,sustain,seed|spark|blaze|heal|nourish|vine,balanced,balanced,2,0,1,10,0,159
6,true,loadout,sword,heavy,expose|guard|cut|lunge|return|unity,fire,sustain,seed|spark|blaze|heal|nourish|vine,balanced,balanced,2,1,1,9,0,210
6,true,loadout,sword,heavy,expose|strike|cut|lunge|return|unity,fire,sustain,seed|spark|blaze|heal|nourish|vine,balanced,balanced,0,0,1,7,0,50
6,true,loadout,sword,heavy,expose|strike|cut|lunge|return|unity,fire,sustain,seed|spark|blaze|heal|nourish|vine,balanced,balanced,0,1,1,8,0,54
6,true,loadout,sword,heavy,expose|strike|cut|lunge|return|unity,fire,sustain,seed|spark|blaze|heal|nourish|vine,balanced,balanced,1,0,1,5,0,97
6,true,loadout,sword,heavy,expose|strike|cut|lunge|return|unity,fire,sustain,seed|spark|blaze|heal|nourish|vine,balanced,balanced,1,1,0,7,62,0
6,true,loadout,sword,heavy,expose|strike|cut|lunge|return|unity,fire,sustain,seed|spark|blaze|heal|nourish|vine,balanced,balanced,2,0,1,5,0,87
6,true,loadout,sword,heavy,expose|strike|cut|lunge|return|unity,fire,sustain,seed|spark|blaze|heal|nourish|vine,balanced,balanced,2,1,1,7,0,130
6,true,loadout,sword,heavy,expose|strike|guard|lunge|return|unity,fire,sustain,seed|spark|blaze|heal|nourish|vine,balanced,balanced,0,0,1,9,0,157
6,true,loadout,sword,heavy,expose|strike|guard|lunge|return|unity,fire,sustain,seed|spark|blaze|heal|nourish|vine,balanced,balanced,0,1,1,8,0,54
6,true,loadout,sword,heavy,expose|strike|guard|lunge|return|unity,fire,sustain,seed|spark|blaze|heal|nourish|vine,balanced,balanced,1,0,1,10,0,203
6,true,loadout,sword,heavy,expose|strike|guard|lunge|return|unity,fire,sustain,seed|spark|blaze|heal|nourish|vine,balanced,balanced,1,1,0,7,62,0
6,true,loadout,sword,heavy,expose|strike|guard|lunge|return|unity,fire,sustain,seed|spark|blaze|heal|nourish|vine,balanced,balanced,2,0,1,10,0,157
6,true,loadout,sword,heavy,expose|strike|guard|lunge|return|unity,fire,sustain,seed|spark|blaze|heal|nourish|vine,balanced,balanced,2,1,1,6,0,206
6,true,loadout,sword,heavy,expose|strike|guard|cut|return|unity,fire,sustain,seed|spark|blaze|heal|nourish|vine,balanced,balanced,0,0,1,9,0,157
6,true,loadout,sword,heavy,expose|strike|guard|cut|return|unity,fire,sustain,seed|spark|blaze|heal|nourish|vine,balanced,balanced,0,1,1,8,0,54
6,true,loadout,sword,heavy,expose|strike|guard|cut|return|unity,fire,sustain,seed|spark|blaze|heal|nourish|vine,balanced,balanced,1,0,1,10,0,203
6,true,loadout,sword,heavy,expose|strike|guard|cut|return|unity,fire,sustain,seed|spark|blaze|heal|nourish|vine,balanced,balanced,1,1,0,7,62,0
6,true,loadout,sword,heavy,expose|strike|guard|cut|return|unity,fire,sustain,seed|spark|blaze|heal|nourish|vine,balanced,balanced,2,0,1,10,0,157
6,true,loadout,sword,heavy,expose|strike|guard|cut|return|unity,fire,sustain,seed|spark|blaze|heal|nourish|vine,balanced,balanced,2,1,1,6,0,206
6,true,loadout,sword,heavy,expose|strike|guard|cut|lunge|unity,fire,sustain,seed|spark|blaze|heal|nourish|vine,balanced,balanced,0,0,1,9,0,157
6,true,loadout,sword,heavy,expose|strike|guard|cut|lunge|unity,fire,sustain,seed|spark|blaze|heal|nourish|vine,balanced,balanced,0,1,1,8,0,54
6,true,loadout,sword,heavy,expose|strike|guard|cut|lunge|unity,fire,sustain,seed|spark|blaze|heal|nourish|vine,balanced,balanced,1,0,1,10,0,203
6,true,loadout,sword,heavy,expose|strike|guard|cut|lunge|unity,fire,sustain,seed|spark|blaze|heal|nourish|vine,balanced,balanced,1,1,0,7,62,0
6,true,loadout,sword,heavy,expose|strike|guard|cut|lunge|unity,fire,sustain,seed|spark|blaze|heal|nourish|vine,balanced,balanced,2,0,1,10,0,157
6,true,loadout,sword,heavy,expose|strike|guard|cut|lunge|unity,fire,sustain,seed|spark|blaze|heal|nourish|vine,balanced,balanced,2,1,1,6,0,206
6,true,loadout,sword,heavy,expose|strike|guard|cut|lunge|return,fire,sustain,seed|spark|blaze|heal|nourish|vine,balanced,balanced,0,0,1,12,0,207
6,true,loadout,sword,heavy,expose|strike|guard|cut|lunge|return,fire,sustain,seed|spark|blaze|heal|nourish|vine,balanced,balanced,0,1,1,8,0,54
6,true,loadout,sword,heavy,expose|strike|guard|cut|lunge|return,fire,sustain,seed|spark|blaze|heal|nourish|vine,balanced,balanced,1,0,1,11,0,208
6,true,loadout,sword,heavy,expose|strike|guard|cut|lunge|return,fire,sustain,seed|spark|blaze|heal|nourish|vine,balanced,balanced,1,1,1,9,0,128
6,true,loadout,sword,heavy,expose|strike|guard|cut|lunge|return,fire,sustain,seed|spark|blaze|heal|nourish|vine,balanced,balanced,2,0,1,10,0,157
6,true,loadout,sword,heavy,expose|strike|guard|cut|lunge|return,fire,sustain,seed|spark|blaze|heal|nourish|vine,balanced,balanced,2,1,1,8,0,87
6,true,loadout,sword,heavy,swift|guard|cut|lunge|return|unity,fire,sustain,seed|spark|blaze|heal|nourish|vine,balanced,balanced,0,0,1,9,0,210
6,true,loadout,sword,heavy,swift|guard|cut|lunge|return|unity,fire,sustain,seed|spark|blaze|heal|nourish|vine,balanced,balanced,0,1,1,7,0,102
6,true,loadout,sword,heavy,swift|guard|cut|lunge|return|unity,fire,sustain,seed|spark|blaze|heal|nourish|vine,balanced,balanced,1,0,1,10,0,168
6,true,loadout,sword,heavy,swift|guard|cut|lunge|return|unity,fire,sustain,seed|spark|blaze|heal|nourish|vine,balanced,balanced,1,1,1,7,0,172
6,true,loadout,sword,heavy,swift|guard|cut|lunge|return|unity,fire,sustain,seed|spark|blaze|heal|nourish|vine,balanced,balanced,2,0,1,10,0,168
6,true,loadout,sword,heavy,swift|guard|cut|lunge|return|unity,fire,sustain,seed|spark|blaze|heal|nourish|vine,balanced,balanced,2,1,1,7,0,172
6,true,loadout,sword,heavy,swift|strike|cut|lunge|return|unity,fire,sustain,seed|spark|blaze|heal|nourish|vine,balanced,balanced,0,0,0,6,12,0
6,true,loadout,sword,heavy,swift|strike|cut|lunge|return|unity,fire,sustain,seed|spark|blaze|heal|nourish|vine,balanced,balanced,0,1,1,9,0,111
6,true,loadout,sword,heavy,swift|strike|cut|lunge|return|unity,fire,sustain,seed|spark|blaze|heal|nourish|vine,balanced,balanced,1,0,1,6,0,23
6,true,loadout,sword,heavy,swift|strike|cut|lunge|return|unity,fire,sustain,seed|spark|blaze|heal|nourish|vine,balanced,balanced,1,1,1,10,0,82
6,true,loadout,sword,heavy,swift|strike|cut|lunge|return|unity,fire,sustain,seed|spark|blaze|heal|nourish|vine,balanced,balanced,2,0,1,6,0,38
6,true,loadout,sword,heavy,swift|strike|cut|lunge|return|unity,fire,sustain,seed|spark|blaze|heal|nourish|vine,balanced,balanced,2,1,1,10,0,82
6,true,loadout,sword,heavy,swift|strike|guard|lunge|return|unity,fire,sustain,seed|spark|blaze|heal|nourish|vine,balanced,balanced,0,0,1,7,0,95
6,true,loadout,sword,heavy,swift|strike|guard|lunge|return|unity,fire,sustain,seed|spark|blaze|heal|nourish|vine,balanced,balanced,0,1,1,8,0,112
6,true,loadout,sword,heavy,swift|strike|guard|lunge|return|unity,fire,sustain,seed|spark|blaze|heal|nourish|vine,balanced,balanced,1,0,1,10,0,157
6,true,loadout,sword,heavy,swift|strike|guard|lunge|return|unity,fire,sustain,seed|spark|blaze|heal|nourish|vine,balanced,balanced,1,1,1,10,0,82
6,true,loadout,sword,heavy,swift|strike|guard|lunge|return|unity,fire,sustain,seed|spark|blaze|heal|nourish|vine,balanced,balanced,2,0,1,10,0,157
6,true,loadout,sword,heavy,swift|strike|guard|lunge|return|unity,fire,sustain,seed|spark|blaze|heal|nourish|vine,balanced,balanced,2,1,1,10,0,82
6,true,loadout,sword,heavy,swift|strike|guard|cut|return|unity,fire,sustain,seed|spark|blaze|heal|nourish|vine,balanced,balanced,0,0,1,7,0,96
6,true,loadout,sword,heavy,swift|strike|guard|cut|return|unity,fire,sustain,seed|spark|blaze|heal|nourish|vine,balanced,balanced,0,1,1,13,0,169
6,true,loadout,sword,heavy,swift|strike|guard|cut|return|unity,fire,sustain,seed|spark|blaze|heal|nourish|vine,balanced,balanced,1,0,1,10,0,157
6,true,loadout,sword,heavy,swift|strike|guard|cut|return|unity,fire,sustain,seed|spark|blaze|heal|nourish|vine,balanced,balanced,1,1,1,10,0,82
6,true,loadout,sword,heavy,swift|strike|guard|cut|return|unity,fire,sustain,seed|spark|blaze|heal|nourish|vine,balanced,balanced,2,0,1,10,0,157
6,true,loadout,sword,heavy,swift|strike|guard|cut|return|unity,fire,sustain,seed|spark|blaze|heal|nourish|vine,balanced,balanced,2,1,1,10,0,82
6,true,loadout,sword,heavy,swift|strike|guard|cut|lunge|unity,fire,sustain,seed|spark|blaze|heal|nourish|vine,balanced,balanced,0,0,1,7,0,95
6,true,loadout,sword,heavy,swift|strike|guard|cut|lunge|unity,fire,sustain,seed|spark|blaze|heal|nourish|vine,balanced,balanced,0,1,1,8,0,112
6,true,loadout,sword,heavy,swift|strike|guard|cut|lunge|unity,fire,sustain,seed|spark|blaze|heal|nourish|vine,balanced,balanced,1,0,1,10,0,157
6,true,loadout,sword,heavy,swift|strike|guard|cut|lunge|unity,fire,sustain,seed|spark|blaze|heal|nourish|vine,balanced,balanced,1,1,1,10,0,82
6,true,loadout,sword,heavy,swift|strike|guard|cut|lunge|unity,fire,sustain,seed|spark|blaze|heal|nourish|vine,balanced,balanced,2,0,1,10,0,157
6,true,loadout,sword,heavy,swift|strike|guard|cut|lunge|unity,fire,sustain,seed|spark|blaze|heal|nourish|vine,balanced,balanced,2,1,1,10,0,82
6,true,loadout,sword,heavy,swift|strike|guard|cut|lunge|return,fire,sustain,seed|spark|blaze|heal|nourish|vine,balanced,balanced,0,0,1,11,0,190
6,true,loadout,sword,heavy,swift|strike|guard|cut|lunge|return,fire,sustain,seed|spark|blaze|heal|nourish|vine,balanced,balanced,0,1,1,8,0,112
6,true,loadout,sword,heavy,swift|strike|guard|cut|lunge|return,fire,sustain,seed|spark|blaze|heal|nourish|vine,balanced,balanced,1,0,1,11,0,163
6,true,loadout,sword,heavy,swift|strike|guard|cut|lunge|return,fire,sustain,seed|spark|blaze|heal|nourish|vine,balanced,balanced,1,1,1,10,0,82
6,true,loadout,sword,heavy,swift|strike|guard|cut|lunge|return,fire,sustain,seed|spark|blaze|heal|nourish|vine,balanced,balanced,2,0,1,12,0,175
6,true,loadout,sword,heavy,swift|strike|guard|cut|lunge|return,fire,sustain,seed|spark|blaze|heal|nourish|vine,balanced,balanced,2,1,1,10,0,82
6,true,loadout,sword,heavy,swift|expose|cut|lunge|return|unity,fire,sustain,seed|spark|blaze|heal|nourish|vine,balanced,balanced,0,0,1,5,0,41
6,true,loadout,sword,heavy,swift|expose|cut|lunge|return|unity,fire,sustain,seed|spark|blaze|heal|nourish|vine,balanced,balanced,0,1,1,7,0,102
6,true,loadout,sword,heavy,swift|expose|cut|lunge|return|unity,fire,sustain,seed|spark|blaze|heal|nourish|vine,balanced,balanced,1,0,1,5,0,97
6,true,loadout,sword,heavy,swift|expose|cut|lunge|return|unity,fire,sustain,seed|spark|blaze|heal|nourish|vine,balanced,balanced,1,1,1,7,0,172
6,true,loadout,sword,heavy,swift|expose|cut|lunge|return|unity,fire,sustain,seed|spark|blaze|heal|nourish|vine,balanced,balanced,2,0,1,6,0,24
6,true,loadout,sword,heavy,swift|expose|cut|lunge|return|unity,fire,sustain,seed|spark|blaze|heal|nourish|vine,balanced,balanced,2,1,1,7,0,172
6,true,loadout,sword,heavy,swift|expose|guard|lunge|return|unity,fire,sustain,seed|spark|blaze|heal|nourish|vine,balanced,balanced,0,0,1,9,0,174
6,true,loadout,sword,heavy,swift|expose|guard|lunge|return|unity,fire,sustain,seed|spark|blaze|heal|nourish|vine,balanced,balanced,0,1,1,7,0,102
6,true,loadout,sword,heavy,swift|expose|guard|lunge|return|unity,fire,sustain,seed|spark|blaze|heal|nourish|vine,balanced,balanced,1,0,1,10,0,168
6,true,loadout,sword,heavy,swift|expose|guard|lunge|return|unity,fire,sustain,seed|spark|blaze|heal|nourish|vine,balanced,balanced,1,1,1,7,0,172
6,true,loadout,sword,heavy,swift|expose|guard|lunge|return|unity,fire,sustain,seed|spark|blaze|heal|nourish|vine,balanced,balanced,2,0,1,9,0,148
6,true,loadout,sword,heavy,swift|expose|guard|lunge|return|unity,fire,sustain,seed|spark|blaze|heal|nourish|vine,balanced,balanced,2,1,1,7,0,172
6,true,loadout,sword,heavy,swift|expose|guard|cut|return|unity,fire,sustain,seed|spark|blaze|heal|nourish|vine,balanced,balanced,0,0,1,7,0,155
6,true,loadout,sword,heavy,swift|expose|guard|cut|return|unity,fire,sustain,seed|spark|blaze|heal|nourish|vine,balanced,balanced,0,1,1,7,0,172
6,true,loadout,sword,heavy,swift|expose|guard|cut|return|unity,fire,sustain,seed|spark|blaze|heal|nourish|vine,balanced,balanced,1,0,1,10,0,168
6,true,loadout,sword,heavy,swift|expose|guard|cut|return|unity,fire,sustain,seed|spark|blaze|heal|nourish|vine,balanced,balanced,1,1,1,7,0,172
6,true,loadout,sword,heavy,swift|expose|guard|cut|return|unity,fire,sustain,seed|spark|blaze|heal|nourish|vine,balanced,balanced,2,0,1,9,0,148
6,true,loadout,sword,heavy,swift|expose|guard|cut|return|unity,fire,sustain,seed|spark|blaze|heal|nourish|vine,balanced,balanced,2,1,1,7,0,172
6,true,loadout,sword,heavy,swift|expose|guard|cut|lunge|unity,fire,sustain,seed|spark|blaze|heal|nourish|vine,balanced,balanced,0,0,1,10,0,206
6,true,loadout,sword,heavy,swift|expose|guard|cut|lunge|unity,fire,sustain,seed|spark|blaze|heal|nourish|vine,balanced,balanced,0,1,1,7,0,102
6,true,loadout,sword,heavy,swift|expose|guard|cut|lunge|unity,fire,sustain,seed|spark|blaze|heal|nourish|vine,balanced,balanced,1,0,1,10,0,186
6,true,loadout,sword,heavy,swift|expose|guard|cut|lunge|unity,fire,sustain,seed|spark|blaze|heal|nourish|vine,balanced,balanced,1,1,1,7,0,172
6,true,loadout,sword,heavy,swift|expose|guard|cut|lunge|unity,fire,sustain,seed|spark|blaze|heal|nourish|vine,balanced,balanced,2,0,1,9,0,186
6,true,loadout,sword,heavy,swift|expose|guard|cut|lunge|unity,fire,sustain,seed|spark|blaze|heal|nourish|vine,balanced,balanced,2,1,1,7,0,172
6,true,loadout,sword,heavy,swift|expose|guard|cut|lunge|return,fire,sustain,seed|spark|blaze|heal|nourish|vine,balanced,balanced,0,0,1,15,0,156
6,true,loadout,sword,heavy,swift|expose|guard|cut|lunge|return,fire,sustain,seed|spark|blaze|heal|nourish|vine,balanced,balanced,0,1,1,7,0,102
6,true,loadout,sword,heavy,swift|expose|guard|cut|lunge|return,fire,sustain,seed|spark|blaze|heal|nourish|vine,balanced,balanced,1,0,1,15,0,150
6,true,loadout,sword,heavy,swift|expose|guard|cut|lunge|return,fire,sustain,seed|spark|blaze|heal|nourish|vine,balanced,balanced,1,1,1,7,0,172
6,true,loadout,sword,heavy,swift|expose|guard|cut|lunge|return,fire,sustain,seed|spark|blaze|heal|nourish|vine,balanced,balanced,2,0,1,14,0,150
6,true,loadout,sword,heavy,swift|expose|guard|cut|lunge|return,fire,sustain,seed|spark|blaze|heal|nourish|vine,balanced,balanced,2,1,1,7,0,172
6,true,loadout,sword,heavy,swift|expose|strike|lunge|return|unity,fire,sustain,seed|spark|blaze|heal|nourish|vine,balanced,balanced,0,0,0,5,20,0
6,true,loadout,sword,heavy,swift|expose|strike|lunge|return|unity,fire,sustain,seed|spark|blaze|heal|nourish|vine,balanced,balanced,0,1,1,8,0,72
6,true,loadout,sword,heavy,swift|expose|strike|lunge|return|unity,fire,sustain,seed|spark|blaze|heal|nourish|vine,balanced,balanced,1,0,1,6,0,49
6,true,loadout,sword,heavy,swift|expose|strike|lunge|return|unity,fire,sustain,seed|spark|blaze|heal|nourish|vine,balanced,balanced,1,1,1,7,0,75
6,true,loadout,sword,heavy,swift|expose|strike|lunge|return|unity,fire,sustain,seed|spark|blaze|heal|nourish|vine,balanced,balanced,2,0,0,5,26,0
6,true,loadout,sword,heavy,swift|expose|strike|lunge|return|unity,fire,sustain,seed|spark|blaze|heal|nourish|vine,balanced,balanced,2,1,1,9,0,133
6,true,loadout,sword,heavy,swift|expose|strike|cut|return|unity,fire,sustain,seed|spark|blaze|heal|nourish|vine,balanced,balanced,0,0,0,5,26,0
6,true,loadout,sword,heavy,swift|expose|strike|cut|return|unity,fire,sustain,seed|spark|blaze|heal|nourish|vine,balanced,balanced,0,1,1,8,0,72
6,true,loadout,sword,heavy,swift|expose|strike|cut|return|unity,fire,sustain,seed|spark|blaze|heal|nourish|vine,balanced,balanced,1,0,1,6,0,49
6,true,loadout,sword,heavy,swift|expose|strike|cut|return|unity,fire,sustain,seed|spark|blaze|heal|nourish|vine,balanced,balanced,1,1,1,7,0,75
6,true,loadout,sword,heavy,swift|expose|strike|cut|return|unity,fire,sustain,seed|spark|blaze|heal|nourish|vine,balanced,balanced,2,0,0,5,26,0
6,true,loadout,sword,heavy,swift|expose|strike|cut|return|unity,fire,sustain,seed|spark|blaze|heal|nourish|vine,balanced,balanced,2,1,1,9,0,133
6,true,loadout,sword,heavy,swift|expose|strike|cut|lunge|unity,fire,sustain,seed|spark|blaze|heal|nourish|vine,balanced,balanced,0,0,0,5,20,0
6,true,loadout,sword,heavy,swift|expose|strike|cut|lunge|unity,fire,sustain,seed|spark|blaze|heal|nourish|vine,balanced,balanced,0,1,1,8,0,72
6,true,loadout,sword,heavy,swift|expose|strike|cut|lunge|unity,fire,sustain,seed|spark|blaze|heal|nourish|vine,balanced,balanced,1,0,1,6,0,44
6,true,loadout,sword,heavy,swift|expose|strike|cut|lunge|unity,fire,sustain,seed|spark|blaze|heal|nourish|vine,balanced,balanced,1,1,1,7,0,75
6,true,loadout,sword,heavy,swift|expose|strike|cut|lunge|unity,fire,sustain,seed|spark|blaze|heal|nourish|vine,balanced,balanced,2,0,0,5,26,0
6,true,loadout,sword,heavy,swift|expose|strike|cut|lunge|unity,fire,sustain,seed|spark|blaze|heal|nourish|vine,balanced,balanced,2,1,1,9,0,133
6,true,loadout,sword,heavy,swift|expose|strike|cut|lunge|return,fire,sustain,seed|spark|blaze|heal|nourish|vine,balanced,balanced,0,0,1,6,0,36
6,true,loadout,sword,heavy,swift|expose|strike|cut|lunge|return,fire,sustain,seed|spark|blaze|heal|nourish|vine,balanced,balanced,0,1,1,8,0,37
6,true,loadout,sword,heavy,swift|expose|strike|cut|lunge|return,fire,sustain,seed|spark|blaze|heal|nourish|vine,balanced,balanced,1,0,1,6,0,59
6,true,loadout,sword,heavy,swift|expose|strike|cut|lunge|return,fire,sustain,seed|spark|blaze|heal|nourish|vine,balanced,balanced,1,1,1,7,0,89
6,true,loadout,sword,heavy,swift|expose|strike|cut|lunge|return,fire,sustain,seed|spark|blaze|heal|nourish|vine,balanced,balanced,2,0,0,5,26,0
6,true,loadout,sword,heavy,swift|expose|strike|cut|lunge|return,fire,sustain,seed|spark|blaze|heal|nourish|vine,balanced,balanced,2,1,1,9,0,133
6,true,loadout,sword,heavy,swift|expose|strike|guard|return|unity,fire,sustain,seed|spark|blaze|heal|nourish|vine,balanced,balanced,0,0,0,5,57,0
6,true,loadout,sword,heavy,swift|expose|strike|guard|return|unity,fire,sustain,seed|spark|blaze|heal|nourish|vine,balanced,balanced,0,1,1,8,0,72
6,true,loadout,sword,heavy,swift|expose|strike|guard|return|unity,fire,sustain,seed|spark|blaze|heal|nourish|vine,balanced,balanced,1,0,1,10,0,157
6,true,loadout,sword,heavy,swift|expose|strike|guard|return|unity,fire,sustain,seed|spark|blaze|heal|nourish|vine,balanced,balanced,1,1,1,7,0,75
6,true,loadout,sword,heavy,swift|expose|strike|guard|return|unity,fire,sustain,seed|spark|blaze|heal|nourish|vine,balanced,balanced,2,0,1,9,0,69
6,true,loadout,sword,heavy,swift|expose|strike|guard|return|unity,fire,sustain,seed|spark|blaze|heal|nourish|vine,balanced,balanced,2,1,1,9,0,133
6,true,loadout,sword,heavy,swift|expose|strike|guard|lunge|unity,fire,sustain,seed|spark|blaze|heal|nourish|vine,balanced,balanced,0,0,0,5,57,0
6,true,loadout,sword,heavy,swift|expose|strike|guard|lunge|unity,fire,sustain,seed|spark|blaze|heal|nourish|vine,balanced,balanced,0,1,1,8,0,72
6,true,loadout,sword,heavy,swift|expose|strike|guard|lunge|unity,fire,sustain,seed|spark|blaze|heal|nourish|vine,balanced,balanced,1,0,1,10,0,157
6,true,loadout,sword,heavy,swift|expose|strike|guard|lunge|unity,fire,sustain,seed|spark|blaze|heal|nourish|vine,balanced,balanced,1,1,1,7,0,75
6,true,loadout,sword,heavy,swift|expose|strike|guard|lunge|unity,fire,sustain,seed|spark|blaze|heal|nourish|vine,balanced,balanced,2,0,1,9,0,69
6,true,loadout,sword,heavy,swift|expose|strike|guard|lunge|unity,fire,sustain,seed|spark|blaze|heal|nourish|vine,balanced,balanced,2,1,1,9,0,133
6,true,loadout,sword,heavy,swift|expose|strike|guard|lunge|return,fire,sustain,seed|spark|blaze|heal|nourish|vine,balanced,balanced,0,0,0,5,57,0
6,true,loadout,sword,heavy,swift|expose|strike|guard|lunge|return,fire,sustain,seed|spark|blaze|heal|nourish|vine,balanced,balanced,0,1,1,8,0,37
6,true,loadout,sword,heavy,swift|expose|strike|guard|lunge|return,fire,sustain,seed|spark|blaze|heal|nourish|vine,balanced,balanced,1,0,1,12,0,143
6,true,loadout,sword,heavy,swift|expose|strike|guard|lunge|return,fire,sustain,seed|spark|blaze|heal|nourish|vine,balanced,balanced,1,1,1,7,0,89
6,true,loadout,sword,heavy,swift|expose|strike|guard|lunge|return,fire,sustain,seed|spark|blaze|heal|nourish|vine,balanced,balanced,2,0,1,7,0,42
6,true,loadout,sword,heavy,swift|expose|strike|guard|lunge|return,fire,sustain,seed|spark|blaze|heal|nourish|vine,balanced,balanced,2,1,1,9,0,133
6,true,loadout,sword,heavy,swift|expose|strike|guard|cut|unity,fire,sustain,seed|spark|blaze|heal|nourish|vine,balanced,balanced,0,0,0,5,57,0
6,true,loadout,sword,heavy,swift|expose|strike|guard|cut|unity,fire,sustain,seed|spark|blaze|heal|nourish|vine,balanced,balanced,0,1,1,8,0,72
6,true,loadout,sword,heavy,swift|expose|strike|guard|cut|unity,fire,sustain,seed|spark|blaze|heal|nourish|vine,balanced,balanced,1,0,1,10,0,157
6,true,loadout,sword,heavy,swift|expose|strike|guard|cut|unity,fire,sustain,seed|spark|blaze|heal|nourish|vine,balanced,balanced,1,1,1,7,0,75
6,true,loadout,sword,heavy,swift|expose|strike|guard|cut|unity,fire,sustain,seed|spark|blaze|heal|nourish|vine,balanced,balanced,2,0,1,9,0,69
6,true,loadout,sword,heavy,swift|expose|strike|guard|cut|unity,fire,sustain,seed|spark|blaze|heal|nourish|vine,balanced,balanced,2,1,1,9,0,133
6,true,loadout,sword,heavy,swift|expose|strike|guard|cut|return,fire,sustain,seed|spark|blaze|heal|nourish|vine,balanced,balanced,0,0,0,5,57,0
6,true,loadout,sword,heavy,swift|expose|strike|guard|cut|return,fire,sustain,seed|spark|blaze|heal|nourish|vine,balanced,balanced,0,1,1,8,0,37
6,true,loadout,sword,heavy,swift|expose|strike|guard|cut|return,fire,sustain,seed|spark|blaze|heal|nourish|vine,balanced,balanced,1,0,1,12,0,143
6,true,loadout,sword,heavy,swift|expose|strike|guard|cut|return,fire,sustain,seed|spark|blaze|heal|nourish|vine,balanced,balanced,1,1,1,7,0,89
6,true,loadout,sword,heavy,swift|expose|strike|guard|cut|return,fire,sustain,seed|spark|blaze|heal|nourish|vine,balanced,balanced,2,0,1,7,0,42
6,true,loadout,sword,heavy,swift|expose|strike|guard|cut|return,fire,sustain,seed|spark|blaze|heal|nourish|vine,balanced,balanced,2,1,1,9,0,133
6,true,loadout,sword,heavy,swift|expose|strike|guard|cut|lunge,fire,sustain,seed|spark|blaze|heal|nourish|vine,balanced,balanced,0,0,0,5,57,0
6,true,loadout,sword,heavy,swift|expose|strike|guard|cut|lunge,fire,sustain,seed|spark|blaze|heal|nourish|vine,balanced,balanced,0,1,1,8,0,37
6,true,loadout,sword,heavy,swift|expose|strike|guard|cut|lunge,fire,sustain,seed|spark|blaze|heal|nourish|vine,balanced,balanced,1,0,1,12,0,143
6,true,loadout,sword,heavy,swift|expose|strike|guard|cut|lunge,fire,sustain,seed|spark|blaze|heal|nourish|vine,balanced,balanced,1,1,1,7,0,89
6,true,loadout,sword,heavy,swift|expose|strike|guard|cut|lunge,fire,sustain,seed|spark|blaze|heal|nourish|vine,balanced,balanced,2,0,1,7,0,42
6,true,loadout,sword,heavy,swift|expose|strike|guard|cut|lunge,fire,sustain,seed|spark|blaze|heal|nourish|vine,balanced,balanced,2,1,1,9,0,133
4,false,core,fire,sustain,seed|spark|blaze|heal|nourish|vine,sword,quick,swift|expose|strike|guard|cut|unity,balanced,balanced,0,0,0,8,22,0
4,false,core,fire,sustain,seed|spark|blaze|heal|nourish|vine,sword,quick,swift|expose|strike|guard|cut|unity,balanced,balanced,0,1,1,5,0,26
4,false,core,fire,sustain,seed|spark|blaze|heal|nourish|vine,sword,quick,swift|expose|strike|guard|cut|unity,balanced,balanced,1,0,0,9,84,0
4,false,core,fire,sustain,seed|spark|blaze|heal|nourish|vine,sword,quick,swift|expose|strike|guard|cut|unity,balanced,balanced,1,1,0,7,180,0
4,false,core,fire,sustain,seed|spark|blaze|heal|nourish|vine,sword,quick,swift|expose|strike|guard|cut|unity,balanced,balanced,2,0,0,8,83,0
4,false,core,fire,sustain,seed|spark|blaze|heal|nourish|vine,sword,quick,swift|expose|strike|guard|cut|unity,balanced,balanced,2,1,0,9,184,0
4,false,core,fire,sustain,seed|spark|blaze|heal|nourish|vine,sword,quick,swift|expose|strike|guard|cut|unity,balanced,aggressive,0,0,0,5,94,0
4,false,core,fire,sustain,seed|spark|blaze|heal|nourish|vine,sword,quick,swift|expose|strike|guard|cut|unity,balanced,aggressive,0,1,1,4,0,28
4,false,core,fire,sustain,seed|spark|blaze|heal|nourish|vine,sword,quick,swift|expose|strike|guard|cut|unity,balanced,aggressive,1,0,0,6,85,0
4,false,core,fire,sustain,seed|spark|blaze|heal|nourish|vine,sword,quick,swift|expose|strike|guard|cut|unity,balanced,aggressive,1,1,1,4,0,28
4,false,core,fire,sustain,seed|spark|blaze|heal|nourish|vine,sword,quick,swift|expose|strike|guard|cut|unity,balanced,aggressive,2,0,0,5,83,0
4,false,core,fire,sustain,seed|spark|blaze|heal|nourish|vine,sword,quick,swift|expose|strike|guard|cut|unity,balanced,aggressive,2,1,1,4,0,28
4,false,core,fire,sustain,seed|spark|blaze|heal|nourish|vine,sword,quick,swift|expose|strike|guard|cut|unity,balanced,defensive,0,0,0,18,193,0
4,false,core,fire,sustain,seed|spark|blaze|heal|nourish|vine,sword,quick,swift|expose|strike|guard|cut|unity,balanced,defensive,0,1,0,16,156,0
4,false,core,fire,sustain,seed|spark|blaze|heal|nourish|vine,sword,quick,swift|expose|strike|guard|cut|unity,balanced,defensive,1,0,0,16,210,0
4,false,core,fire,sustain,seed|spark|blaze|heal|nourish|vine,sword,quick,swift|expose|strike|guard|cut|unity,balanced,defensive,1,1,0,18,162,0
4,false,core,fire,sustain,seed|spark|blaze|heal|nourish|vine,sword,quick,swift|expose|strike|guard|cut|unity,balanced,defensive,2,0,0,14,185,0
4,false,core,fire,sustain,seed|spark|blaze|heal|nourish|vine,sword,quick,swift|expose|strike|guard|cut|unity,balanced,defensive,2,1,0,14,117,0
4,false,core,fire,sustain,seed|spark|blaze|heal|nourish|vine,sword,quick,swift|expose|strike|guard|cut|unity,balanced,burst,0,0,0,6,165,0
4,false,core,fire,sustain,seed|spark|blaze|heal|nourish|vine,sword,quick,swift|expose|strike|guard|cut|unity,balanced,burst,0,1,0,5,98,0
4,false,core,fire,sustain,seed|spark|blaze|heal|nourish|vine,sword,quick,swift|expose|strike|guard|cut|unity,balanced,burst,1,0,0,5,159,0
4,false,core,fire,sustain,seed|spark|blaze|heal|nourish|vine,sword,quick,swift|expose|strike|guard|cut|unity,balanced,burst,1,1,0,6,115,0
4,false,core,fire,sustain,seed|spark|blaze|heal|nourish|vine,sword,quick,swift|expose|strike|guard|cut|unity,balanced,burst,2,0,0,5,112,0
4,false,core,fire,sustain,seed|spark|blaze|heal|nourish|vine,sword,quick,swift|expose|strike|guard|cut|unity,balanced,burst,2,1,0,5,187,0
4,false,core,fire,sustain,seed|spark|blaze|heal|nourish|vine,sword,quick,swift|expose|strike|guard|cut|unity,aggressive,balanced,0,0,1,6,0,9
4,false,core,fire,sustain,seed|spark|blaze|heal|nourish|vine,sword,quick,swift|expose|strike|guard|cut|unity,aggressive,balanced,0,1,0,5,7,0
4,false,core,fire,sustain,seed|spark|blaze|heal|nourish|vine,sword,quick,swift|expose|strike|guard|cut|unity,aggressive,balanced,1,0,0,6,11,0
4,false,core,fire,sustain,seed|spark|blaze|heal|nourish|vine,sword,quick,swift|expose|strike|guard|cut|unity,aggressive,balanced,1,1,1,5,0,21
4,false,core,fire,sustain,seed|spark|blaze|heal|nourish|vine,sword,quick,swift|expose|strike|guard|cut|unity,aggressive,balanced,2,0,0,5,20,0
4,false,core,fire,sustain,seed|spark|blaze|heal|nourish|vine,sword,quick,swift|expose|strike|guard|cut|unity,aggressive,balanced,2,1,0,6,27,0
4,false,core,fire,sustain,seed|spark|blaze|heal|nourish|vine,sword,quick,swift|expose|strike|guard|cut|unity,aggressive,aggressive,0,0,0,5,25,0
4,false,core,fire,sustain,seed|spark|blaze|heal|nourish|vine,sword,quick,swift|expose|strike|guard|cut|unity,aggressive,aggressive,0,1,0,4,8,0
4,false,core,fire,sustain,seed|spark|blaze|heal|nourish|vine,sword,quick,swift|expose|strike|guard|cut|unity,aggressive,aggressive,1,0,0,4,104,0
4,false,core,fire,sustain,seed|spark|blaze|heal|nourish|vine,sword,quick,swift|expose|strike|guard|cut|unity,aggressive,aggressive,1,1,0,4,20,0
4,false,core,fire,sustain,seed|spark|blaze|heal|nourish|vine,sword,quick,swift|expose|strike|guard|cut|unity,aggressive,aggressive,2,0,0,5,28,0
4,false,core,fire,sustain,seed|spark|blaze|heal|nourish|vine,sword,quick,swift|expose|strike|guard|cut|unity,aggressive,aggressive,2,1,1,4,0,38
4,false,core,fire,sustain,seed|spark|blaze|heal|nourish|vine,sword,quick,swift|expose|strike|guard|cut|unity,aggressive,defensive,0,0,1,6,0,9
4,false,core,fire,sustain,seed|spark|blaze|heal|nourish|vine,sword,quick,swift|expose|strike|guard|cut|unity,aggressive,defensive,0,1,0,20,81,0
4,false,core,fire,sustain,seed|spark|blaze|heal|nourish|vine,sword,quick,swift|expose|strike|guard|cut|unity,aggressive,defensive,1,0,0,9,14,0
4,false,core,fire,sustain,seed|spark|blaze|heal|nourish|vine,sword,quick,swift|expose|strike|guard|cut|unity,aggressive,defensive,1,1,0,20,156,0
4,false,core,fire,sustain,seed|spark|blaze|heal|nourish|vine,sword,quick,swift|expose|strike|guard|cut|unity,aggressive,defensive,2,0,0,12,123,0
4,false,core,fire,sustain,seed|spark|blaze|heal|nourish|vine,sword,quick,swift|expose|strike|guard|cut|unity,aggressive,defensive,2,1,0,17,135,0
4,false,core,fire,sustain,seed|spark|blaze|heal|nourish|vine,sword,quick,swift|expose|strike|guard|cut|unity,aggressive,burst,0,0,1,4,0,42
4,false,core,fire,sustain,seed|spark|blaze|heal|nourish|vine,sword,quick,swift|expose|strike|guard|cut|unity,aggressive,burst,0,1,0,5,21,0
4,false,core,fire,sustain,seed|spark|blaze|heal|nourish|vine,sword,quick,swift|expose|strike|guard|cut|unity,aggressive,burst,1,0,1,4,0,32
4,false,core,fire,sustain,seed|spark|blaze|heal|nourish|vine,sword,quick,swift|expose|strike|guard|cut|unity,aggressive,burst,1,1,0,4,20,0
4,false,core,fire,sustain,seed|spark|blaze|heal|nourish|vine,sword,quick,swift|expose|strike|guard|cut|unity,aggressive,burst,2,0,1,5,0,4
4,false,core,fire,sustain,seed|spark|blaze|heal|nourish|vine,sword,quick,swift|expose|strike|guard|cut|unity,aggressive,burst,2,1,0,5,10,0
4,false,core,fire,sustain,seed|spark|blaze|heal|nourish|vine,sword,quick,swift|expose|strike|guard|cut|unity,defensive,balanced,0,0,0,9,103,0
4,false,core,fire,sustain,seed|spark|blaze|heal|nourish|vine,sword,quick,swift|expose|strike|guard|cut|unity,defensive,balanced,0,1,1,7,0,14
4,false,core,fire,sustain,seed|spark|blaze|heal|nourish|vine,sword,quick,swift|expose|strike|guard|cut|unity,defensive,balanced,1,0,0,9,74,0
4,false,core,fire,sustain,seed|spark|blaze|heal|nourish|vine,sword,quick,swift|expose|strike|guard|cut|unity,defensive,balanced,1,1,0,7,180,0
4,false,core,fire,sustain,seed|spark|blaze|heal|nourish|vine,sword,quick,swift|expose|strike|guard|cut|unity,defensive,balanced,2,0,0,6,208,0
4,false,core,fire,sustain,seed|spark|blaze|heal|nourish|vine,sword,quick,swift|expose|strike|guard|cut|unity,defensive,balanced,2,1,0,8,92,0
4,false,core,fire,sustain,seed|spark|blaze|heal|nourish|vine,sword,quick,swift|expose|strike|guard|cut|unity,defensive,aggressive,0,0,0,6,44,0
4,false,core,fire,sustain,seed|spark|blaze|heal|nourish|vine,sword,quick,swift|expose|strike|guard|cut|unity,defensive,aggressive,0,1,1,4,0,28
4,false,core,fire,sustain,seed|spark|blaze|heal|nourish|vine,sword,quick,swift|expose|strike|guard|cut|unity,defensive,aggressive,1,0,0,5,122,0
4,false,core,fire,sustain,seed|spark|blaze|heal|nourish|vine,sword,quick,swift|expose|strike|guard|cut|unity,defensive,aggressive,1,1,1,4,0,28
4,false,core,fire,sustain,seed|spark|blaze|heal|nourish|vine,sword,quick,swift|expose|strike|guard|cut|unity,defensive,aggressive,2,0,0,5,96,0
4,false,core,fire,sustain,seed|spark|blaze|heal|nourish|vine,sword,quick,swift|expose|strike|guard|cut|unity,defensive,aggressive,2,1,1,4,0,28
4,false,core,fire,sustain,seed|spark|blaze|heal|nourish|vine,sword,quick,swift|expose|strike|guard|cut|unity,defensive,defensive,0,0,0,14,185,0
4,false,core,fire,sustain,seed|spark|blaze|heal|nourish|vine,sword,quick,swift|expose|strike|guard|cut|unity,defensive,defensive,0,1,0,20,172,0
4,false,core,fire,sustain,seed|spark|blaze|heal|nourish|vine,sword,quick,swift|expose|strike|guard|cut|unity,defensive,defensive,1,0,0,14,185,0
4,false,core,fire,sustain,seed|spark|blaze|heal|nourish|vine,sword,quick,swift|expose|strike|guard|cut|unity,defensive,defensive,1,1,0,18,162,0
4,false,core,fire,sustain,seed|spark|blaze|heal|nourish|vine,sword,quick,swift|expose|strike|guard|cut|unity,defensive,defensive,2,0,0,14,185,0
4,false,core,fire,sustain,seed|spark|blaze|heal|nourish|vine,sword,quick,swift|expose|strike|guard|cut|unity,defensive,defensive,2,1,0,14,141,0
4,false,core,fire,sustain,seed|spark|blaze|heal|nourish|vine,sword,quick,swift|expose|strike|guard|cut|unity,defensive,burst,0,0,0,7,156,0
4,false,core,fire,sustain,seed|spark|blaze|heal|nourish|vine,sword,quick,swift|expose|strike|guard|cut|unity,defensive,burst,0,1,0,6,118,0
4,false,core,fire,sustain,seed|spark|blaze|heal|nourish|vine,sword,quick,swift|expose|strike|guard|cut|unity,defensive,burst,1,0,0,5,185,0
4,false,core,fire,sustain,seed|spark|blaze|heal|nourish|vine,sword,quick,swift|expose|strike|guard|cut|unity,defensive,burst,1,1,0,8,122,0
4,false,core,fire,sustain,seed|spark|blaze|heal|nourish|vine,sword,quick,swift|expose|strike|guard|cut|unity,defensive,burst,2,0,0,5,132,0
4,false,core,fire,sustain,seed|spark|blaze|heal|nourish|vine,sword,quick,swift|expose|strike|guard|cut|unity,defensive,burst,2,1,0,6,206,0
4,false,core,fire,sustain,seed|spark|blaze|heal|nourish|vine,sword,quick,swift|expose|strike|guard|cut|unity,burst,balanced,0,0,0,7,36,0
4,false,core,fire,sustain,seed|spark|blaze|heal|nourish|vine,sword,quick,swift|expose|strike|guard|cut|unity,burst,balanced,0,1,1,4,0,31
4,false,core,fire,sustain,seed|spark|blaze|heal|nourish|vine,sword,quick,swift|expose|strike|guard|cut|unity,burst,balanced,1,0,0,7,50,0
4,false,core,fire,sustain,seed|spark|blaze|heal|nourish|vine,sword,quick,swift|expose|strike|guard|cut|unity,burst,balanced,1,1,0,7,81,0
4,false,core,fire,sustain,seed|spark|blaze|heal|nourish|vine,sword,quick,swift|expose|strike|guard|cut|unity,burst,balanced,2,0,0,7,67,0
4,false,core,fire,sustain,seed|spark|blaze|heal|nourish|vine,sword,quick,swift|expose|strike|guard|cut|unity,burst,balanced,2,1,0,8,163,0
4,false,core,fire,sustain,seed|spark|blaze|heal|nourish|vine,sword,quick,swift|expose|strike|guard|cut|unity,burst,aggressive,0,0,0,4,48,0
4,false,core,fire,sustain,seed|spark|blaze|heal|nourish|vine,sword,quick,swift|expose|strike|guard|cut|unity,burst,aggressive,0,1,1,3,0,72
4,false,core,fire,sustain,seed|spark|blaze|heal|nourish|vine,sword,quick,swift|expose|strike|guard|cut|unity,burst,aggressive,1,0,0,5,75,0
4,false,core,fire,sustain,seed|spark|blaze|heal|nourish|vine,sword,quick,swift|expose|strike|guard|cut|unity,burst,aggressive,1,1,1,3,0,72
4,false,core,fire,sustain,seed|spark|blaze|heal|nourish|vine,sword,quick,swift|expose|strike|guard|cut|unity,burst,aggressive,2,0,0,5,72,0
4,false,core,fire,sustain,seed|spark|blaze|heal|nourish|vine,sword,quick,swift|expose|strike|guard|cut|unity,burst,aggressive,2,1,1,4,0,12
4,false,core,fire,sustain,seed|spark|blaze|heal|nourish|vine,sword,quick,swift|expose|strike|guard|cut|unity,burst,defensive,0,0,0,7,50,0
4,false,core,fire,sustain,seed|spark|blaze|heal|nourish|vine,sword,quick,swift|expose|strike|guard|cut|unity,burst,defensive,0,1,0,15,136,0
4,false,core,fire,sustain,seed|spark|blaze|heal|nourish|vine,sword,quick,swift|expose|strike|guard|cut|unity,burst,defensive,1,0,0,12,193,0
4,false,core,fire,sustain,seed|spark|blaze|heal|nourish|vine,sword,quick,swift|expose|strike|guard|cut|unity,burst,defensive,1,1,0,18,210,0
4,false,core,fire,sustain,seed|spark|blaze|heal|nourish|vine,sword,quick,swift|expose|strike|guard|cut|unity,burst,defensive,2,0,0,10,169,0
4,false,core,fire,sustain,seed|spark|blaze|heal|nourish|vine,sword,quick,swift|expose|strike|guard|cut|unity,burst,defensive,2,1,0,15,159,0
4,false,core,fire,sustain,seed|spark|blaze|heal|nourish|vine,sword,quick,swift|expose|strike|guard|cut|unity,burst,burst,0,0,0,5,125,0
4,false,core,fire,sustain,seed|spark|blaze|heal|nourish|vine,sword,quick,swift|expose|strike|guard|cut|unity,burst,burst,0,1,0,5,17,0
4,false,core,fire,sustain,seed|spark|blaze|heal|nourish|vine,sword,quick,swift|expose|strike|guard|cut|unity,burst,burst,1,0,0,5,93,0
4,false,core,fire,sustain,seed|spark|blaze|heal|nourish|vine,sword,quick,swift|expose|strike|guard|cut|unity,burst,burst,1,1,0,5,115,0
4,false,core,fire,sustain,seed|spark|blaze|heal|nourish|vine,sword,quick,swift|expose|strike|guard|cut|unity,burst,burst,2,0,0,5,89,0
4,false,core,fire,sustain,seed|spark|blaze|heal|nourish|vine,sword,quick,swift|expose|strike|guard|cut|unity,burst,burst,2,1,0,5,187,0
4,false,core,fire,sustain,seed|spark|blaze|heal|nourish|vine,sword,heavy,swift|expose|strike|guard|return|unity,balanced,balanced,0,0,0,8,62,0
4,false,core,fire,sustain,seed|spark|blaze|heal|nourish|vine,sword,heavy,swift|expose|strike|guard|return|unity,balanced,balanced,0,1,1,5,0,57
4,false,core,fire,sustain,seed|spark|blaze|heal|nourish|vine,sword,heavy,swift|expose|strike|guard|return|unity,balanced,balanced,1,0,0,7,67,0
4,false,core,fire,sustain,seed|spark|blaze|heal|nourish|vine,sword,heavy,swift|expose|strike|guard|return|unity,balanced,balanced,1,1,0,8,107,0
4,false,core,fire,sustain,seed|spark|blaze|heal|nourish|vine,sword,heavy,swift|expose|strike|guard|return|unity,balanced,balanced,2,0,0,9,119,0
4,false,core,fire,sustain,seed|spark|blaze|heal|nourish|vine,sword,heavy,swift|expose|strike|guard|return|unity,balanced,balanced,2,1,0,7,65,0
4,false,core,fire,sustain,seed|spark|blaze|heal|nourish|vine,sword,heavy,swift|expose|strike|guard|return|unity,balanced,aggressive,0,0,0,6,80,0
4,false,core,fire,sustain,seed|spark|blaze|heal|nourish|vine,sword,heavy,swift|expose|strike|guard|return|unity,balanced,aggressive,0,1,1,4,0,28
4,false,core,fire,sustain,seed|spark|blaze|heal|nourish|vine,sword,heavy,swift|expose|strike|guard|return|unity,balanced,aggressive,1,0,0,6,103,0
4,false,core,fire,sustain,seed|spark|blaze|heal|nourish|vine,sword,heavy,swift|expose|strike|guard|return|unity,balanced,aggressive,1,1,1,4,0,28
4,false,core,fire,sustain,seed|spark|blaze|heal|nourish|vine,sword,heavy,swift|expose|strike|guard|return|unity,balanced,aggressive,2,0,0,5,113,0
4,false,core,fire,sustain,seed|spark|blaze|heal|nourish|vine,sword,heavy,swift|expose|strike|guard|return|unity,balanced,aggressive,2,1,0,4,17,0
4,false,core,fire,sustain,seed|spark|blaze|heal|nourish|vine,sword,heavy,swift|expose|strike|guard|return|unity,balanced,defensive,0,0,0,18,188,0
4,false,core,fire,sustain,seed|spark|blaze|heal|nourish|vine,sword,heavy,swift|expose|strike|guard|return|unity,balanced,defensive,0,1,0,15,132,0
4,false,core,fire,sustain,seed|spark|blaze|heal|nourish|vine,sword,heavy,swift|expose|strike|guard|return|unity,balanced,defensive,1,0,0,16,205,0
4,false,core,fire,sustain,seed|spark|blaze|heal|nourish|vine,sword,heavy,swift|expose|strike|guard|return|unity,balanced,defensive,1,1,0,16,150,0
4,false,core,fire,sustain,seed|spark|blaze|heal|nourish|vine,sword,heavy,swift|expose|strike|guard|return|unity,balanced,defensive,2,0,0,14,165,0
4,false,core,fire,sustain,seed|spark|blaze|heal|nourish|vine,sword,heavy,swift|expose|strike|guard|return|unity,balanced,defensive,2,1,0,15,160,0
4,false,core,fire,sustain,seed|spark|blaze|heal|nourish|vine,sword,heavy,swift|expose|strike|guard|return|unity,balanced,burst,0,0,0,6,145,0
4,false,core,fire,sustain,seed|spark|blaze|heal|nourish|vine,sword,heavy,swift|expose|strike|guard|return|unity,balanced,burst,0,1,0,6,201,0
4,false,core,fire,sustain,seed|spark|blaze|heal|nourish|vine,sword,heavy,swift|expose|strike|guard|return|unity,balanced,burst,1,0,0,6,145,0
4,false,core,fire,sustain,seed|spark|blaze|heal|nourish|vine,sword,heavy,swift|expose|strike|guard|return|unity,balanced,burst,1,1,0,6,201,0
4,false,core,fire,sustain,seed|spark|blaze|heal|nourish|vine,sword,heavy,swift|expose|strike|guard|return|unity,balanced,burst,2,0,0,5,168,0
4,false,core,fire,sustain,seed|spark|blaze|heal|nourish|vine,sword,heavy,swift|expose|strike|guard|return|unity,balanced,burst,2,1,0,6,210,0
4,false,core,fire,sustain,seed|spark|blaze|heal|nourish|vine,sword,heavy,swift|expose|strike|guard|return|unity,aggressive,balanced,0,0,1,5,0,39
4,false,core,fire,sustain,seed|spark|blaze|heal|nourish|vine,sword,heavy,swift|expose|strike|guard|return|unity,aggressive,balanced,0,1,0,6,22,0
4,false,core,fire,sustain,seed|spark|blaze|heal|nourish|vine,sword,heavy,swift|expose|strike|guard|return|unity,aggressive,balanced,1,0,0,6,20,0
4,false,core,fire,sustain,seed|spark|blaze|heal|nourish|vine,sword,heavy,swift|expose|strike|guard|return|unity,aggressive,balanced,1,1,0,7,10,0
4,false,core,fire,sustain,seed|spark|blaze|heal|nourish|vine,sword,heavy,swift|expose|strike|guard|return|unity,aggressive,balanced,2,0,0,6,20,0
4,false,core,fire,sustain,seed|spark|blaze|heal|nourish|vine,sword,heavy,swift|expose|strike|guard|return|unity,aggressive,balanced,2,1,0,6,11,0
4,false,core,fire,sustain,seed|spark|blaze|heal|nourish|vine,sword,heavy,swift|expose|strike|guard|return|unity,aggressive,aggressive,0,0,0,5,59,0
4,false,core,fire,sustain,seed|spark|blaze|heal|nourish|vine,sword,heavy,swift|expose|strike|guard|return|unity,aggressive,aggressive,0,1,1,4,0,32
4,false,core,fire,sustain,seed|spark|blaze|heal|nourish|vine,sword,heavy,swift|expose|strike|guard|return|unity,aggressive,aggressive,1,0,0,5,5,0
4,false,core,fire,sustain,seed|spark|blaze|heal|nourish|vine,sword,heavy,swift|expose|strike|guard|return|unity,aggressive,aggressive,1,1,1,4,0,41
4,false,core,fire,sustain,seed|spark|blaze|heal|nourish|vine,sword,heavy,swift|expose|strike|guard|return|unity,aggressive,aggressive,2,0,0,5,14,0
4,false,core,fire,sustain,seed|spark|blaze|heal|nourish|vine,sword,heavy,swift|expose|strike|guard|return|unity,aggressive,aggressive,2,1,1,4,0,58
4,false,core,fire,sustain,seed|spark|blaze|heal|nourish|vine,sword,heavy,swift|expose|strike|guard|return|unity,aggressive,defensive,0,0,1,5,0,51
4,false,core,fire,sustain,seed|spark|blaze|heal|nourish|vine,sword,heavy,swift|expose|strike|guard|return|unity,aggressive,defensive,0,1,0,13,12,0
4,false,core,fire,sustain,seed|spark|blaze|heal|nourish|vine,sword,heavy,swift|expose|strike|guard|return|unity,aggressive,defensive,1,0,0,8,109,0
4,false,core,fire,sustain,seed|spark|blaze|heal|nourish|vine,sword,heavy,swift|expose|strike|guard|return|unity,aggressive,defensive,1,1,0,16,48,0
4,false,core,fire,sustain,seed|spark|blaze|heal|nourish|vine,sword,heavy,swift|expose|strike|guard|return|unity,aggressive,defensive,2,0,0,9,40,0
4,false,core,fire,sustain,seed|spark|blaze|heal|nourish|vine,sword,heavy,swift|expose|strike|guard|return|unity,aggressive,defensive,2,1,0,13,56,0
4,false,core,fire,sustain,seed|spark|blaze|heal|nourish|vine,sword,heavy,swift|expose|strike|guard|return|unity,aggressive,burst,0,0,1,4,0,42
4,false,core,fire,sustain,seed|spark|blaze|heal|nourish|vine,sword,heavy,swift|expose|strike|guard|return|unity,aggressive,burst,0,1,0,6,143,0
4,false,core,fire,sustain,seed|spark|blaze|heal|nourish|vine,sword,heavy,swift|expose|strike|guard|return|unity,aggressive,burst,1,0,0,5,81,0
4,false,core,fire,sustain,seed|spark|blaze|heal|nourish|vine,sword,heavy,swift|expose|strike|guard|return|unity,aggressive,burst,1,1,0,6,67,0
4,false,core,fire,sustain,seed|spark|blaze|heal|nourish|vine,sword,heavy,swift|expose|strike|guard|return|unity,aggressive,burst,2,0,0,5,85,0
4,false,core,fire,sustain,seed|spark|blaze|heal|nourish|vine,sword,heavy,swift|expose|strike|guard|return|unity,aggressive,burst,2,1,0,6,160,0
4,false,core,fire,sustain,seed|spark|blaze|heal|nourish|vine,sword,heavy,swift|expose|strike|guard|return|unity,defensive,balanced,0,0,0,8,99,0
4,false,core,fire,sustain,seed|spark|blaze|heal|nourish|vine,sword,heavy,swift|expose|strike|guard|return|unity,defensive,balanced,0,1,1,7,0,47
4,false,core,fire,sustain,seed|spark|blaze|heal|nourish|vine,sword,heavy,swift|expose|strike|guard|return|unity,defensive,balanced,1,0,0,10,210,0
4,false,core,fire,sustain,seed|spark|blaze|heal|nourish|vine,sword,heavy,swift|expose|strike|guard|return|unity,defensive,balanced,1,1,0,8,18,0
4,false,core,fire,sustain,seed|spark|blaze|heal|nourish|vine,sword,heavy,swift|expose|strike|guard|return|unity,defensive,balanced,2,0,0,8,210,0
4,false,core,fire,sustain,seed|spark|blaze|heal|nourish|vine,sword,heavy,swift|expose|strike|guard|return|unity,defensive,balanced,2,1,0,10,79,0
4,false,core,fire,sustain,seed|spark|blaze|heal|nourish|vine,sword,heavy,swift|expose|strike|guard|return|unity,defensive,aggressive,0,0,0,6,65,0
4,false,core,fire,sustain,seed|spark|blaze|heal|nourish|vine,sword,heavy,swift|expose|strike|guard|return|unity,defensive,aggressive,0,1,1,4,0,28
4,false,core,fire,sustain,seed|spark|blaze|heal|nourish|vine,sword,heavy,swift|expose|strike|guard|return|unity,defensive,aggressive,1,0,0,5,136,0
4,false,core,fire,sustain,seed|spark|blaze|heal|nourish|vine,sword,heavy,swift|expose|strike|guard|return|unity,defensive,aggressive,1,1,1,4,0,28
4,false,core,fire,sustain,seed|spark|blaze|heal|nourish|vine,sword,heavy,swift|expose|strike|guard|return|unity,defensive,aggressive,2,0,0,5,136,0
4,false,core,fire,sustain,seed|spark|blaze|heal|nourish|vine,sword,heavy,swift|expose|strike|guard|return|unity,defensive,aggressive,2,1,0,4,17,0
4,false,core,fire,sustain,seed|spark|blaze|heal|nourish|vine,sword,heavy,swift|expose|strike|guard|return|unity,defensive,defensive,0,0,0,16,205,0
4,false,core,fire,sustain,seed|spark|blaze|heal|nourish|vine,sword,heavy,swift|expose|strike|guard|return|unity,defensive,defensive,0,1,0,16,132,0
4,false,core,fire,sustain,seed|spark|blaze|heal|nourish|vine,sword,heavy,swift|expose|strike|guard|return|unity,defensive,defensive,1,0,0,16,205,0
4,false,core,fire,sustain,seed|spark|blaze|heal|nourish|vine,sword,heavy,swift|expose|strike|guard|return|unity,defensive,defensive,1,1,0,15,84,0
4,false,core,fire,sustain,seed|spark|blaze|heal|nourish|vine,sword,heavy,swift|expose|strike|guard|return|unity,defensive,defensive,2,0,0,14,165,0
4,false,core,fire,sustain,seed|spark|blaze|heal|nourish|vine,sword,heavy,swift|expose|strike|guard|return|unity,defensive,defensive,2,1,0,17,165,0
4,false,core,fire,sustain,seed|spark|blaze|heal|nourish|vine,sword,heavy,swift|expose|strike|guard|return|unity,defensive,burst,0,0,0,6,155,0
4,false,core,fire,sustain,seed|spark|blaze|heal|nourish|vine,sword,heavy,swift|expose|strike|guard|return|unity,defensive,burst,0,1,0,6,78,0
4,false,core,fire,sustain,seed|spark|blaze|heal|nourish|vine,sword,heavy,swift|expose|strike|guard|return|unity,defensive,burst,1,0,0,6,155,0
4,false,core,fire,sustain,seed|spark|blaze|heal|nourish|vine,sword,heavy,swift|expose|strike|guard|return|unity,defensive,burst,1,1,0,7,210,0
4,false,core,fire,sustain,seed|spark|blaze|heal|nourish|vine,sword,heavy,swift|expose|strike|guard|return|unity,defensive,burst,2,0,0,5,208,0
4,false,core,fire,sustain,seed|spark|blaze|heal|nourish|vine,sword,heavy,swift|expose|strike|guard|return|unity,defensive,burst,2,1,0,6,210,0
4,false,core,fire,sustain,seed|spark|blaze|heal|nourish|vine,sword,heavy,swift|expose|strike|guard|return|unity,burst,balanced,0,0,0,7,43,0
4,false,core,fire,sustain,seed|spark|blaze|heal|nourish|vine,sword,heavy,swift|expose|strike|guard|return|unity,burst,balanced,0,1,1,4,0,68
4,false,core,fire,sustain,seed|spark|blaze|heal|nourish|vine,sword,heavy,swift|expose|strike|guard|return|unity,burst,balanced,1,0,0,7,53,0
4,false,core,fire,sustain,seed|spark|blaze|heal|nourish|vine,sword,heavy,swift|expose|strike|guard|return|unity,burst,balanced,1,1,0,7,6,0
4,false,core,fire,sustain,seed|spark|blaze|heal|nourish|vine,sword,heavy,swift|expose|strike|guard|return|unity,burst,balanced,2,0,0,8,101,0
4,false,core,fire,sustain,seed|spark|blaze|heal|nourish|vine,sword,heavy,swift|expose|strike|guard|return|unity,burst,balanced,2,1,0,6,56,0
4,false,core,fire,sustain,seed|spark|blaze|heal|nourish|vine,sword,heavy,swift|expose|strike|guard|return|unity,burst,aggressive,0,0,0,6,80,0
4,false,core,fire,sustain,seed|spark|blaze|heal|nourish|vine,sword,heavy,swift|expose|strike|guard|return|unity,burst,aggressive,0,1,1,4,0,12
4,false,core,fire,sustain,seed|spark|blaze|heal|nourish|vine,sword,heavy,swift|expose|strike|guard|return|unity,burst,aggressive,1,0,0,5,91,0
4,false,core,fire,sustain,seed|spark|blaze|heal|nourish|vine,sword,heavy,swift|expose|strike|guard|return|unity,burst,aggressive,1,1,1,4,0,12
4,false,core,fire,sustain,seed|spark|blaze|heal|nourish|vine,sword,heavy,swift|expose|strike|guard|return|unity,burst,aggressive,2,0,0,5,76,0
4,false,core,fire,sustain,seed|spark|blaze|heal|nourish|vine,sword,heavy,swift|expose|strike|guard|return|unity,burst,aggressive,2,1,1,4,0,12
4,false,core,fire,sustain,seed|spark|blaze|heal|nourish|vine,sword,heavy,swift|expose|strike|guard|return|unity,burst,defensive,0,0,0,7,127,0
4,false,core,fire,sustain,seed|spark|blaze|heal|nourish|vine,sword,heavy,swift|expose|strike|guard|return|unity,burst,defensive,0,1,0,17,196,0
4,false,core,fire,sustain,seed|spark|blaze|heal|nourish|vine,sword,heavy,swift|expose|strike|guard|return|unity,burst,defensive,1,0,0,13,128,0
4,false,core,fire,sustain,seed|spark|blaze|heal|nourish|vine,sword,heavy,swift|expose|strike|guard|return|unity,burst,defensive,1,1,0,17,40,0
4,false,core,fire,sustain,seed|spark|blaze|heal|nourish|vine,sword,heavy,swift|expose|strike|guard|return|unity,burst,defensive,2,0,0,10,165,0
4,false,core,fire,sustain,seed|spark|blaze|heal|nourish|vine,sword,heavy,swift|expose|strike|guard|return|unity,burst,defensive,2,1,0,16,135,0
4,false,core,fire,sustain,seed|spark|blaze|heal|nourish|vine,sword,heavy,swift|expose|strike|guard|return|unity,burst,burst,0,0,0,6,168,0
4,false,core,fire,sustain,seed|spark|blaze|heal|nourish|vine,sword,heavy,swift|expose|strike|guard|return|unity,burst,burst,0,1,0,6,209,0
4,false,core,fire,sustain,seed|spark|blaze|heal|nourish|vine,sword,heavy,swift|expose|strike|guard|return|unity,burst,burst,1,0,0,5,142,0
4,false,core,fire,sustain,seed|spark|blaze|heal|nourish|vine,sword,heavy,swift|expose|strike|guard|return|unity,burst,burst,1,1,0,6,145,0
4,false,core,fire,sustain,seed|spark|blaze|heal|nourish|vine,sword,heavy,swift|expose|strike|guard|return|unity,burst,burst,2,0,0,5,138,0
4,false,core,fire,sustain,seed|spark|blaze|heal|nourish|vine,sword,heavy,swift|expose|strike|guard|return|unity,burst,burst,2,1,0,5,159,0
4,false,mirror,fire,sustain,seed|spark|blaze|heal|nourish|vine,fire,sustain,seed|spark|blaze|heal|nourish|vine,balanced,balanced,0,0,1,8,0,72
4,false,mirror,fire,sustain,seed|spark|blaze|heal|nourish|vine,fire,sustain,seed|spark|blaze|heal|nourish|vine,balanced,balanced,0,1,0,8,72,0
4,false,mirror,fire,sustain,seed|spark|blaze|heal|nourish|vine,fire,sustain,seed|spark|blaze|heal|nourish|vine,balanced,balanced,1,0,1,8,0,72
4,false,mirror,fire,sustain,seed|spark|blaze|heal|nourish|vine,fire,sustain,seed|spark|blaze|heal|nourish|vine,balanced,balanced,1,1,0,8,72,0
4,false,mirror,fire,sustain,seed|spark|blaze|heal|nourish|vine,fire,sustain,seed|spark|blaze|heal|nourish|vine,balanced,balanced,2,0,1,8,0,72
4,false,mirror,fire,sustain,seed|spark|blaze|heal|nourish|vine,fire,sustain,seed|spark|blaze|heal|nourish|vine,balanced,balanced,2,1,0,8,72,0
4,false,mirror,fire,sustain,seed|spark|blaze|heal|nourish|vine,fire,sustain,seed|spark|blaze|heal|nourish|vine,aggressive,aggressive,0,0,0,5,67,0
4,false,mirror,fire,sustain,seed|spark|blaze|heal|nourish|vine,fire,sustain,seed|spark|blaze|heal|nourish|vine,aggressive,aggressive,0,1,1,5,0,67
4,false,mirror,fire,sustain,seed|spark|blaze|heal|nourish|vine,fire,sustain,seed|spark|blaze|heal|nourish|vine,aggressive,aggressive,1,0,0,5,67,0
4,false,mirror,fire,sustain,seed|spark|blaze|heal|nourish|vine,fire,sustain,seed|spark|blaze|heal|nourish|vine,aggressive,aggressive,1,1,1,5,0,67
4,false,mirror,fire,sustain,seed|spark|blaze|heal|nourish|vine,fire,sustain,seed|spark|blaze|heal|nourish|vine,aggressive,aggressive,2,0,0,5,67,0
4,false,mirror,fire,sustain,seed|spark|blaze|heal|nourish|vine,fire,sustain,seed|spark|blaze|heal|nourish|vine,aggressive,aggressive,2,1,1,5,0,67
4,false,mirror,fire,sustain,seed|spark|blaze|heal|nourish|vine,fire,sustain,seed|spark|blaze|heal|nourish|vine,defensive,defensive,0,0,1,15,0,66
4,false,mirror,fire,sustain,seed|spark|blaze|heal|nourish|vine,fire,sustain,seed|spark|blaze|heal|nourish|vine,defensive,defensive,0,1,0,15,66,0
4,false,mirror,fire,sustain,seed|spark|blaze|heal|nourish|vine,fire,sustain,seed|spark|blaze|heal|nourish|vine,defensive,defensive,1,0,1,15,0,66
4,false,mirror,fire,sustain,seed|spark|blaze|heal|nourish|vine,fire,sustain,seed|spark|blaze|heal|nourish|vine,defensive,defensive,1,1,0,15,66,0
4,false,mirror,fire,sustain,seed|spark|blaze|heal|nourish|vine,fire,sustain,seed|spark|blaze|heal|nourish|vine,defensive,defensive,2,0,1,15,0,66
4,false,mirror,fire,sustain,seed|spark|blaze|heal|nourish|vine,fire,sustain,seed|spark|blaze|heal|nourish|vine,defensive,defensive,2,1,0,15,66,0
4,false,mirror,fire,sustain,seed|spark|blaze|heal|nourish|vine,fire,sustain,seed|spark|blaze|heal|nourish|vine,burst,burst,0,0,0,6,44,0
4,false,mirror,fire,sustain,seed|spark|blaze|heal|nourish|vine,fire,sustain,seed|spark|blaze|heal|nourish|vine,burst,burst,0,1,1,6,0,44
4,false,mirror,fire,sustain,seed|spark|blaze|heal|nourish|vine,fire,sustain,seed|spark|blaze|heal|nourish|vine,burst,burst,1,0,0,6,44,0
4,false,mirror,fire,sustain,seed|spark|blaze|heal|nourish|vine,fire,sustain,seed|spark|blaze|heal|nourish|vine,burst,burst,1,1,1,6,0,44
4,false,mirror,fire,sustain,seed|spark|blaze|heal|nourish|vine,fire,sustain,seed|spark|blaze|heal|nourish|vine,burst,burst,2,0,0,6,44,0
4,false,mirror,fire,sustain,seed|spark|blaze|heal|nourish|vine,fire,sustain,seed|spark|blaze|heal|nourish|vine,burst,burst,2,1,1,6,0,44
4,false,loadout,fire,sustain,blaze|heal|vine|ember|nourish|inferno,sword,quick,swift|expose|strike|guard|cut|unity,balanced,balanced,0,0,1,10,0,35
4,false,loadout,fire,sustain,blaze|heal|vine|ember|nourish|inferno,sword,quick,swift|expose|strike|guard|cut|unity,balanced,balanced,0,1,1,5,0,124
4,false,loadout,fire,sustain,blaze|heal|vine|ember|nourish|inferno,sword,quick,swift|expose|strike|guard|cut|unity,balanced,balanced,1,0,1,10,0,26
4,false,loadout,fire,sustain,blaze|heal|vine|ember|nourish|inferno,sword,quick,swift|expose|strike|guard|cut|unity,balanced,balanced,1,1,1,6,0,44
4,false,loadout,fire,sustain,blaze|heal|vine|ember|nourish|inferno,sword,quick,swift|expose|strike|guard|cut|unity,balanced,balanced,2,0,0,10,187,0
4,false,loadout,fire,sustain,blaze|heal|vine|ember|nourish|inferno,sword,quick,swift|expose|strike|guard|cut|unity,balanced,balanced,2,1,1,6,0,147
4,false,loadout,fire,sustain,blaze|heal|vine|ember|nourish|inferno,sword,heavy,swift|expose|strike|guard|return|unity,balanced,balanced,0,0,1,6,0,73
4,false,loadout,fire,sustain,blaze|heal|vine|ember|nourish|inferno,sword,heavy,swift|expose|strike|guard|return|unity,balanced,balanced,0,1,1,4,0,117
4,false,loadout,fire,sustain,blaze|heal|vine|ember|nourish|inferno,sword,heavy,swift|expose|strike|guard|return|unity,balanced,balanced,1,0,1,6,0,64
4,false,loadout,fire,sustain,blaze|heal|vine|ember|nourish|inferno,sword,heavy,swift|expose|strike|guard|return|unity,balanced,balanced,1,1,1,5,0,165
4,false,loadout,fire,sustain,blaze|heal|vine|ember|nourish|inferno,sword,heavy,swift|expose|strike|guard|return|unity,balanced,balanced,2,0,0,9,66,0
4,false,loadout,fire,sustain,blaze|heal|vine|ember|nourish|inferno,sword,heavy,swift|expose|strike|guard|return|unity,balanced,balanced,2,1,1,5,0,165
4,false,loadout,fire,sustain,spark|heal|vine|ember|nourish|inferno,sword,quick,swift|expose|strike|guard|cut|unity,balanced,balanced,0,0,0,16,60,0
4,false,loadout,fire,sustain,spark|heal|vine|ember|nourish|inferno,sword,quick,swift|expose|strike|guard|cut|unity,balanced,balanced,0,1,1,4,0,143
4,false,loadout,fire,sustain,spark|heal|vine|ember|nourish|inferno,sword,quick,swift|expose|strike|guard|cut|unity,balanced,balanced,1,0,1,12,0,34
4,false,loadout,fire,sustain,spark|heal|vine|ember|nourish|inferno,sword,quick,swift|expose|strike|guard|cut|unity,balanced,balanced,1,1,1,4,0,131
4,false,loadout,fire,sustain,spark|heal|vine|ember|nourish|inferno,sword,quick,swift|expose|strike|guard|cut|unity,balanced,balanced,2,0,1,12,0,41
4,false,loadout,fire,sustain,spark|heal|vine|ember|nourish|inferno,sword,quick,swift|expose|strike|guard|cut|unity,balanced,balanced,2,1,1,5,0,85
4,false,loadout,fire,sustain,spark|heal|vine|ember|nourish|inferno,sword,heavy,swift|expose|strike|guard|return|unity,balanced,balanced,0,0,0,14,103,0
4,false,loadout,fire,sustain,spark|heal|vine|ember|nourish|inferno,sword,heavy,swift|expose|strike|guard|return|unity,balanced,balanced,0,1,1,5,0,116
4,false,loadout,fire,sustain,spark|heal|vine|ember|nourish|inferno,sword,heavy,swift|expose|strike|guard|return|unity,balanced,balanced,1,0,1,13,0,57
4,false,loadout,fire,sustain,spark|heal|vine|ember|nourish|inferno,sword,heavy,swift|expose|strike|guard|return|unity,balanced,balanced,1,1,1,5,0,116
4,false,loadout,fire,sustain,spark|heal|vine|ember|nourish|inferno,sword,heavy,swift|expose|strike|guard|return|unity,balanced,balanced,2,0,1,13,0,48
4,false,loadout,fire,sustain,spark|heal|vine|ember|nourish|inferno,sword,heavy,swift|expose|strike|guard|return|unity,balanced,balanced,2,1,1,5,0,116
4,false,loadout,fire,sustain,spark|blaze|vine|ember|nourish|inferno,sword,quick,swift|expose|strike|guard|cut|unity,balanced,balanced,0,0,0,8,68,0
4,false,loadout,fire,sustain,spark|blaze|vine|ember|nourish|inferno,sword,quick,swift|expose|strike|guard|cut|unity,balanced,balanced,0,1,1,5,0,50
4,false,loadout,fire,sustain,spark|blaze|vine|ember|nourish|inferno,sword,quick,swift|expose|strike|guard|cut|unity,balanced,balanced,1,0,0,8,126,0
4,false,loadout,fire,sustain,spark|blaze|vine|ember|nourish|inferno,sword,quick,swift|expose|strike|guard|cut|unity,balanced,balanced,1,1,0,5,62,0
4,false,loadout,fire,sustain,spark|blaze|vine|ember|nourish|inferno,sword,quick,swift|expose|strike|guard|cut|unity,balanced,balanced,2,0,0,7,132,0
4,false,loadout,fire,sustain,spark|blaze|vine|ember|nourish|inferno,sword,quick,swift|expose|strike|guard|cut|unity,balanced,balanced,2,1,1,5,0,68
4,false,loadout,fire,sustain,spark|blaze|vine|ember|nourish|inferno,sword,heavy,swift|expose|strike|guard|return|unity,balanced,balanced,0,0,0,8,70,0
4,false,loadout,fire,sustain,spark|blaze|vine|ember|nourish|inferno,sword,heavy,swift|expose|strike|guard|return|unity,balanced,balanced,0,1,1,4,0,88
4,false,loadout,fire,sustain,spark|blaze|vine|ember|nourish|inferno,sword,heavy,swift|expose|strike|guard|return|unity,balanced,balanced,1,0,0,8,53,0
4,false,loadout,fire,sustain,spark|blaze|vine|ember|nourish|inferno,sword,heavy,swift|expose|strike|guard|return|unity,balanced,balanced,1,1,1,5,0,26
4,false,loadout,fire,sustain,spark|blaze|vine|ember|nourish|inferno,sword,heavy,swift|expose|strike|guard|return|unity,balanced,balanced,2,0,1,6,0,42
4,false,loadout,fire,sustain,spark|blaze|vine|ember|nourish|inferno,sword,heavy,swift|expose|strike|guard|return|unity,balanced,balanced,2,1,1,5,0,68
4,false,loadout,fire,sustain,spark|blaze|heal|ember|nourish|inferno,sword,quick,swift|expose|strike|guard|cut|unity,balanced,balanced,0,0,0,10,99,0
4,false,loadout,fire,sustain,spark|blaze|heal|ember|nourish|inferno,sword,quick,swift|expose|strike|guard|cut|unity,balanced,balanced,0,1,1,5,0,50
4,false,loadout,fire,sustain,spark|blaze|heal|ember|nourish|inferno,sword,quick,swift|expose|strike|guard|cut|unity,balanced,balanced,1,0,0,10,203,0
4,false,loadout,fire,sustain,spark|blaze|heal|ember|nourish|inferno,sword,quick,swift|expose|strike|guard|cut|unity,balanced,balanced,1,1,0,6,22,0
4,false,loadout,fire,sustain,spark|blaze|heal|ember|nourish|inferno,sword,quick,swift|expose|strike|guard|cut|unity,balanced,balanced,2,0,0,8,190,0
4,false,loadout,fire,sustain,spark|blaze|heal|ember|nourish|inferno,sword,quick,swift|expose|strike|guard|cut|unity,balanced,balanced,2,1,1,5,0,68
4,false,loadout,fire,sustain,spark|blaze|heal|ember|nourish|inferno,sword,heavy,swift|expose|strike|guard|return|unity,balanced,balanced,0,0,0,9,53,0
4,false,loadout,fire,sustain,spark|blaze|heal|ember|nourish|inferno,sword,heavy,swift|expose|strike|guard|return|unity,balanced,balanced,0,1,1,4,0,88
4,false,loadout,fire,sustain,spark|blaze|heal|ember|nourish|inferno,sword,heavy,swift|expose|strike|guard|return|unity,balanced,balanced,1,0,0,9,55,0
4,false,loadout,fire,sustain,spark|blaze|heal|ember|nourish|inferno,sword,heavy,swift|expose|strike|guard|return|unity,balanced,balanced,1,1,1,5,0,60
4,false,loadout,fire,sustain,spark|blaze|heal|ember|nourish|inferno,sword,heavy,swift|expose|strike|guard|return|unity,balanced,balanced,2,0,1,6,0,50
4,false,loadout,fire,sustain,spark|blaze|heal|ember|nourish|inferno,sword,heavy,swift|expose|strike|guard|return|unity,balanced,balanced,2,1,1,5,0,68
4,false,loadout,fire,sustain,spark|blaze|heal|vine|nourish|inferno,sword,quick,swift|expose|strike|guard|cut|unity,balanced,balanced,0,0,0,10,99,0
4,false,loadout,fire,sustain,spark|blaze|heal|vine|nourish|inferno,sword,quick,swift|expose|strike|guard|cut|unity,balanced,balanced,0,1,1,5,0,50
4,false,loadout,fire,sustain,spark|blaze|heal|vine|nourish|inferno,sword,quick,swift|expose|strike|guard|cut|unity,balanced,balanced,1,0,0,10,203,0
4,false,loadout,fire,sustain,spark|blaze|heal|vine|nourish|inferno,sword,quick,swift|expose|strike|guard|cut|unity,balanced,balanced,1,1,1,6,0,5
4,false,loadout,fire,sustain,spark|blaze|heal|vine|nourish|inferno,sword,quick,swift|expose|strike|guard|cut|unity,balanced,balanced,2,0,0,7,154,0
4,false,loadout,fire,sustain,spark|blaze|heal|vine|nourish|inferno,sword,quick,swift|expose|strike|guard|cut|unity,balanced,balanced,2,1,1,5,0,68
4,false,loadout,fire,sustain,spark|blaze|heal|vine|nourish|inferno,sword,heavy,swift|expose|strike|guard|return|unity,balanced,balanced,0,0,0,9,53,0
4,false,loadout,fire,sustain,spark|blaze|heal|vine|nourish|inferno,sword,heavy,swift|expose|strike|guard|return|unity,balanced,balanced,0,1,1,4,0,88
4,false,loadout,fire,sustain,spark|blaze|heal|vine|nourish|inferno,sword,heavy,swift|expose|strike|guard|return|unity,balanced,balanced,1,0,0,9,55,0
4,false,loadout,fire,sustain,spark|blaze|heal|vine|nourish|inferno,sword,heavy,swift|expose|strike|guard|return|unity,balanced,balanced,1,1,1,5,0,60
4,false,loadout,fire,sustain,spark|blaze|heal|vine|nourish|inferno,sword,heavy,swift|expose|strike|guard|return|unity,balanced,balanced,2,0,0,9,19,0
4,false,loadout,fire,sustain,spark|blaze|heal|vine|nourish|inferno,sword,heavy,swift|expose|strike|guard|return|unity,balanced,balanced,2,1,1,5,0,68
4,false,loadout,fire,sustain,spark|blaze|heal|vine|ember|inferno,sword,quick,swift|expose|strike|guard|cut|unity,balanced,balanced,0,0,0,9,91,0
4,false,loadout,fire,sustain,spark|blaze|heal|vine|ember|inferno,sword,quick,swift|expose|strike|guard|cut|unity,balanced,balanced,0,1,1,4,0,78
4,false,loadout,fire,sustain,spark|blaze|heal|vine|ember|inferno,sword,quick,swift|expose|strike|guard|cut|unity,balanced,balanced,1,0,0,14,142,0
4,false,loadout,fire,sustain,spark|blaze|heal|vine|ember|inferno,sword,quick,swift|expose|strike|guard|cut|unity,balanced,balanced,1,1,1,6,0,5
4,false,loadout,fire,sustain,spark|blaze|heal|vine|ember|inferno,sword,quick,swift|expose|strike|guard|cut|unity,balanced,balanced,2,0,0,7,154,0
4,false,loadout,fire,sustain,spark|blaze|heal|vine|ember|inferno,sword,quick,swift|expose|strike|guard|cut|unity,balanced,balanced,2,1,1,4,0,112
4,false,loadout,fire,sustain,spark|blaze|heal|vine|ember|inferno,sword,heavy,swift|expose|strike|guard|return|unity,balanced,balanced,0,0,0,9,19,0
4,false,loadout,fire,sustain,spark|blaze|heal|vine|ember|inferno,sword,heavy,swift|expose|strike|guard|return|unity,balanced,balanced,0,1,1,4,0,96
4,false,loadout,fire,sustain,spark|blaze|heal|vine|ember|inferno,sword,heavy,swift|expose|strike|guard|return|unity,balanced,balanced,1,0,0,11,83,0
4,false,loadout,fire,sustain,spark|blaze|heal|vine|ember|inferno,sword,heavy,swift|expose|strike|guard|return|unity,balanced,balanced,1,1,1,4,0,96
4,false,loadout,fire,sustain,spark|blaze|heal|vine|ember|inferno,sword,heavy,swift|expose|strike|guard|return|unity,balanced,balanced,2,0,0,9,19,0
4,false,loadout,fire,sustain,spark|blaze|heal|vine|ember|inferno,sword,heavy,swift|expose|strike|guard|return|unity,balanced,balanced,2,1,0,6,71,0
4,false,loadout,fire,sustain,spark|blaze|heal|vine|ember|nourish,sword,quick,swift|expose|strike|guard|cut|unity,balanced,balanced,0,0,0,10,99,0
4,false,loadout,fire,sustain,spark|blaze|heal|vine|ember|nourish,sword,quick,swift|expose|strike|guard|cut|unity,balanced,balanced,0,1,1,5,0,26
4,false,loadout,fire,sustain,spark|blaze|heal|vine|ember|nourish,sword,quick,swift|expose|strike|guard|cut|unity,balanced,balanced,1,0,0,10,203,0
4,false,loadout,fire,sustain,spark|blaze|heal|vine|ember|nourish,sword,quick,swift|expose|strike|guard|cut|unity,balanced,balanced,1,1,0,7,46,0
4,false,loadout,fire,sustain,spark|blaze|heal|vine|ember|nourish,sword,quick,swift|expose|strike|guard|cut|unity,balanced,balanced,2,0,0,7,154,0
4,false,loadout,fire,sustain,spark|blaze|heal|vine|ember|nourish,sword,quick,swift|expose|strike|guard|cut|unity,balanced,balanced,2,1,0,6,21,0
4,false,loadout,fire,sustain,spark|blaze|heal|vine|ember|nourish,sword,heavy,swift|expose|strike|guard|return|unity,balanced,balanced,0,0,0,9,53,0
4,false,loadout,fire,sustain,spark|blaze|heal|vine|ember|nourish,sword,heavy,swift|expose|strike|guard|return|unity,balanced,balanced,0,1,1,4,0,88
4,false,loadout,fire,sustain,spark|blaze|heal|vine|ember|nourish,sword,heavy,swift|expose|strike|guard|return|unity,balanced,balanced,1,0,0,9,55,0
4,false,loadout,fire,sustain,spark|blaze|heal|vine|ember|nourish,sword,heavy,swift|expose|strike|guard|return|unity,balanced,balanced,1,1,1,5,0,60
4,false,loadout,fire,sustain,spark|blaze|heal|vine|ember|nourish,sword,heavy,swift|expose|strike|guard|return|unity,balanced,balanced,2,0,0,7,63,0
4,false,loadout,fire,sustain,spark|blaze|heal|vine|ember|nourish,sword,heavy,swift|expose|strike|guard|return|unity,balanced,balanced,2,1,1,5,0,26
4,false,loadout,fire,sustain,seed|heal|vine|ember|nourish|inferno,sword,quick,swift|expose|strike|guard|cut|unity,balanced,balanced,0,0,1,6,0,191
4,false,loadout,fire,sustain,seed|heal|vine|ember|nourish|inferno,sword,quick,swift|expose|strike|guard|cut|unity,balanced,balanced,0,1,1,4,0,152
4,false,loadout,fire,sustain,seed|heal|vine|ember|nourish|inferno,sword,quick,swift|expose|strike|guard|cut|unity,balanced,balanced,1,0,1,16,0,9
4,false,loadout,fire,sustain,seed|heal|vine|ember|nourish|inferno,sword,quick,swift|expose|strike|guard|cut|unity,balanced,balanced,1,1,1,4,0,204
4,false,loadout,fire,sustain,seed|heal|vine|ember|nourish|inferno,sword,quick,swift|expose|strike|guard|cut|unity,balanced,balanced,2,0,1,7,0,147
4,false,loadout,fire,sustain,seed|heal|vine|ember|nourish|inferno,sword,quick,swift|expose|strike|guard|cut|unity,balanced,balanced,2,1,1,5,0,156
4,false,loadout,fire,sustain,seed|heal|vine|ember|nourish|inferno,sword,heavy,swift|expose|strike|guard|return|unity,balanced,balanced,0,0,1,10,0,115
4,false,loadout,fire,sustain,seed|heal|vine|ember|nourish|inferno,sword,heavy,swift|expose|strike|guard|return|unity,balanced,balanced,0,1,1,4,0,152
4,false,loadout,fire,sustain,seed|heal|vine|ember|nourish|inferno,sword,heavy,swift|expose|strike|guard|return|unity,balanced,balanced,1,0,1,10,0,102
4,false,loadout,fire,sustain,seed|heal|vine|ember|nourish|inferno,sword,heavy,swift|expose|strike|guard|return|unity,balanced,balanced,1,1,1,5,0,178
4,false,loadout,fire,sustain,seed|heal|vine|ember|nourish|inferno,sword,heavy,swift|expose|strike|guard|return|unity,balanced,balanced,2,0,1,18,0,63
4,false,loadout,fire,sustain,seed|heal|vine|ember|nourish|inferno,sword,heavy,swift|expose|strike|guard|return|unity,balanced,balanced,2,1,1,6,0,156
4,false,loadout,fire,sustain,seed|blaze|vine|ember|nourish|inferno,sword,quick,swift|expose|strike|guard|cut|unity,balanced,balanced,0,0,1,9,0,10
4,false,loadout,fire,sustain,seed|blaze|vine|ember|nourish|inferno,sword,quick,swift|expose|strike|guard|cut|unity,balanced,balanced,0,1,1,5,0,78
4,false,loadout,fire,sustain,seed|blaze|vine|ember|nourish|inferno,sword,quick,swift|expose|strike|guard|cut|unity,balanced,balanced,1,0,0,9,5,0
4,false,loadout,fire,sustain,seed|blaze|vine|ember|nourish|inferno,sword,quick,swift|expose|strike|guard|cut|unity,balanced,balanced,1,1,0,7,127,0
4,false,loadout,fire,sustain,seed|blaze|vine|ember|nourish|inferno,sword,quick,swift|expose|strike|guard|cut|unity,balanced,balanced,2,0,0,7,86,0
4,false,loadout,fire,sustain,seed|blaze|vine|ember|nourish|inferno,sword,quick,swift|expose|strike|guard|cut|unity,balanced,balanced,2,1,1,6,0,108
4,false,loadout,fire,sustain,seed|blaze|vine|ember|nourish|inferno,sword,heavy,swift|expose|strike|guard|return|unity,balanced,balanced,0,0,0,8,138,0
4,false,loadout,fire,sustain,seed|blaze|vine|ember|nourish|inferno,sword,heavy,swift|expose|strike|guard|return|unity,balanced,balanced,0,1,1,5,0,122
4,false,loadout,fire,sustain,seed|blaze|vine|ember|nourish|inferno,sword,heavy,swift|expose|strike|guard|return|unity,balanced,balanced,1,0,0,6,113,0
4,false,loadout,fire,sustain,seed|blaze|vine|ember|nourish|inferno,sword,heavy,swift|expose|strike|guard|return|unity,balanced,balanced,1,1,0,6,140,0
4,false,loadout,fire,sustain,seed|blaze|vine|ember|nourish|inferno,sword,heavy,swift|expose|strike|guard|return|unity,balanced,balanced,2,0,0,9,70,0
4,false,loadout,fire,sustain,seed|blaze|vine|ember|nourish|inferno,sword,heavy,swift|expose|strike|guard|return|unity,balanced,balanced,2,1,0,8,85,0
4,false,loadout,fire,sustain,seed|blaze|heal|ember|nourish|inferno,sword,quick,swift|expose|strike|guard|cut|unity,balanced,balanced,0,0,1,7,0,54
4,false,loadout,fire,sustain,seed|blaze|heal|ember|nourish|inferno,sword,quick,swift|expose|strike|guard|cut|unity,balanced,balanced,0,1,1,5,0,124
4,false,loadout,fire,sustain,seed|blaze|heal|ember|nourish|inferno,sword,quick,swift|expose|strike|guard|cut|unity,balanced,balanced,1,0,1,9,0,103
4,false,loadout,fire,sustain,seed|blaze|heal|ember|nourish|inferno,sword,quick,swift|expose|strike|guard|cut|unity,balanced,balanced,1,1,0,6,37,0
4,false,loadout,fire,sustain,seed|blaze|heal|ember|nourish|inferno,sword,quick,swift|expose|strike|guard|cut|unity,balanced,balanced,2,0,0,8,65,0
4,false,loadout,fire,sustain,seed|blaze|heal|ember|nourish|inferno,sword,quick,swift|expose|strike|guard|cut|unity,balanced,balanced,2,1,1,6,0,108
4,false,loadout,fire,sustain,seed|blaze|heal|ember|nourish|inferno,sword,heavy,swift|expose|strike|guard|return|unity,balanced,balanced,0,0,1,6,0,73
4,false,loadout,fire,sustain,seed|blaze|heal|ember|nourish|inferno,sword,heavy,swift|expose|strike|guard|return|unity,balanced,balanced,0,1,1,5,0,122
4,false,loadout,fire,sustain,seed|blaze|heal|ember|nourish|inferno,sword,heavy,swift|expose|strike|guard|return|unity,balanced,balanced,1,0,1,10,0,11
4,false,loadout,fire,sustain,seed|blaze|heal|ember|nourish|inferno,sword,heavy,swift|expose|strike|guard|return|unity,balanced,balanced,1,1,1,8,0,10
4,false,loadout,fire,sustain,seed|blaze|heal|ember|nourish|inferno,sword,heavy,swift|expose|strike|guard|return|unity,balanced,balanced,2,0,1,11,0,49
4,false,loadout,fire,sustain,seed|blaze|heal|ember|nourish|inferno,sword,heavy,swift|expose|strike|guard|return|unity,balanced,balanced,2,1,0,10,81,0
4,false,loadout,fire,sustain,seed|blaze|heal|vine|nourish|inferno,sword,quick,swift|expose|strike|guard|cut|unity,balanced,balanced,0,0,1,8,0,66
4,false,loadout,fire,sustain,seed|blaze|heal|vine|nourish|inferno,sword,quick,swift|expose|strike|guard|cut|unity,balanced,balanced,0,1,1,4,0,117
4,false,loadout,fire,sustain,seed|blaze|heal|vine|nourish|inferno,sword,quick,swift|expose|strike|guard|cut|unity,balanced,balanced,1,0,1,9,0,103
4,false,loadout,fire,sustain,seed|blaze|heal|vine|nourish|inferno,sword,quick,swift|expose|strike|guard|cut|unity,balanced,balanced,1,1,1,6,0,57
4,false,loadout,fire,sustain,seed|blaze|heal|vine|nourish|inferno,sword,quick,swift|expose|strike|guard|cut|unity,balanced,balanced,2,0,0,7,80,0
4,false,loadout,fire,sustain,seed|blaze|heal|vine|nourish|inferno,sword,quick,swift|expose|strike|guard|cut|unity,balanced,balanced,2,1,0,7,43,0
4,false,loadout,fire,sustain,seed|blaze|heal|vine|nourish|inferno,sword,heavy,swift|expose|strike|guard|return|unity,balanced,balanced,0,0,1,6,0,73
4,false,loadout,fire,sustain,seed|blaze|heal|vine|nourish|inferno,sword,heavy,swift|expose|strike|guard|return|unity,balanced,balanced,0,1,0,7,70,0
4,false,loadout,fire,sustain,seed|blaze|heal|vine|nourish|inferno,sword,heavy,swift|expose|strike|guard|return|unity,balanced,balanced,1,0,0,10,52,0
4,false,loadout,fire,sustain,seed|blaze|heal|vine|nourish|inferno,sword,heavy,swift|expose|strike|guard|return|unity,balanced,balanced,1,1,0,8,136,0
4,false,loadout,fire,sustain,seed|blaze|heal|vine|nourish|inferno,sword,heavy,swift|expose|strike|guard|return|unity,balanced,balanced,2,0,0,8,64,0
4,false,loadout,fire,sustain,seed|blaze|heal|vine|nourish|inferno,sword,heavy,swift|expose|strike|guard|return|unity,balanced,balanced,2,1,1,5,0,134
4,false,loadout,fire,sustain,seed|blaze|heal|vine|ember|inferno,sword,quick,swift|expose|strike|guard|cut|unity,balanced,balanced,0,0,1,7,0,54
4,false,loadout,fire,sustain,seed|blaze|heal|vine|ember|inferno,sword,quick,swift|expose|strike|guard|cut|unity,balanced,balanced,0,1,1,4,0,91
4,false,loadout,fire,sustain,seed|blaze|heal|vine|ember|inferno,sword,quick,swift|expose|strike|guard|cut|unity,balanced,balanced,1,0,1,9,0,103
4,false,loadout,fire,sustain,seed|blaze|heal|vine|ember|inferno,sword,quick,swift|expose|strike|guard|cut|unity,balanced,balanced,1,1,1,6,0,11
4,false,loadout,fire,sustain,seed|blaze|heal|vine|ember|inferno,sword,quick,swift|expose|strike|guard|cut|unity,balanced,balanced,2,0,1,8,0,10
4,false,loadout,fire,sustain,seed|blaze|heal|vine|ember|inferno,sword,quick,swift|expose|strike|guard|cut|unity,balanced,balanced,2,1,0,7,14,0
4,false,loadout,fire,sustain,seed|blaze|heal|vine|ember|inferno,sword,heavy,swift|expose|strike|guard|return|unity,balanced,balanced,0,0,1,6,0,60
4,false,loadout,fire,sustain,seed|blaze|heal|vine|ember|inferno,sword,heavy,swift|expose|strike|guard|return|unity,balanced,balanced,0,1,1,4,0,130
4,false,loadout,fire,sustain,seed|blaze|heal|vine|ember|inferno,sword,heavy,swift|expose|strike|guard|return|unity,balanced,balanced,1,0,0,10,44,0
4,false,loadout,fire,sustain,seed|blaze|heal|vine|ember|inferno,sword,heavy,swift|expose|strike|guard|return|unity,balanced,balanced,1,1,1,7,0,39
4,false,loadout,fire,sustain,seed|blaze|heal|vine|ember|inferno,sword,heavy,swift|expose|strike|guard|return|unity,balanced,balanced,2,0,1,6,0,42
4,false,loadout,fire,sustain,seed|blaze|heal|vine|ember|inferno,sword,heavy,swift|expose|strike|guard|return|unity,balanced,balanced,2,1,1,8,0,15
4,false,loadout,fire,sustain,seed|blaze|heal|vine|ember|nourish,sword,quick,swift|expose|strike|guard|cut|unity,balanced,balanced,0,0,1,7,0,54
4,false,loadout,fire,sustain,seed|blaze|heal|vine|ember|nourish,sword,quick,swift|expose|strike|guard|cut|unity,balanced,balanced,0,1,1,5,0,62
4,false,loadout,fire,sustain,seed|blaze|heal|vine|ember|nourish,sword,quick,swift|expose|strike|guard|cut|unity,balanced,balanced,1,0,1,10,0,36
4,false,loadout,fire,sustain,seed|blaze|heal|vine|ember|nourish,sword,quick,swift|expose|strike|guard|cut|unity,balanced,balanced,1,1,0,7,61,0
4,false,loadout,fire,sustain,seed|blaze|heal|vine|ember|nourish,sword,quick,swift|expose|strike|guard|cut|unity,balanced,balanced,2,0,0,8,75,0
4,false,loadout,fire,sustain,seed|blaze|heal|vine|ember|nourish,sword,quick,swift|expose|strike|guard|cut|unity,balanced,balanced,2,1,1,7,0,10
4,false,loadout,fire,sustain,seed|blaze|heal|vine|ember|nourish,sword,heavy,swift|expose|strike|guard|return|unity,balanced,balanced,0,0,0,8,74,0
4,false,loadout,fire,sustain,seed|blaze|heal|vine|ember|nourish,sword,heavy,swift|expose|strike|guard|return|unity,balanced,balanced,0,1,1,5,0,84
4,false,loadout,fire,sustain,seed|blaze|heal|vine|ember|nourish,sword,heavy,swift|expose|strike|guard|return|unity,balanced,balanced,1,0,1,9,0,23
4,false,loadout,fire,sustain,seed|blaze|heal|vine|ember|nourish,sword,heavy,swift|expose|strike|guard|return|unity,balanced,balanced,1,1,0,8,144,0
4,false,loadout,fire,sustain,seed|blaze|heal|vine|ember|nourish,sword,heavy,swift|expose|strike|guard|return|unity,balanced,balanced,2,0,0,9,23,0
4,false,loadout,fire,sustain,seed|blaze|heal|vine|ember|nourish,sword,heavy,swift|expose|strike|guard|return|unity,balanced,balanced,2,1,0,8,50,0
4,false,loadout,fire,sustain,seed|spark|vine|ember|nourish|inferno,sword,quick,swift|expose|strike|guard|cut|unity,balanced,balanced,0,0,1,11,0,43
4,false,loadout,fire,sustain,seed|spark|vine|ember|nourish|inferno,sword,quick,swift|expose|strike|guard|cut|unity,balanced,balanced,0,1,1,4,0,143
4,false,loadout,fire,sustain,seed|spark|vine|ember|nourish|inferno,sword,quick,swift|expose|strike|guard|cut|unity,balanced,balanced,1,0,1,8,0,47
4,false,loadout,fire,sustain,seed|spark|vine|ember|nourish|inferno,sword,quick,swift|expose|strike|guard|cut|unity,balanced,balanced,1,1,1,4,0,131
4,false,loadout,fire,sustain,seed|spark|vine|ember|nourish|inferno,sword,quick,swift|expose|strike|guard|cut|unity,balanced,balanced,2,0,1,8,0,38
4,false,loadout,fire,sustain,seed|spark|vine|ember|nourish|inferno,sword,quick,swift|expose|strike|guard|cut|unity,balanced,balanced,2,1,1,4,0,131
4,false,loadout,fire,sustain,seed|spark|vine|ember|nourish|inferno,sword,heavy,swift|expose|strike|guard|return|unity,balanced,balanced,0,0,1,6,0,118
4,false,loadout,fire,sustain,seed|spark|vine|ember|nourish|inferno,sword,heavy,swift|expose|strike|guard|return|unity,balanced,balanced,0,1,1,5,0,116
4,false,loadout,fire,sustain,seed|spark|vine|ember|nourish|inferno,sword,heavy,swift|expose|strike|guard|return|unity,balanced,balanced,1,0,1,9,0,73
4,false,loadout,fire,sustain,seed|spark|vine|ember|nourish|inferno,sword,heavy,swift|expose|strike|guard|return|unity,balanced,balanced,1,1,1,5,0,116
4,false,loadout,fire,sustain,seed|spark|vine|ember|nourish|inferno,sword,heavy,swift|expose|strike|guard|return|unity,balanced,balanced,2,0,1,9,0,64
4,false,loadout,fire,sustain,seed|spark|vine|ember|nourish|inferno,sword,heavy,swift|expose|strike|guard|return|unity,balanced,balanced,2,1,1,5,0,116
4,false,loadout,fire,sustain,seed|spark|heal|ember|nourish|inferno,sword,quick,swift|expose|strike|guard|cut|unity,balanced,balanced,0,0,1,9,0,102
4,false,loadout,fire,sustain,seed|spark|heal|ember|nourish|inferno,sword,quick,swift|expose|strike|guard|cut|unity,balanced,balanced,0,1,1,4,0,143
4,false,loadout,fire,sustain,seed|spark|heal|ember|nourish|inferno,sword,quick,swift|expose|strike|guard|cut|unity,balanced,balanced,1,0,1,12,0,34
4,false,loadout,fire,sustain,seed|spark|heal|ember|nourish|inferno,sword,quick,swift|expose|strike|guard|cut|unity,balanced,balanced,1,1,1,4,0,131
4,false,loadout,fire,sustain,seed|spark|heal|ember|nourish|inferno,sword,quick,swift|expose|strike|guard|cut|unity,balanced,balanced,2,0,1,12,0,41
4,false,loadout,fire,sustain,seed|spark|heal|ember|nourish|inferno,sword,quick,swift|expose|strike|guard|cut|unity,balanced,balanced,2,1,1,5,0,85
4,false,loadout,fire,sustain,seed|spark|heal|ember|nourish|inferno,sword,heavy,swift|expose|strike|guard|return|unity,balanced,balanced,0,0,1,7,0,142
4,false,loadout,fire,sustain,seed|spark|heal|ember|nourish|inferno,sword,heavy,swift|expose|strike|guard|return|unity,balanced,balanced,0,1,1,5,0,116
4,false,loadout,fire,sustain,seed|spark|heal|ember|nourish|inferno,sword,heavy,swift|expose|strike|guard|return|unity,balanced,balanced,1,0,1,13,0,57
4,false,loadout,fire,sustain,seed|spark|heal|ember|nourish|inferno,sword,heavy,swift|expose|strike|guard|return|unity,balanced,balanced,1,1,1,5,0,116
4,false,loadout,fire,sustain,seed|spark|heal|ember|nourish|inferno,sword,heavy,swift|expose|strike|guard|return|unity,balanced,balanced,2,0,1,13,0,48
4,false,loadout,fire,sustain,seed|spark|heal|ember|nourish|inferno,sword,heavy,swift|expose|strike|guard|return|unity,balanced,balanced,2,1,1,5,0,116
4,false,loadout,fire,sustain,seed|spark|heal|vine|nourish|inferno,sword,quick,swift|expose|strike|guard|cut|unity,balanced,balanced,0,0,0,16,60,0
4,false,loadout,fire,sustain,seed|spark|heal|vine|nourish|inferno,sword,quick,swift|expose|strike|guard|cut|unity,balanced,balanced,0,1,1,4,0,143
4,false,loadout,fire,sustain,seed|spark|heal|vine|nourish|inferno,sword,quick,swift|expose|strike|guard|cut|unity,balanced,balanced,1,0,1,12,0,34
4,false,loadout,fire,sustain,seed|spark|heal|vine|nourish|inferno,sword,quick,swift|expose|strike|guard|cut|unity,balanced,balanced,1,1,1,4,0,131
4,false,loadout,fire,sustain,seed|spark|heal|vine|nourish|inferno,sword,quick,swift|expose|strike|guard|cut|unity,balanced,balanced,2,0,1,12,0,41
4,false,loadout,fire,sustain,seed|spark|heal|vine|nourish|inferno,sword,quick,swift|expose|strike|guard|cut|unity,balanced,balanced,2,1,1,5,0,85
4,false,loadout,fire,sustain,seed|spark|heal|vine|nourish|inferno,sword,heavy,swift|expose|strike|guard|return|unity,balanced,balanced,0,0,0,14,103,0
4,false,loadout,fire,sustain,seed|spark|heal|vine|nourish|inferno,sword,heavy,swift|expose|strike|guard|return|unity,balanced,balanced,0,1,1,5,0,116
4,false,loadout,fire,sustain,seed|spark|heal|vine|nourish|inferno,sword,heavy,swift|expose|strike|guard|return|unity,balanced,balanced,1,0,1,13,0,57
4,false,loadout,fire,sustain,seed|spark|heal|vine|nourish|inferno,sword,heavy,swift|expose|strike|guard|return|unity,balanced,balanced,1,1,1,5,0,116
4,false,loadout,fire,sustain,seed|spark|heal|vine|nourish|inferno,sword,heavy,swift|expose|strike|guard|return|unity,balanced,balanced,2,0,1,13,0,48
4,false,loadout,fire,sustain,seed|spark|heal|vine|nourish|inferno,sword,heavy,swift|expose|strike|guard|return|unity,balanced,balanced,2,1,1,5,0,116
4,false,loadout,fire,sustain,seed|spark|heal|vine|ember|inferno,sword,quick,swift|expose|strike|guard|cut|unity,balanced,balanced,0,0,1,8,0,117
4,false,loadout,fire,sustain,seed|spark|heal|vine|ember|inferno,sword,quick,swift|expose|strike|guard|cut|unity,balanced,balanced,0,1,1,4,0,143
4,false,loadout,fire,sustain,seed|spark|heal|vine|ember|inferno,sword,quick,swift|expose|strike|guard|cut|unity,balanced,balanced,1,0,0,15,184,0
4,false,loadout,fire,sustain,seed|spark|heal|vine|ember|inferno,sword,quick,swift|expose|strike|guard|cut|unity,balanced,balanced,1,1,1,4,0,131
4,false,loadout,fire,sustain,seed|spark|heal|vine|ember|inferno,sword,quick,swift|expose|strike|guard|cut|unity,balanced,balanced,2,0,0,15,180,0
4,false,loadout,fire,sustain,seed|spark|heal|vine|ember|inferno,sword,quick,swift|expose|strike|guard|cut|unity,balanced,balanced,2,1,1,4,0,131
4,false,loadout,fire,sustain,seed|spark|heal|vine|ember|inferno,sword,heavy,swift|expose|strike|guard|return|unity,balanced,balanced,0,0,1,8,0,117
4,false,loadout,fire,sustain,seed|spark|heal|vine|ember|inferno,sword,heavy,swift|expose|strike|guard|return|unity,balanced,balanced,0,1,1,5,0,153
4,false,loadout,fire,sustain,seed|spark|heal|vine|ember|inferno,sword,heavy,swift|expose|strike|guard|return|unity,balanced,balanced,1,0,0,14,167,0
4,false,loadout,fire,sustain,seed|spark|heal|vine|ember|inferno,sword,heavy,swift|expose|strike|guard|return|unity,balanced,balanced,1,1,1,7,0,100
4,false,loadout,fire,sustain,seed|spark|heal|vine|ember|inferno,sword,heavy,swift|expose|strike|guard|return|unity,balanced,balanced,2,0,0,14,167,0
4,false,loadout,fire,sustain,seed|spark|heal|vine|ember|inferno,sword,heavy,swift|expose|strike|guard|return|unity,balanced,balanced,2,1,1,5,0,116
4,false,loadout,fire,sustain,seed|spark|heal|vine|ember|nourish,sword,quick,swift|expose|strike|guard|cut|unity,balanced,balanced,0,0,0,18,180,0
4,false,loadout,fire,sustain,seed|spark|heal|vine|ember|nourish,sword,quick,swift|expose|strike|guard|cut|unity,balanced,balanced,0,1,1,4,0,143
4,false,loadout,fire,sustain,seed|spark|heal|vine|ember|nourish,sword,quick,swift|expose|strike|guard|cut|unity,balanced,balanced,1,0,1,12,0,34
4,false,loadout,fire,sustain,seed|spark|heal|vine|ember|nourish,sword,quick,swift|expose|strike|guard|cut|unity,balanced,balanced,1,1,1,4,0,123
4,false,loadout,fire,sustain,seed|spark|heal|vine|ember|nourish,sword,quick,swift|expose|strike|guard|cut|unity,balanced,balanced,2,0,1,12,0,25
4,false,loadout,fire,sustain,seed|spark|heal|vine|ember|nourish,sword,quick,swift|expose|strike|guard|cut|unity,balanced,balanced,2,1,1,5,0,77
4,false,loadout,fire,sustain,seed|spark|heal|vine|ember|nourish,sword,heavy,swift|expose|strike|guard|return|unity,balanced,balanced,0,0,0,14,52,0
4,false,loadout,fire,sustain,seed|spark|heal|vine|ember|nourish,sword,heavy,swift|expose|strike|guard|return|unity,balanced,balanced,0,1,1,5,0,116
4,false,loadout,fire,sustain,seed|spark|heal|vine|ember|nourish,sword,heavy,swift|expose|strike|guard|return|unity,balanced,balanced,1,0,0,14,68,0
4,false,loadout,fire,sustain,seed|spark|heal|vine|ember|nourish,sword,heavy,swift|expose|strike|guard|return|unity,balanced,balanced,1,1,1,5,0,116
4,false,loadout,fire,sustain,seed|spark|heal|vine|ember|nourish,sword,heavy,swift|expose|strike|guard|return|unity,balanced,balanced,2,0,0,14,68,0
4,false,loadout,fire,sustain,seed|spark|heal|vine|ember|nourish,sword,heavy,swift|expose|strike|guard|return|unity,balanced,balanced,2,1,1,5,0,116
4,false,loadout,fire,sustain,seed|spark|blaze|ember|nourish|inferno,sword,quick,swift|expose|strike|guard|cut|unity,balanced,balanced,0,0,0,7,84,0
4,false,loadout,fire,sustain,seed|spark|blaze|ember|nourish|inferno,sword,quick,swift|expose|strike|guard|cut|unity,balanced,balanced,0,1,1,6,0,48
4,false,loadout,fire,sustain,seed|spark|blaze|ember|nourish|inferno,sword,quick,swift|expose|strike|guard|cut|unity,balanced,balanced,1,0,0,8,130,0
4,false,loadout,fire,sustain,seed|spark|blaze|ember|nourish|inferno,sword,quick,swift|expose|strike|guard|cut|unity,balanced,balanced,1,1,0,9,150,0
4,false,loadout,fire,sustain,seed|spark|blaze|ember|nourish|inferno,sword,quick,swift|expose|strike|guard|cut|unity,balanced,balanced,2,0,0,6,154,0
4,false,loadout,fire,sustain,seed|spark|blaze|ember|nourish|inferno,sword,quick,swift|expose|strike|guard|cut|unity,balanced,balanced,2,1,1,6,0,47
4,false,loadout,fire,sustain,seed|spark|blaze|ember|nourish|inferno,sword,heavy,swift|expose|strike|guard|return|unity,balanced,balanced,0,0,0,8,35,0
4,false,loadout,fire,sustain,seed|spark|blaze|ember|nourish|inferno,sword,heavy,swift|expose|strike|guard|return|unity,balanced,balanced,0,1,1,7,0,8
4,false,loadout,fire,sustain,seed|spark|blaze|ember|nourish|inferno,sword,heavy,swift|expose|strike|guard|return|unity,balanced,balanced,1,0,1,7,0,39
4,false,loadout,fire,sustain,seed|spark|blaze|ember|nourish|inferno,sword,heavy,swift|expose|strike|guard|return|unity,balanced,balanced,1,1,1,7,0,31
4,false,loadout,fire,sustain,seed|spark|blaze|ember|nourish|inferno,sword,heavy,swift|expose|strike|guard|return|unity,balanced,balanced,2,0,1,6,0,20
4,false,loadout,fire,sustain,seed|spark|blaze|ember|nourish|inferno,sword,heavy,swift|expose|strike|guard|return|unity,balanced,balanced,2,1,0,8,33,0
4,false,loadout,fire,sustain,seed|spark|blaze|vine|nourish|inferno,sword,quick,swift|expose|strike|guard|cut|unity,balanced,balanced,0,0,0,7,84,0
4,false,loadout,fire,sustain,seed|spark|blaze|vine|nourish|inferno,sword,quick,swift|expose|strike|guard|cut|unity,balanced,balanced,0,1,1,6,0,48
4,false,loadout,fire,sustain,seed|spark|blaze|vine|nourish|inferno,sword,quick,swift|expose|strike|guard|cut|unity,balanced,balanced,1,0,0,8,130,0
4,false,loadout,fire,sustain,seed|spark|blaze|vine|nourish|inferno,sword,quick,swift|expose|strike|guard|cut|unity,balanced,balanced,1,1,0,8,97,0
4,false,loadout,fire,sustain,seed|spark|blaze|vine|nourish|inferno,sword,quick,swift|expose|strike|guard|cut|unity,balanced,balanced,2,0,0,5,184,0
4,false,loadout,fire,sustain,seed|spark|blaze|vine|nourish|inferno,sword,quick,swift|expose|strike|guard|cut|unity,balanced,balanced,2,1,0,9,151,0
4,false,loadout,fire,sustain,seed|spark|blaze|vine|nourish|inferno,sword,heavy,swift|expose|strike|guard|return|unity,balanced,balanced,0,0,0,8,35,0
4,false,loadout,fire,sustain,seed|spark|blaze|vine|nourish|inferno,sword,heavy,swift|expose|strike|guard|return|unity,balanced,balanced,0,1,1,7,0,55
4,false,loadout,fire,sustain,seed|spark|blaze|vine|nourish|inferno,sword,heavy,swift|expose|strike|guard|return|unity,balanced,balanced,1,0,1,7,0,39
4,false,loadout,fire,sustain,seed|spark|blaze|vine|nourish|inferno,sword,heavy,swift|expose|strike|guard|return|unity,balanced,balanced,1,1,1,7,0,18
4,false,loadout,fire,sustain,seed|spark|blaze|vine|nourish|inferno,sword,heavy,swift|expose|strike|guard|return|unity,balanced,balanced,2,0,1,6,0,20
4,false,loadout,fire,sustain,seed|spark|blaze|vine|nourish|inferno,sword,heavy,swift|expose|strike|guard|return|unity,balanced,balanced,2,1,0,7,76,0
4,false,loadout,fire,sustain,seed|spark|blaze|vine|ember|inferno,sword,quick,swift|expose|strike|guard|cut|unity,balanced,balanced,0,0,0,6,24,0
4,false,loadout,fire,sustain,seed|spark|blaze|vine|ember|inferno,sword,quick,swift|expose|strike|guard|cut|unity,balanced,balanced,0,1,1,4,0,31
4,false,loadout,fire,sustain,seed|spark|blaze|vine|ember|inferno,sword,quick,swift|expose|strike|guard|cut|unity,balanced,balanced,1,0,1,6,0,6
4,false,loadout,fire,sustain,seed|spark|blaze|vine|ember|inferno,sword,quick,swift|expose|strike|guard|cut|unity,balanced,balanced,1,1,0,6,20,0
4,false,loadout,fire,sustain,seed|spark|blaze|vine|ember|inferno,sword,quick,swift|expose|strike|guard|cut|unity,balanced,balanced,2,0,0,7,83,0
4,false,loadout,fire,sustain,seed|spark|blaze|vine|ember|inferno,sword,quick,swift|expose|strike|guard|cut|unity,balanced,balanced,2,1,0,6,55,0
4,false,loadout,fire,sustain,seed|spark|blaze|vine|ember|inferno,sword,heavy,swift|expose|strike|guard|return|unity,balanced,balanced,0,0,1,6,0,15
4,false,loadout,fire,sustain,seed|spark|blaze|vine|ember|inferno,sword,heavy,swift|expose|strike|guard|return|unity,balanced,balanced,0,1,1,4,0,68
4,false,loadout,fire,sustain,seed|spark|blaze|vine|ember|inferno,sword,heavy,swift|expose|strike|guard|return|unity,balanced,balanced,1,0,1,6,0,22
4,false,loadout,fire,sustain,seed|spark|blaze|vine|ember|inferno,sword,heavy,swift|expose|strike|guard|return|unity,balanced,balanced,1,1,1,6,0,38
4,false,loadout,fire,sustain,seed|spark|blaze|vine|ember|inferno,sword,heavy,swift|expose|strike|guard|return|unity,balanced,balanced,2,0,1,5,0,43
4,false,loadout,fire,sustain,seed|spark|blaze|vine|ember|inferno,sword,heavy,swift|expose|strike|guard|return|unity,balanced,balanced,2,1,0,6,45,0
4,false,loadout,fire,sustain,seed|spark|blaze|vine|ember|nourish,sword,quick,swift|expose|strike|guard|cut|unity,balanced,balanced,0,0,0,7,84,0
4,false,loadout,fire,sustain,seed|spark|blaze|vine|ember|nourish,sword,quick,swift|expose|strike|guard|cut|unity,balanced,balanced,0,1,1,6,0,44
4,false,loadout,fire,sustain,seed|spark|blaze|vine|ember|nourish,sword,quick,swift|expose|strike|guard|cut|unity,balanced,balanced,1,0,0,8,130,0
4,false,loadout,fire,sustain,seed|spark|blaze|vine|ember|nourish,sword,quick,swift|expose|strike|guard|cut|unity,balanced,balanced,1,1,0,8,97,0
4,false,loadout,fire,sustain,seed|spark|blaze|vine|ember|nourish,sword,quick,swift|expose|strike|guard|cut|unity,balanced,balanced,2,0,0,5,184,0
4,false,loadout,fire,sustain,seed|spark|blaze|vine|ember|nourish,sword,quick,swift|expose|strike|guard|cut|unity,balanced,balanced,2,1,0,10,155,0
4,false,loadout,fire,sustain,seed|spark|blaze|vine|ember|nourish,sword,heavy,swift|expose|strike|guard|return|unity,balanced,balanced,0,0,0,8,96,0
4,false,loadout,fire,sustain,seed|spark|blaze|vine|ember|nourish,sword,heavy,swift|expose|strike|guard|return|unity,balanced,balanced,0,1,1,7,0,15
4,false,loadout,fire,sustain,seed|spark|blaze|vine|ember|nourish,sword,heavy,swift|expose|strike|guard|return|unity,balanced,balanced,1,0,0,7,63,0
4,false,loadout,fire,sustain,seed|spark|blaze|vine|ember|nourish,sword,heavy,swift|expose|strike|guard|return|unity,balanced,balanced,1,1,0,8,71,0
4,false,loadout,fire,sustain,seed|spark|blaze|vine|ember|nourish,sword,heavy,swift|expose|strike|guard|return|unity,balanced,balanced,2,0,0,7,63,0
4,false,loadout,fire,sustain,seed|spark|blaze|vine|ember|nourish,sword,heavy,swift|expose|strike|guard|return|unity,balanced,balanced,2,1,1,7,0,22
4,false,loadout,fire,sustain,seed|spark|blaze|heal|nourish|inferno,sword,quick,swift|expose|strike|guard|cut|unity,balanced,balanced,0,0,0,8,22,0
4,false,loadout,fire,sustain,seed|spark|blaze|heal|nourish|inferno,sword,quick,swift|expose|strike|guard|cut|unity,balanced,balanced,0,1,1,5,0,50
4,false,loadout,fire,sustain,seed|spark|blaze|heal|nourish|inferno,sword,quick,swift|expose|strike|guard|cut|unity,balanced,balanced,1,0,0,9,84,0
4,false,loadout,fire,sustain,seed|spark|blaze|heal|nourish|inferno,sword,quick,swift|expose|strike|guard|cut|unity,balanced,balanced,1,1,0,9,210,0
4,false,loadout,fire,sustain,seed|spark|blaze|heal|nourish|inferno,sword,quick,swift|expose|strike|guard|cut|unity,balanced,balanced,2,0,1,7,0,55
4,false,loadout,fire,sustain,seed|spark|blaze|heal|nourish|inferno,sword,quick,swift|expose|strike|guard|cut|unity,balanced,balanced,2,1,1,7,0,53
4,false,loadout,fire,sustain,seed|spark|blaze|heal|nourish|inferno,sword,heavy,swift|expose|strike|guard|return|unity,balanced,balanced,0,0,0,8,62,0
4,false,loadout,fire,sustain,seed|spark|blaze|heal|nourish|inferno,sword,heavy,swift|expose|strike|guard|return|unity,balanced,balanced,0,1,1,5,0,81
4,false,loadout,fire,sustain,seed|spark|blaze|heal|nourish|inferno,sword,heavy,swift|expose|strike|guard|return|unity,balanced,balanced,1,0,1,7,0,39
4,false,loadout,fire,sustain,seed|spark|blaze|heal|nourish|inferno,sword,heavy,swift|expose|strike|guard|return|unity,balanced,balanced,1,1,1,7,0,57
4,false,loadout,fire,sustain,seed|spark|blaze|heal|nourish|inferno,sword,heavy,swift|expose|strike|guard|return|unity,balanced,balanced,2,0,0,9,119,0
4,false,loadout,fire,sustain,seed|spark|blaze|heal|nourish|inferno,sword,heavy,swift|expose|strike|guard|return|unity,balanced,balanced,2,1,1,7,0,60
4,false,loadout,fire,sustain,seed|spark|blaze|heal|ember|inferno,sword,quick,swift|expose|strike|guard|cut|unity,balanced,balanced,0,0,0,7,14,0
4,false,loadout,fire,sustain,seed|spark|blaze|heal|ember|inferno,sword,quick,swift|expose|strike|guard|cut|unity,balanced,balanced,0,1,1,4,0,31
4,false,loadout,fire,sustain,seed|spark|blaze|heal|ember|inferno,sword,quick,swift|expose|strike|guard|cut|unity,balanced,balanced,1,0,0,7,29,0
4,false,loadout,fire,sustain,seed|spark|blaze|heal|ember|inferno,sword,quick,swift|expose|strike|guard|cut|unity,balanced,balanced,1,1,0,6,63,0
4,false,loadout,fire,sustain,seed|spark|blaze|heal|ember|inferno,sword,quick,swift|expose|strike|guard|cut|unity,balanced,balanced,2,0,0,7,46,0
4,false,loadout,fire,sustain,seed|spark|blaze|heal|ember|inferno,sword,quick,swift|expose|strike|guard|cut|unity,balanced,balanced,2,1,1,6,0,47
4,false,loadout,fire,sustain,seed|spark|blaze|heal|ember|inferno,sword,heavy,swift|expose|strike|guard|return|unity,balanced,balanced,0,0,0,8,62,0
4,false,loadout,fire,sustain,seed|spark|blaze|heal|ember|inferno,sword,heavy,swift|expose|strike|guard|return|unity,balanced,balanced,0,1,1,4,0,68
4,false,loadout,fire,sustain,seed|spark|blaze|heal|ember|inferno,sword,heavy,swift|expose|strike|guard|return|unity,balanced,balanced,1,0,0,7,53,0
4,false,loadout,fire,sustain,seed|spark|blaze|heal|ember|inferno,sword,heavy,swift|expose|strike|guard|return|unity,balanced,balanced,1,1,0,9,136,0
4,false,loadout,fire,sustain,seed|spark|blaze|heal|ember|inferno,sword,heavy,swift|expose|strike|guard|return|unity,balanced,balanced,2,0,0,8,101,0
4,false,loadout,fire,sustain,seed|spark|blaze|heal|ember|inferno,sword,heavy,swift|expose|strike|guard|return|unity,balanced,balanced,2,1,1,7,0,46
4,false,loadout,fire,sustain,seed|spark|blaze|heal|ember|nourish,sword,quick,swift|expose|strike|guard|cut|unity,balanced,balanced,0,0,0,8,22,0
4,false,loadout,fire,sustain,seed|spark|blaze|heal|ember|nourish,sword,quick,swift|expose|strike|guard|cut|unity,balanced,balanced,0,1,1,5,0,26
4,false,loadout,fire,sustain,seed|spark|blaze|heal|ember|nourish,sword,quick,swift|expose|strike|guard|cut|unity,balanced,balanced,1,0,0,9,84,0
4,false,loadout,fire,sustain,seed|spark|blaze|heal|ember|nourish,sword,quick,swift|expose|strike|guard|cut|unity,balanced,balanced,1,1,0,9,210,0
4,false,loadout,fire,sustain,seed|spark|blaze|heal|ember|nourish,sword,quick,swift|expose|strike|guard|cut|unity,balanced,balanced,2,0,0,8,83,0
4,false,loadout,fire,sustain,seed|spark|blaze|heal|ember|nourish,sword,quick,swift|expose|strike|guard|cut|unity,balanced,balanced,2,1,0,7,43,0
4,false,loadout,fire,sustain,seed|spark|blaze|heal|ember|nourish,sword,heavy,swift|expose|strike|guard|return|unity,balanced,balanced,0,0,0,8,62,0
4,false,loadout,fire,sustain,seed|spark|blaze|heal|ember|nourish,sword,heavy,swift|expose|strike|guard|return|unity,balanced,balanced,0,1,1,5,0,57
4,false,loadout,fire,sustain,seed|spark|blaze|heal|ember|nourish,sword,heavy,swift|expose|strike|guard|return|unity,balanced,balanced,1,0,0,7,67,0
4,false,loadout,fire,sustain,seed|spark|blaze|heal|ember|nourish,sword,heavy,swift|expose|strike|guard|return|unity,balanced,balanced,1,1,0,8,56,0
4,false,loadout,fire,sustain,seed|spark|blaze|heal|ember|nourish,sword,heavy,swift|expose|strike|guard|return|unity,balanced,balanced,2,0,0,9,119,0
4,false,loadout,fire,sustain,seed|spark|blaze|heal|ember|nourish,sword,heavy,swift|expose|strike|guard|return|unity,balanced,balanced,2,1,0,8,143,0
4,false,loadout,fire,sustain,seed|spark|blaze|heal|vine|inferno,sword,quick,swift|expose|strike|guard|cut|unity,balanced,balanced,0,0,0,7,14,0
4,false,loadout,fire,sustain,seed|spark|blaze|heal|vine|inferno,sword,quick,swift|expose|strike|guard|cut|unity,balanced,balanced,0,1,1,4,0,31
4,false,loadout,fire,sustain,seed|spark|blaze|heal|vine|inferno,sword,quick,swift|expose|strike|guard|cut|unity,balanced,balanced,1,0,0,7,29,0
4,false,loadout,fire,sustain,seed|spark|blaze|heal|vine|inferno,sword,quick,swift|expose|strike|guard|cut|unity,balanced,balanced,1,1,0,9,94,0
4,false,loadout,fire,sustain,seed|spark|blaze|heal|vine|inferno,sword,quick,swift|expose|strike|guard|cut|unity,balanced,balanced,2,0,0,7,46,0
4,false,loadout,fire,sustain,seed|spark|blaze|heal|vine|inferno,sword,quick,swift|expose|strike|guard|cut|unity,balanced,balanced,2,1,0,8,162,0
4,false,loadout,fire,sustain,seed|spark|blaze|heal|vine|inferno,sword,heavy,swift|expose|strike|guard|return|unity,balanced,balanced,0,0,0,8,62,0
4,false,loadout,fire,sustain,seed|spark|blaze|heal|vine|inferno,sword,heavy,swift|expose|strike|guard|return|unity,balanced,balanced,0,1,1,4,0,68
4,false,loadout,fire,sustain,seed|spark|blaze|heal|vine|inferno,sword,heavy,swift|expose|strike|guard|return|unity,balanced,balanced,1,0,0,7,53,0
4,false,loadout,fire,sustain,seed|spark|blaze|heal|vine|inferno,sword,heavy,swift|expose|strike|guard|return|unity,balanced,balanced,1,1,0,7,6,0
4,false,loadout,fire,sustain,seed|spark|blaze|heal|vine|inferno,sword,heavy,swift|expose|strike|guard|return|unity,balanced,balanced,2,0,0,8,101,0
4,false,loadout,fire,sustain,seed|spark|blaze|heal|vine|inferno,sword,heavy,swift|expose|strike|guard|return|unity,balanced,balanced,2,1,0,7,78,0
4,false,loadout,fire,sustain,seed|spark|blaze|heal|vine|nourish,sword,quick,swift|expose|strike|guard|cut|unity,balanced,balanced,0,0,0,8,22,0
4,false,loadout,fire,sustain,seed|spark|blaze|heal|vine|nourish,sword,quick,swift|expose|strike|guard|cut|unity,balanced,balanced,0,1,1,5,0,26
4,false,loadout,fire,sustain,seed|spark|blaze|heal|vine|nourish,sword,quick,swift|expose|strike|guard|cut|unity,balanced,balanced,1,0,0,9,84,0
4,false,loadout,fire,sustain,seed|spark|blaze|heal|vine|nourish,sword,quick,swift|expose|strike|guard|cut|unity,balanced,balanced,1,1,0,7,180,0
4,false,loadout,fire,sustain,seed|spark|blaze|heal|vine|nourish,sword,quick,swift|expose|strike|guard|cut|unity,balanced,balanced,2,0,0,8,83,0
4,false,loadout,fire,sustain,seed|spark|blaze|heal|vine|nourish,sword,quick,swift|expose|strike|guard|cut|unity,balanced,balanced,2,1,0,9,184,0
4,false,loadout,fire,sustain,seed|spark|blaze|heal|vine|nourish,sword,heavy,swift|expose|strike|guard|return|unity,balanced,balanced,0,0,0,8,62,0
4,false,loadout,fire,sustain,seed|spark|blaze|heal|vine|nourish,sword,heavy,swift|expose|strike|guard|return|unity,balanced,balanced,0,1,1,5,0,57
4,false,loadout,fire,sustain,seed|spark|blaze|heal|vine|nourish,sword,heavy,swift|expose|strike|guard|return|unity,balanced,balanced,1,0,0,7,67,0
4,false,loadout,fire,sustain,seed|spark|blaze|heal|vine|nourish,sword,heavy,swift|expose|strike|guard|return|unity,balanced,balanced,1,1,0,8,107,0
4,false,loadout,fire,sustain,seed|spark|blaze|heal|vine|nourish,sword,heavy,swift|expose|strike|guard|return|unity,balanced,balanced,2,0,0,9,119,0
4,false,loadout,fire,sustain,seed|spark|blaze|heal|vine|nourish,sword,heavy,swift|expose|strike|guard|return|unity,balanced,balanced,2,1,0,7,65,0
4,false,loadout,fire,sustain,seed|spark|blaze|heal|vine|ember,sword,quick,swift|expose|strike|guard|cut|unity,balanced,balanced,0,0,0,7,14,0
4,false,loadout,fire,sustain,seed|spark|blaze|heal|vine|ember,sword,quick,swift|expose|strike|guard|cut|unity,balanced,balanced,0,1,1,4,0,31
4,false,loadout,fire,sustain,seed|spark|blaze|heal|vine|ember,sword,quick,swift|expose|strike|guard|cut|unity,balanced,balanced,1,0,0,7,29,0
4,false,loadout,fire,sustain,seed|spark|blaze|heal|vine|ember,sword,quick,swift|expose|strike|guard|cut|unity,balanced,balanced,1,1,0,7,166,0
4,false,loadout,fire,sustain,seed|spark|blaze|heal|vine|ember,sword,quick,swift|expose|strike|guard|cut|unity,balanced,balanced,2,0,0,7,46,0
4,false,loadout,fire,sustain,seed|spark|blaze|heal|vine|ember,sword,quick,swift|expose|strike|guard|cut|unity,balanced,balanced,2,1,0,9,184,0
4,false,loadout,fire,sustain,seed|spark|blaze|heal|vine|ember,sword,heavy,swift|expose|strike|guard|return|unity,balanced,balanced,0,0,0,8,62,0
4,false,loadout,fire,sustain,seed|spark|blaze|heal|vine|ember,sword,heavy,swift|expose|strike|guard|return|unity,balanced,balanced,0,1,1,4,0,68
4,false,loadout,fire,sustain,seed|spark|blaze|heal|vine|ember,sword,heavy,swift|expose|strike|guard|return|unity,balanced,balanced,1,0,0,7,53,0
4,false,loadout,fire,sustain,seed|spark|blaze|heal|vine|ember,sword,heavy,swift|expose|strike|guard|return|unity,balanced,balanced,1,1,0,7,6,0
4,false,loadout,fire,sustain,seed|spark|blaze|heal|vine|ember,sword,heavy,swift|expose|strike|guard|return|unity,balanced,balanced,2,0,0,8,101,0
4,false,loadout,fire,sustain,seed|spark|blaze|heal|vine|ember,sword,heavy,swift|expose|strike|guard|return|unity,balanced,balanced,2,1,0,6,56,0
4,false,loadout,sword,quick,strike|guard|cut|lunge|return|unity,fire,sustain,seed|spark|blaze|heal|nourish|vine,balanced,balanced,0,0,1,10,0,89
4,false,loadout,sword,quick,strike|guard|cut|lunge|return|unity,fire,sustain,seed|spark|blaze|heal|nourish|vine,balanced,balanced,0,1,1,11,0,210
4,false,loadout,sword,quick,strike|guard|cut|lunge|return|unity,fire,sustain,seed|spark|blaze|heal|nourish|vine,balanced,balanced,1,0,1,12,0,166
4,false,loadout,sword,quick,strike|guard|cut|lunge|return|unity,fire,sustain,seed|spark|blaze|heal|nourish|vine,balanced,balanced,1,1,1,12,0,190
4,false,loadout,sword,quick,strike|guard|cut|lunge|return|unity,fire,sustain,seed|spark|blaze|heal|nourish|vine,balanced,balanced,2,0,1,11,0,210
4,false,loadout,sword,quick,strike|guard|cut|lunge|return|unity,fire,sustain,seed|spark|blaze|heal|nourish|vine,balanced,balanced,2,1,1,8,0,210
4,false,loadout,sword,quick,expose|guard|cut|lunge|return|unity,fire,sustain,seed|spark|blaze|heal|nourish|vine,balanced,balanced,0,0,1,7,0,74
4,false,loadout,sword,quick,expose|guard|cut|lunge|return|unity,fire,sustain,seed|spark|blaze|heal|nourish|vine,balanced,balanced,0,1,1,11,0,210
4,false,loadout,sword,quick,expose|guard|cut|lunge|return|unity,fire,sustain,seed|spark|blaze|heal|nourish|vine,balanced,balanced,1,0,1,11,0,196
4,false,loadout,sword,quick,expose|guard|cut|lunge|return|unity,fire,sustain,seed|spark|blaze|heal|nourish|vine,balanced,balanced,1,1,1,11,0,210
4,false,loadout,sword,quick,expose|guard|cut|lunge|return|unity,fire,sustain,seed|spark|blaze|heal|nourish|vine,balanced,balanced,2,0,1,11,0,164
4,false,loadout,sword,quick,expose|guard|cut|lunge|return|unity,fire,sustain,seed|spark|blaze|heal|nourish|vine,balanced,balanced,2,1,1,7,0,195
4,false,loadout,sword,quick,expose|strike|cut|lunge|return|unity,fire,sustain,seed|spark|blaze|heal|nourish|vine,balanced,balanced,0,0,1,6,0,24
4,false,loadout,sword,quick,expose|strike|cut|lunge|return|unity,fire,sustain,seed|spark|blaze|heal|nourish|vine,balanced,balanced,0,1,1,6,0,99
4,false,loadout,sword,quick,expose|strike|cut|lunge|return|unity,fire,sustain,seed|spark|blaze|heal|nourish|vine,balanced,balanced,1,0,1,5,0,103
4,false,loadout,sword,quick,expose|strike|cut|lunge|return|unity,fire,sustain,seed|spark|blaze|heal|nourish|vine,balanced,balanced,1,1,1,10,0,117
4,false,loadout,sword,quick,expose|strike|cut|lunge|return|unity,fire,sustain,seed|spark|blaze|heal|nourish|vine,balanced,balanced,2,0,1,5,0,71
4,false,loadout,sword,quick,expose|strike|cut|lunge|return|unity,fire,sustain,seed|spark|blaze|heal|nourish|vine,balanced,balanced,2,1,1,8,0,99
4,false,loadout,sword,quick,expose|strike|guard|lunge|return|unity,fire,sustain,seed|spark|blaze|heal|nourish|vine,balanced,balanced,0,0,1,9,0,90
4,false,loadout,sword,quick,expose|strike|guard|lunge|return|unity,fire,sustain,seed|spark|blaze|heal|nourish|vine,balanced,balanced,0,1,1,10,0,131
4,false,loadout,sword,quick,expose|strike|guard|lunge|return|unity,fire,sustain,seed|spark|blaze|heal|nourish|vine,balanced,balanced,1,0,1,11,0,167
4,false,loadout,sword,quick,expose|strike|guard|lunge|return|unity,fire,sustain,seed|spark|blaze|heal|nourish|vine,balanced,balanced,1,1,1,7,0,59
4,false,loadout,sword,quick,expose|strike|guard|lunge|return|unity,fire,sustain,seed|spark|blaze|heal|nourish|vine,balanced,balanced,2,0,1,11,0,160
4,false,loadout,sword,quick,expose|strike|guard|lunge|return|unity,fire,sustain,seed|spark|blaze|heal|nourish|vine,balanced,balanced,2,1,1,7,0,104
4,false,loadout,sword,quick,expose|strike|guard|cut|return|unity,fire,sustain,seed|spark|blaze|heal|nourish|vine,balanced,balanced,0,0,1,8,0,65
4,false,loadout,sword,quick,expose|strike|guard|cut|return|unity,fire,sustain,seed|spark|blaze|heal|nourish|vine,balanced,balanced,0,1,1,10,0,131
4,false,loadout,sword,quick,expose|strike|guard|cut|return|unity,fire,sustain,seed|spark|blaze|heal|nourish|vine,balanced,balanced,1,0,1,11,0,167
4,false,loadout,sword,quick,expose|strike|guard|cut|return|unity,fire,sustain,seed|spark|blaze|heal|nourish|vine,balanced,balanced,1,1,1,7,0,59
4,false,loadout,sword,quick,expose|strike|guard|cut|return|unity,fire,sustain,seed|spark|blaze|heal|nourish|vine,balanced,balanced,2,0,1,11,0,160
4,false,loadout,sword,quick,expose|strike|guard|cut|return|unity,fire,sustain,seed|spark|blaze|heal|nourish|vine,balanced,balanced,2,1,1,7,0,104
4,false,loadout,sword,quick,expose|strike|guard|cut|lunge|unity,fire,sustain,seed|spark|blaze|heal|nourish|vine,balanced,balanced,0,0,1,9,0,91
4,false,loadout,sword,quick,expose|strike|guard|cut|lunge|unity,fire,sustain,seed|spark|blaze|heal|nourish|vine,balanced,balanced,0,1,1,10,0,97
4,false,loadout,sword,quick,expose|strike|guard|cut|lunge|unity,fire,sustain,seed|spark|blaze|heal|nourish|vine,balanced,balanced,1,0,1,11,0,167
4,false,loadout,sword,quick,expose|strike|guard|cut|lunge|unity,fire,sustain,seed|spark|blaze|heal|nourish|vine,balanced,balanced,1,1,1,8,0,94
4,false,loadout,sword,quick,expose|strike|guard|cut|lunge|unity,fire,sustain,seed|spark|blaze|heal|nourish|vine,balanced,balanced,2,0,1,11,0,160
4,false,loadout,sword,quick,expose|strike|guard|cut|lunge|unity,fire,sustain,seed|spark|blaze|heal|nourish|vine,balanced,balanced,2,1,1,8,0,167
4,false,loadout,sword,quick,expose|strike|guard|cut|lunge|return,fire,sustain,seed|spark|blaze|heal|nourish|vine,balanced,balanced,0,0,1,13,0,153
4,false,loadout,sword,quick,expose|strike|guard|cut|lunge|return,fire,sustain,seed|spark|blaze|heal|nourish|vine,balanced,balanced,0,1,1,10,0,131
4,false,loadout,sword,quick,expose|strike|guard|cut|lunge|return,fire,sustain,seed|spark|blaze|heal|nourish|vine,balanced,balanced,1,0,1,9,0,103
4,false,loadout,sword,quick,expose|strike|guard|cut|lunge|return,fire,sustain,seed|spark|blaze|heal|nourish|vine,balanced,balanced,1,1,1,8,0,162
4,false,loadout,sword,quick,expose|strike|guard|cut|lunge|return,fire,sustain,seed|spark|blaze|heal|nourish|vine,balanced,balanced,2,0,1,10,0,162
4,false,loadout,sword,quick,expose|strike|guard|cut|lunge|return,fire,sustain,seed|spark|blaze|heal|nourish|vine,balanced,balanced,2,1,1,7,0,115
4,false,loadout,sword,quick,swift|guard|cut|lunge|return|unity,fire,sustain,seed|spark|blaze|heal|nourish|vine,balanced,balanced,0,0,1,6,0,123
4,false,loadout,sword,quick,swift|guard|cut|lunge|return|unity,fire,sustain,seed|spark|blaze|heal|nourish|vine,balanced,balanced,0,1,1,7,0,76
4,false,loadout,sword,quick,swift|guard|cut|lunge|return|unity,fire,sustain,seed|spark|blaze|heal|nourish|vine,balanced,balanced,1,0,1,8,0,131
4,false,loadout,sword,quick,swift|guard|cut|lunge|return|unity,fire,sustain,seed|spark|blaze|heal|nourish|vine,balanced,balanced,1,1,1,7,0,160
4,false,loadout,sword,quick,swift|guard|cut|lunge|return|unity,fire,sustain,seed|spark|blaze|heal|nourish|vine,balanced,balanced,2,0,1,7,0,159
4,false,loadout,sword,quick,swift|guard|cut|lunge|return|unity,fire,sustain,seed|spark|blaze|heal|nourish|vine,balanced,balanced,2,1,1,7,0,160
4,false,loadout,sword,quick,swift|strike|cut|lunge|return|unity,fire,sustain,seed|spark|blaze|heal|nourish|vine,balanced,balanced,0,0,1,5,0,16
4,false,loadout,sword,quick,swift|strike|cut|lunge|return|unity,fire,sustain,seed|spark|blaze|heal|nourish|vine,balanced,balanced,0,1,1,8,0,74
4,false,loadout,sword,quick,swift|strike|cut|lunge|return|unity,fire,sustain,seed|spark|blaze|heal|nourish|vine,balanced,balanced,1,0,1,6,0,20
4,false,loadout,sword,quick,swift|strike|cut|lunge|return|unity,fire,sustain,seed|spark|blaze|heal|nourish|vine,balanced,balanced,1,1,1,8,0,59
4,false,loadout,sword,quick,swift|strike|cut|lunge|return|unity,fire,sustain,seed|spark|blaze|heal|nourish|vine,balanced,balanced,2,0,0,6,14,0
4,false,loadout,sword,quick,swift|strike|cut|lunge|return|unity,fire,sustain,seed|spark|blaze|heal|nourish|vine,balanced,balanced,2,1,1,8,0,90
4,false,loadout,sword,quick,swift|strike|guard|lunge|return|unity,fire,sustain,seed|spark|blaze|heal|nourish|vine,balanced,balanced,0,0,1,6,0,117
4,false,loadout,sword,quick,swift|strike|guard|lunge|return|unity,fire,sustain,seed|spark|blaze|heal|nourish|vine,balanced,balanced,0,1,1,8,0,74
4,false,loadout,sword,quick,swift|strike|guard|lunge|return|unity,fire,sustain,seed|spark|blaze|heal|nourish|vine,balanced,balanced,1,0,1,9,0,145
4,false,loadout,sword,quick,swift|strike|guard|lunge|return|unity,fire,sustain,seed|spark|blaze|heal|nourish|vine,balanced,balanced,1,1,1,8,0,59
4,false,loadout,sword,quick,swift|strike|guard|lunge|return|unity,fire,sustain,seed|spark|blaze|heal|nourish|vine,balanced,balanced,2,0,1,8,0,60
4,false,loadout,sword,quick,swift|strike|guard|lunge|return|unity,fire,sustain,seed|spark|blaze|heal|nourish|vine,balanced,balanced,2,1,1,8,0,90
4,false,loadout,sword,quick,swift|strike|guard|cut|return|unity,fire,sustain,seed|spark|blaze|heal|nourish|vine,balanced,balanced,0,0,1,6,0,35
4,false,loadout,sword,quick,swift|strike|guard|cut|return|unity,fire,sustain,seed|spark|blaze|heal|nourish|vine,balanced,balanced,0,1,1,7,0,77
4,false,loadout,sword,quick,swift|strike|guard|cut|return|unity,fire,sustain,seed|spark|blaze|heal|nourish|vine,balanced,balanced,1,0,1,9,0,145
4,false,loadout,sword,quick,swift|strike|guard|cut|return|unity,fire,sustain,seed|spark|blaze|heal|nourish|vine,balanced,balanced,1,1,1,8,0,59
4,false,loadout,sword,quick,swift|strike|guard|cut|return|unity,fire,sustain,seed|spark|blaze|heal|nourish|vine,balanced,balanced,2,0,1,8,0,60
4,false,loadout,sword,quick,swift|strike|guard|cut|return|unity,fire,sustain,seed|spark|blaze|heal|nourish|vine,balanced,balanced,2,1,1,8,0,90
4,false,loadout,sword,quick,swift|strike|guard|cut|lunge|unity,fire,sustain,seed|spark|blaze|heal|nourish|vine,balanced,balanced,0,0,1,6,0,117
4,false,loadout,sword,quick,swift|strike|guard|cut|lunge|unity,fire,sustain,seed|spark|blaze|heal|nourish|vine,balanced,balanced,0,1,1,8,0,74
4,false,loadout,sword,quick,swift|strike|guard|cut|lunge|unity,fire,sustain,seed|spark|blaze|heal|nourish|vine,balanced,balanced,1,0,1,9,0,145
4,false,loadout,sword,quick,swift|strike|guard|cut|lunge|unity,fire,sustain,seed|spark|blaze|heal|nourish|vine,balanced,balanced,1,1,1,8,0,59
4,false,loadout,sword,quick,swift|strike|guard|cut|lunge|unity,fire,sustain,seed|spark|blaze|heal|nourish|vine,balanced,balanced,2,0,1,8,0,60
4,false,loadout,sword,quick,swift|strike|guard|cut|lunge|unity,fire,sustain,seed|spark|blaze|heal|nourish|vine,balanced,balanced,2,1,1,8,0,90
4,false,loadout,sword,quick,swift|strike|guard|cut|lunge|return,fire,sustain,seed|spark|blaze|heal|nourish|vine,balanced,balanced,0,0,1,10,0,166
4,false,loadout,sword,quick,swift|strike|guard|cut|lunge|return,fire,sustain,seed|spark|blaze|heal|nourish|vine,balanced,balanced,0,1,1,8,0,74
4,false,loadout,sword,quick,swift|strike|guard|cut|lunge|return,fire,sustain,seed|spark|blaze|heal|nourish|vine,balanced,balanced,1,0,1,11,0,104
4,false,loadout,sword,quick,swift|strike|guard|cut|lunge|return,fire,sustain,seed|spark|blaze|heal|nourish|vine,balanced,balanced,1,1,1,8,0,59
4,false,loadout,sword,quick,swift|strike|guard|cut|lunge|return,fire,sustain,seed|spark|blaze|heal|nourish|vine,balanced,balanced,2,0,1,11,0,130
4,false,loadout,sword,quick,swift|strike|guard|cut|lunge|return,fire,sustain,seed|spark|blaze|heal|nourish|vine,balanced,balanced,2,1,1,8,0,90
4,false,loadout,sword,quick,swift|expose|cut|lunge|return|unity,fire,sustain,seed|spark|blaze|heal|nourish|vine,balanced,balanced,0,0,1,5,0,109
4,false,loadout,sword,quick,swift|expose|cut|lunge|return|unity,fire,sustain,seed|spark|blaze|heal|nourish|vine,balanced,balanced,0,1,1,7,0,76
4,false,loadout,sword,quick,swift|expose|cut|lunge|return|unity,fire,sustain,seed|spark|blaze|heal|nourish|vine,balanced,balanced,1,0,1,5,0,87
4,false,loadout,sword,quick,swift|expose|cut|lunge|return|unity,fire,sustain,seed|spark|blaze|heal|nourish|vine,balanced,balanced,1,1,1,7,0,160
4,false,loadout,sword,quick,swift|expose|cut|lunge|return|unity,fire,sustain,seed|spark|blaze|heal|nourish|vine,balanced,balanced,2,0,1,5,0,86
4,false,loadout,sword,quick,swift|expose|cut|lunge|return|unity,fire,sustain,seed|spark|blaze|heal|nourish|vine,balanced,balanced,2,1,1,7,0,160
4,false,loadout,sword,quick,swift|expose|guard|lunge|return|unity,fire,sustain,seed|spark|blaze|heal|nourish|vine,balanced,balanced,0,0,1,5,0,109
4,false,loadout,sword,quick,swift|expose|guard|lunge|return|unity,fire,sustain,seed|spark|blaze|heal|nourish|vine,balanced,balanced,0,1,1,7,0,76
4,false,loadout,sword,quick,swift|expose|guard|lunge|return|unity,fire,sustain,seed|spark|blaze|heal|nourish|vine,balanced,balanced,1,0,1,6,0,60
4,false,loadout,sword,quick,swift|expose|guard|lunge|return|unity,fire,sustain,seed|spark|blaze|heal|nourish|vine,balanced,balanced,1,1,1,7,0,160
4,false,loadout,sword,quick,swift|expose|guard|lunge|return|unity,fire,sustain,seed|spark|blaze|heal|nourish|vine,balanced,balanced,2,0,1,7,0,147
4,false,loadout,sword,quick,swift|expose|guard|lunge|return|unity,fire,sustain,seed|spark|blaze|heal|nourish|vine,balanced,balanced,2,1,1,7,0,160
4,false,loadout,sword,quick,swift|expose|guard|cut|return|unity,fire,sustain,seed|spark|blaze|heal|nourish|vine,balanced,balanced,0,0,1,5,0,123
4,false,loadout,sword,quick,swift|expose|guard|cut|return|unity,fire,sustain,seed|spark|blaze|heal|nourish|vine,balanced,balanced,0,1,1,7,0,160
4,false,loadout,sword,quick,swift|expose|guard|cut|return|unity,fire,sustain,seed|spark|blaze|heal|nourish|vine,balanced,balanced,1,0,1,6,0,60
4,false,loadout,sword,quick,swift|expose|guard|cut|return|unity,fire,sustain,seed|spark|blaze|heal|nourish|vine,balanced,balanced,1,1,1,7,0,160
4,false,loadout,sword,quick,swift|expose|guard|cut|return|unity,fire,sustain,seed|spark|blaze|heal|nourish|vine,balanced,balanced,2,0,1,7,0,147
4,false,loadout,sword,quick,swift|expose|guard|cut|return|unity,fire,sustain,seed|spark|blaze|heal|nourish|vine,balanced,balanced,2,1,1,7,0,160
4,false,loadout,sword,quick,swift|expose|guard|cut|lunge|unity,fire,sustain,seed|spark|blaze|heal|nourish|vine,balanced,balanced,0,0,1,5,0,109
4,false,loadout,sword,quick,swift|expose|guard|cut|lunge|unity,fire,sustain,seed|spark|blaze|heal|nourish|vine,balanced,balanced,0,1,1,7,0,76
4,false,loadout,sword,quick,swift|expose|guard|cut|lunge|unity,fire,sustain,seed|spark|blaze|heal|nourish|vine,balanced,balanced,1,0,1,6,0,68
4,false,loadout,sword,quick,swift|expose|guard|cut|lunge|unity,fire,sustain,seed|spark|blaze|heal|nourish|vine,balanced,balanced,1,1,1,7,0,160
4,false,loadout,sword,quick,swift|expose|guard|cut|lunge|unity,fire,sustain,seed|spark|blaze|heal|nourish|vine,balanced,balanced,2,0,1,7,0,147
4,false,loadout,sword,quick,swift|expose|guard|cut|lunge|unity,fire,sustain,seed|spark|blaze|heal|nourish|vine,balanced,balanced,2,1,1,7,0,160
4,false,loadout,sword,quick,swift|expose|guard|cut|lunge|return,fire,sustain,seed|spark|blaze|heal|nourish|vine,balanced,balanced,0,0,1,11,0,170
4,false,loadout,sword,quick,swift|expose|guard|cut|lunge|return,fire,sustain,seed|spark|blaze|heal|nourish|vine,balanced,balanced,0,1,1,7,0,76
4,false,loadout,sword,quick,swift|expose|guard|cut|lunge|return,fire,sustain,seed|spark|blaze|heal|nourish|vine,balanced,balanced,1,0,1,14,0,174
4,false,loadout,sword,quick,swift|expose|guard|cut|lunge|return,fire,sustain,seed|spark|blaze|heal|nourish|vine,balanced,balanced,1,1,1,7,0,160
4,false,loadout,sword,quick,swift|expose|guard|cut|lunge|return,fire,sustain,seed|spark|blaze|heal|nourish|vine,balanced,balanced,2,0,1,14,0,170
4,false,loadout,sword,quick,swift|expose|guard|cut|lunge|return,fire,sustain,seed|spark|blaze|heal|nourish|vine,balanced,balanced,2,1,1,7,0,160
4,false,loadout,sword,quick,swift|expose|strike|lunge|return|unity,fire,sustain,seed|spark|blaze|heal|nourish|vine,balanced,balanced,0,0,1,5,0,109
4,false,loadout,sword,quick,swift|expose|strike|lunge|return|unity,fire,sustain,seed|spark|blaze|heal|nourish|vine,balanced,balanced,0,1,1,8,0,53
4,false,loadout,sword,quick,swift|expose|strike|lunge|return|unity,fire,sustain,seed|spark|blaze|heal|nourish|vine,balanced,balanced,1,0,1,5,0,30
4,false,loadout,sword,quick,swift|expose|strike|lunge|return|unity,fire,sustain,seed|spark|blaze|heal|nourish|vine,balanced,balanced,1,1,1,9,0,84
4,false,loadout,sword,quick,swift|expose|strike|lunge|return|unity,fire,sustain,seed|spark|blaze|heal|nourish|vine,balanced,balanced,2,0,1,5,0,25
4,false,loadout,sword,quick,swift|expose|strike|lunge|return|unity,fire,sustain,seed|spark|blaze|heal|nourish|vine,balanced,balanced,2,1,1,8,0,83
4,false,loadout,sword,quick,swift|expose|strike|cut|return|unity,fire,sustain,seed|spark|blaze|heal|nourish|vine,balanced,balanced,0,0,0,5,26,0
4,false,loadout,sword,quick,swift|expose|strike|cut|return|unity,fire,sustain,seed|spark|blaze|heal|nourish|vine,balanced,balanced,0,1,1,8,0,22
4,false,loadout,sword,quick,swift|expose|strike|cut|return|unity,fire,sustain,seed|spark|blaze|heal|nourish|vine,balanced,balanced,1,0,1,5,0,30
4,false,loadout,sword,quick,swift|expose|strike|cut|return|unity,fire,sustain,seed|spark|blaze|heal|nourish|vine,balanced,balanced,1,1,1,9,0,84
4,false,loadout,sword,quick,swift|expose|strike|cut|return|unity,fire,sustain,seed|spark|blaze|heal|nourish|vine,balanced,balanced,2,0,1,5,0,25
4,false,loadout,sword,quick,swift|expose|strike|cut|return|unity,fire,sustain,seed|spark|blaze|heal|nourish|vine,balanced,balanced,2,1,1,8,0,83
4,false,loadout,sword,quick,swift|expose|strike|cut|lunge|unity,fire,sustain,seed|spark|blaze|heal|nourish|vine,balanced,balanced,0,0,1,5,0,109
4,false,loadout,sword,quick,swift|expose|strike|cut|lunge|unity,fire,sustain,seed|spark|blaze|heal|nourish|vine,balanced,balanced,0,1,1,8,0,53
4,false,loadout,sword,quick,swift|expose|strike|cut|lunge|unity,fire,sustain,seed|spark|blaze|heal|nourish|vine,balanced,balanced,1,0,1,5,0,30
4,false,loadout,sword,quick,swift|expose|strike|cut|lunge|unity,fire,sustain,seed|spark|blaze|heal|nourish|vine,balanced,balanced,1,1,1,9,0,84
4,false,loadout,sword,quick,swift|expose|strike|cut|lunge|unity,fire,sustain,seed|spark|blaze|heal|nourish|vine,balanced,balanced,2,0,1,5,0,25
4,false,loadout,sword,quick,swift|expose|strike|cut|lunge|unity,fire,sustain,seed|spark|blaze|heal|nourish|vine,balanced,balanced,2,1,1,8,0,83
4,false,loadout,sword,quick,swift|expose|strike|cut|lunge|return,fire,sustain,seed|spark|blaze|heal|nourish|vine,balanced,balanced,0,0,0,5,42,0
4,false,loadout,sword,quick,swift|expose|strike|cut|lunge|return,fire,sustain,seed|spark|blaze|heal|nourish|vine,balanced,balanced,0,1,1,8,0,53
4,false,loadout,sword,quick,swift|expose|strike|cut|lunge|return,fire,sustain,seed|spark|blaze|heal|nourish|vine,balanced,balanced,1,0,1,6,0,60
4,false,loadout,sword,quick,swift|expose|strike|cut|lunge|return,fire,sustain,seed|spark|blaze|heal|nourish|vine,balanced,balanced,1,1,1,9,0,84
4,false,loadout,sword,quick,swift|expose|strike|cut|lunge|return,fire,sustain,seed|spark|blaze|heal|nourish|vine,balanced,balanced,2,0,1,5,0,25
4,false,loadout,sword,quick,swift|expose|strike|cut|lunge|return,fire,sustain,seed|spark|blaze|heal|nourish|vine,balanced,balanced,2,1,1,8,0,83
4,false,loadout,sword,quick,swift|expose|strike|guard|return|unity,fire,sustain,seed|spark|blaze|heal|nourish|vine,balanced,balanced,0,0,0,5,26,0
4,false,loadout,sword,quick,swift|expose|strike|guard|return|unity,fire,sustain,seed|spark|blaze|heal|nourish|vine,balanced,balanced,0,1,1,8,0,22
4,false,loadout,sword,quick,swift|expose|strike|guard|return|unity,fire,sustain,seed|spark|blaze|heal|nourish|vine,balanced,balanced,1,0,1,7,0,180
4,false,loadout,sword,quick,swift|expose|strike|guard|return|unity,fire,sustain,seed|spark|blaze|heal|nourish|vine,balanced,balanced,1,1,1,9,0,84
4,false,loadout,sword,quick,swift|expose|strike|guard|return|unity,fire,sustain,seed|spark|blaze|heal|nourish|vine,balanced,balanced,2,0,1,9,0,184
4,false,loadout,sword,quick,swift|expose|strike|guard|return|unity,fire,sustain,seed|spark|blaze|heal|nourish|vine,balanced,balanced,2,1,1,8,0,83
4,false,loadout,sword,quick,swift|expose|strike|guard|lunge|unity,fire,sustain,seed|spark|blaze|heal|nourish|vine,balanced,balanced,0,0,1,5,0,109
4,false,loadout,sword,quick,swift|expose|strike|guard|lunge|unity,fire,sustain,seed|spark|blaze|heal|nourish|vine,balanced,balanced,0,1,1,8,0,53
4,false,loadout,sword,quick,swift|expose|strike|guard|lunge|unity,fire,sustain,seed|spark|blaze|heal|nourish|vine,balanced,balanced,1,0,1,7,0,180
4,false,loadout,sword,quick,swift|expose|strike|guard|lunge|unity,fire,sustain,seed|spark|blaze|heal|nourish|vine,balanced,balanced,1,1,1,9,0,84
4,false,loadout,sword,quick,swift|expose|strike|guard|lunge|unity,fire,sustain,seed|spark|blaze|heal|nourish|vine,balanced,balanced,2,0,1,9,0,184
4,false,loadout,sword,quick,swift|expose|strike|guard|lunge|unity,fire,sustain,seed|spark|blaze|heal|nourish|vine,balanced,balanced,2,1,1,8,0,83
4,false,loadout,sword,quick,swift|expose|strike|guard|lunge|return,fire,sustain,seed|spark|blaze|heal|nourish|vine,balanced,balanced,0,0,1,10,0,150
4,false,loadout,sword,quick,swift|expose|strike|guard|lunge|return,fire,sustain,seed|spark|blaze|heal|nourish|vine,balanced,balanced,0,1,1,8,0,53
4,false,loadout,sword,quick,swift|expose|strike|guard|lunge|return,fire,sustain,seed|spark|blaze|heal|nourish|vine,balanced,balanced,1,0,1,11,0,112
4,false,loadout,sword,quick,swift|expose|strike|guard|lunge|return,fire,sustain,seed|spark|blaze|heal|nourish|vine,balanced,balanced,1,1,1,9,0,84
4,false,loadout,sword,quick,swift|expose|strike|guard|lunge|return,fire,sustain,seed|spark|blaze|heal|nourish|vine,balanced,balanced,2,0,1,7,0,89
4,false,loadout,sword,quick,swift|expose|strike|guard|lunge|return,fire,sustain,seed|spark|blaze|heal|nourish|vine,balanced,balanced,2,1,1,8,0,83
4,false,loadout,sword,quick,swift|expose|strike|guard|cut|unity,fire,sustain,seed|spark|blaze|heal|nourish|vine,balanced,balanced,0,0,0,5,26,0
4,false,loadout,sword,quick,swift|expose|strike|guard|cut|unity,fire,sustain,seed|spark|blaze|heal|nourish|vine,balanced,balanced,0,1,1,8,0,22
4,false,loadout,sword,quick,swift|expose|strike|guard|cut|unity,fire,sustain,seed|spark|blaze|heal|nourish|vine,balanced,balanced,1,0,1,7,0,180
4,false,loadout,sword,quick,swift|expose|strike|guard|cut|unity,fire,sustain,seed|spark|blaze|heal|nourish|vine,balanced,balanced,1,1,1,9,0,84
4,false,loadout,sword,quick,swift|expose|strike|guard|cut|unity,fire,sustain,seed|spark|blaze|heal|nourish|vine,balanced,balanced,2,0,1,9,0,184
4,false,loadout,sword,quick,swift|expose|strike|guard|cut|unity,fire,sustain,seed|spark|blaze|heal|nourish|vine,balanced,balanced,2,1,1,8,0,83
4,false,loadout,sword,quick,swift|expose|strike|guard|cut|return,fire,sustain,seed|spark|blaze|heal|nourish|vine,balanced,balanced,0,0,0,5,26,0
4,false,loadout,sword,quick,swift|expose|strike|guard|cut|return,fire,sustain,seed|spark|blaze|heal|nourish|vine,balanced,balanced,0,1,1,8,0,22
4,false,loadout,sword,quick,swift|expose|strike|guard|cut|return,fire,sustain,seed|spark|blaze|heal|nourish|vine,balanced,balanced,1,0,1,11,0,112
4,false,loadout,sword,quick,swift|expose|strike|guard|cut|return,fire,sustain,seed|spark|blaze|heal|nourish|vine,balanced,balanced,1,1,1,9,0,84
4,false,loadout,sword,quick,swift|expose|strike|guard|cut|return,fire,sustain,seed|spark|blaze|heal|nourish|vine,balanced,balanced,2,0,1,7,0,89
4,false,loadout,sword,quick,swift|expose|strike|guard|cut|return,fire,sustain,seed|spark|blaze|heal|nourish|vine,balanced,balanced,2,1,1,8,0,83
4,false,loadout,sword,quick,swift|expose|strike|guard|cut|lunge,fire,sustain,seed|spark|blaze|heal|nourish|vine,balanced,balanced,0,0,1,10,0,150
4,false,loadout,sword,quick,swift|expose|strike|guard|cut|lunge,fire,sustain,seed|spark|blaze|heal|nourish|vine,balanced,balanced,0,1,1,8,0,53
4,false,loadout,sword,quick,swift|expose|strike|guard|cut|lunge,fire,sustain,seed|spark|blaze|heal|nourish|vine,balanced,balanced,1,0,1,11,0,112
4,false,loadout,sword,quick,swift|expose|strike|guard|cut|lunge,fire,sustain,seed|spark|blaze|heal|nourish|vine,balanced,balanced,1,1,1,9,0,84
4,false,loadout,sword,quick,swift|expose|strike|guard|cut|lunge,fire,sustain,seed|spark|blaze|heal|nourish|vine,balanced,balanced,2,0,1,7,0,89
4,false,loadout,sword,quick,swift|expose|strike|guard|cut|lunge,fire,sustain,seed|spark|blaze|heal|nourish|vine,balanced,balanced,2,1,1,8,0,83
4,false,loadout,sword,heavy,strike|guard|cut|lunge|return|unity,fire,sustain,seed|spark|blaze|heal|nourish|vine,balanced,balanced,0,0,1,11,0,165
4,false,loadout,sword,heavy,strike|guard|cut|lunge|return|unity,fire,sustain,seed|spark|blaze|heal|nourish|vine,balanced,balanced,0,1,1,7,0,60
4,false,loadout,sword,heavy,strike|guard|cut|lunge|return|unity,fire,sustain,seed|spark|blaze|heal|nourish|vine,balanced,balanced,1,0,1,11,0,145
4,false,loadout,sword,heavy,strike|guard|cut|lunge|return|unity,fire,sustain,seed|spark|blaze|heal|nourish|vine,balanced,balanced,1,1,1,11,0,78
4,false,loadout,sword,heavy,strike|guard|cut|lunge|return|unity,fire,sustain,seed|spark|blaze|heal|nourish|vine,balanced,balanced,2,0,1,11,0,157
4,false,loadout,sword,heavy,strike|guard|cut|lunge|return|unity,fire,sustain,seed|spark|blaze|heal|nourish|vine,balanced,balanced,2,1,1,10,0,54
4,false,loadout,sword,heavy,expose|guard|cut|lunge|return|unity,fire,sustain,seed|spark|blaze|heal|nourish|vine,balanced,balanced,0,0,1,10,0,120
4,false,loadout,sword,heavy,expose|guard|cut|lunge|return|unity,fire,sustain,seed|spark|blaze|heal|nourish|vine,balanced,balanced,0,1,1,6,0,210
4,false,loadout,sword,heavy,expose|guard|cut|lunge|return|unity,fire,sustain,seed|spark|blaze|heal|nourish|vine,balanced,balanced,1,0,1,11,0,179
4,false,loadout,sword,heavy,expose|guard|cut|lunge|return|unity,fire,sustain,seed|spark|blaze|heal|nourish|vine,balanced,balanced,1,1,1,8,0,210
4,false,loadout,sword,heavy,expose|guard|cut|lunge|return|unity,fire,sustain,seed|spark|blaze|heal|nourish|vine,balanced,balanced,2,0,1,11,0,147
4,false,loadout,sword,heavy,expose|guard|cut|lunge|return|unity,fire,sustain,seed|spark|blaze|heal|nourish|vine,balanced,balanced,2,1,1,9,0,210
4,false,loadout,sword,heavy,expose|strike|cut|lunge|return|unity,fire,sustain,seed|spark|blaze|heal|nourish|vine,balanced,balanced,0,0,1,7,0,38
4,false,loadout,sword,heavy,expose|strike|cut|lunge|return|unity,fire,sustain,seed|spark|blaze|heal|nourish|vine,balanced,balanced,0,1,1,8,0,40
4,false,loadout,sword,heavy,expose|strike|cut|lunge|return|unity,fire,sustain,seed|spark|blaze|heal|nourish|vine,balanced,balanced,1,0,1,5,0,97
4,false,loadout,sword,heavy,expose|strike|cut|lunge|return|unity,fire,sustain,seed|spark|blaze|heal|nourish|vine,balanced,balanced,1,1,0,8,34,0
4,false,loadout,sword,heavy,expose|strike|cut|lunge|return|unity,fire,sustain,seed|spark|blaze|heal|nourish|vine,balanced,balanced,2,0,1,5,0,79
4,false,loadout,sword,heavy,expose|strike|cut|lunge|return|unity,fire,sustain,seed|spark|blaze|heal|nourish|vine,balanced,balanced,2,1,1,7,0,124
4,false,loadout,sword,heavy,expose|strike|guard|lunge|return|unity,fire,sustain,seed|spark|blaze|heal|nourish|vine,balanced,balanced,0,0,1,10,0,143
4,false,loadout,sword,heavy,expose|strike|guard|lunge|return|unity,fire,sustain,seed|spark|blaze|heal|nourish|vine,balanced,balanced,0,1,1,8,0,40
4,false,loadout,sword,heavy,expose|strike|guard|lunge|return|unity,fire,sustain,seed|spark|blaze|heal|nourish|vine,balanced,balanced,1,0,1,11,0,161
4,false,loadout,sword,heavy,expose|strike|guard|lunge|return|unity,fire,sustain,seed|spark|blaze|heal|nourish|vine,balanced,balanced,1,1,0,7,62,0
4,false,loadout,sword,heavy,expose|strike|guard|lunge|return|unity,fire,sustain,seed|spark|blaze|heal|nourish|vine,balanced,balanced,2,0,1,11,0,148
4,false,loadout,sword,heavy,expose|strike|guard|lunge|return|unity,fire,sustain,seed|spark|blaze|heal|nourish|vine,balanced,balanced,2,1,1,6,0,202
4,false,loadout,sword,heavy,expose|strike|guard|cut|return|unity,fire,sustain,seed|spark|blaze|heal|nourish|vine,balanced,balanced,0,0,1,10,0,143
4,false,loadout,sword,heavy,expose|strike|guard|cut|return|unity,fire,sustain,seed|spark|blaze|heal|nourish|vine,balanced,balanced,0,1,1,8,0,40
4,false,loadout,sword,heavy,expose|strike|guard|cut|return|unity,fire,sustain,seed|spark|blaze|heal|nourish|vine,balanced,balanced,1,0,1,11,0,161
4,false,loadout,sword,heavy,expose|strike|guard|cut|return|unity,fire,sustain,seed|spark|blaze|heal|nourish|vine,balanced,balanced,1,1,0,7,62,0
4,false,loadout,sword,heavy,expose|strike|guard|cut|return|unity,fire,sustain,seed|spark|blaze|heal|nourish|vine,balanced,balanced,2,0,1,11,0,148
4,false,loadout,sword,heavy,expose|strike|guard|cut|return|unity,fire,sustain,seed|spark|blaze|heal|nourish|vine,balanced,balanced,2,1,1,6,0,202
4,false,loadout,sword,heavy,expose|strike|guard|cut|lunge|unity,fire,sustain,seed|spark|blaze|heal|nourish|vine,balanced,balanced,0,0,1,10,0,143
4,false,loadout,sword,heavy,expose|strike|guard|cut|lunge|unity,fire,sustain,seed|spark|blaze|heal|nourish|vine,balanced,balanced,0,1,1,8,0,40
4,false,loadout,sword,heavy,expose|strike|guard|cut|lunge|unity,fire,sustain,seed|spark|blaze|heal|nourish|vine,balanced,balanced,1,0,1,11,0,161
4,false,loadout,sword,heavy,expose|strike|guard|cut|lunge|unity,fire,sustain,seed|spark|blaze|heal|nourish|vine,balanced,balanced,1,1,0,7,62,0
4,false,loadout,sword,heavy,expose|strike|guard|cut|lunge|unity,fire,sustain,seed|spark|blaze|heal|nourish|vine,balanced,balanced,2,0,1,11,0,148
4,false,loadout,sword,heavy,expose|strike|guard|cut|lunge|unity,fire,sustain,seed|spark|blaze|heal|nourish|vine,balanced,balanced,2,1,1,6,0,202
4,false,loadout,sword,heavy,expose|strike|guard|cut|lunge|return,fire,sustain,seed|spark|blaze|heal|nourish|vine,balanced,balanced,0,0,1,12,0,196
4,false,loadout,sword,heavy,expose|strike|guard|cut|lunge|return,fire,sustain,seed|spark|blaze|heal|nourish|vine,balanced,balanced,0,1,1,8,0,40
4,false,loadout,sword,heavy,expose|strike|guard|cut|lunge|return,fire,sustain,seed|spark|blaze|heal|nourish|vine,balanced,balanced,1,0,1,13,0,139
4,false,loadout,sword,heavy,expose|strike|guard|cut|lunge|return,fire,sustain,seed|spark|blaze|heal|nourish|vine,balanced,balanced,1,1,1,10,0,108
4,false,loadout,sword,heavy,expose|strike|guard|cut|lunge|return,fire,sustain,seed|spark|blaze|heal|nourish|vine,balanced,balanced,2,0,1,11,0,157
4,false,loadout,sword,heavy,expose|strike|guard|cut|lunge|return,fire,sustain,seed|spark|blaze|heal|nourish|vine,balanced,balanced,2,1,1,8,0,73
4,false,loadout,sword,heavy,swift|guard|cut|lunge|return|unity,fire,sustain,seed|spark|blaze|heal|nourish|vine,balanced,balanced,0,0,1,9,0,210
4,false,loadout,sword,heavy,swift|guard|cut|lunge|return|unity,fire,sustain,seed|spark|blaze|heal|nourish|vine,balanced,balanced,0,1,1,7,0,90
4,false,loadout,sword,heavy,swift|guard|cut|lunge|return|unity,fire,sustain,seed|spark|blaze|heal|nourish|vine,balanced,balanced,1,0,1,10,0,168
4,false,loadout,sword,heavy,swift|guard|cut|lunge|return|unity,fire,sustain,seed|spark|blaze|heal|nourish|vine,balanced,balanced,1,1,1,7,0,160
4,false,loadout,sword,heavy,swift|guard|cut|lunge|return|unity,fire,sustain,seed|spark|blaze|heal|nourish|vine,balanced,balanced,2,0,1,9,0,168
4,false,loadout,sword,heavy,swift|guard|cut|lunge|return|unity,fire,sustain,seed|spark|blaze|heal|nourish|vine,balanced,balanced,2,1,1,7,0,160
4,false,loadout,sword,heavy,swift|strike|cut|lunge|return|unity,fire,sustain,seed|spark|blaze|heal|nourish|vine,balanced,balanced,0,0,0,6,12,0
4,false,loadout,sword,heavy,swift|strike|cut|lunge|return|unity,fire,sustain,seed|spark|blaze|heal|nourish|vine,balanced,balanced,0,1,1,10,0,18
4,false,loadout,sword,heavy,swift|strike|cut|lunge|return|unity,fire,sustain,seed|spark|blaze|heal|nourish|vine,balanced,balanced,1,0,1,6,0,24
4,false,loadout,sword,heavy,swift|strike|cut|lunge|return|unity,fire,sustain,seed|spark|blaze|heal|nourish|vine,balanced,balanced,1,1,1,10,0,66
4,false,loadout,sword,heavy,swift|strike|cut|lunge|return|unity,fire,sustain,seed|spark|blaze|heal|nourish|vine,balanced,balanced,2,0,1,6,0,14
4,false,loadout,sword,heavy,swift|strike|cut|lunge|return|unity,fire,sustain,seed|spark|blaze|heal|nourish|vine,balanced,balanced,2,1,1,10,0,66
4,false,loadout,sword,heavy,swift|strike|guard|lunge|return|unity,fire,sustain,seed|spark|blaze|heal|nourish|vine,balanced,balanced,0,0,1,7,0,83
4,false,loadout,sword,heavy,swift|strike|guard|lunge|return|unity,fire,sustain,seed|spark|blaze|heal|nourish|vine,balanced,balanced,0,1,1,7,0,88
4,false,loadout,sword,heavy,swift|strike|guard|lunge|return|unity,fire,sustain,seed|spark|blaze|heal|nourish|vine,balanced,balanced,1,0,1,10,0,157
4,false,loadout,sword,heavy,swift|strike|guard|lunge|return|unity,fire,sustain,seed|spark|blaze|heal|nourish|vine,balanced,balanced,1,1,1,10,0,66
4,false,loadout,sword,heavy,swift|strike|guard|lunge|return|unity,fire,sustain,seed|spark|blaze|heal|nourish|vine,balanced,balanced,2,0,1,11,0,159
4,false,loadout,sword,heavy,swift|strike|guard|lunge|return|unity,fire,sustain,seed|spark|blaze|heal|nourish|vine,balanced,balanced,2,1,1,10,0,66
4,false,loadout,sword,heavy,swift|strike|guard|cut|return|unity,fire,sustain,seed|spark|blaze|heal|nourish|vine,balanced,balanced,0,0,1,7,0,84
4,false,loadout,sword,heavy,swift|strike|guard|cut|return|unity,fire,sustain,seed|spark|blaze|heal|nourish|vine,balanced,balanced,0,1,1,7,0,88
4,false,loadout,sword,heavy,swift|strike|guard|cut|return|unity,fire,sustain,seed|spark|blaze|heal|nourish|vine,balanced,balanced,1,0,1,10,0,157
4,false,loadout,sword,heavy,swift|strike|guard|cut|return|unity,fire,sustain,seed|spark|blaze|heal|nourish|vine,balanced,balanced,1,1,1,10,0,66
4,false,loadout,sword,heavy,swift|strike|guard|cut|return|unity,fire,sustain,seed|spark|blaze|heal|nourish|vine,balanced,balanced,2,0,1,11,0,159
4,false,loadout,sword,heavy,swift|strike|guard|cut|return|unity,fire,sustain,seed|spark|blaze|heal|nourish|vine,balanced,balanced,2,1,1,10,0,66
4,false,loadout,sword,heavy,swift|strike|guard|cut|lunge|unity,fire,sustain,seed|spark|blaze|heal|nourish|vine,balanced,balanced,0,0,1,7,0,83
4,false,loadout,sword,heavy,swift|strike|guard|cut|lunge|unity,fire,sustain,seed|spark|blaze|heal|nourish|vine,balanced,balanced,0,1,1,7,0,88
4,false,loadout,sword,heavy,swift|strike|guard|cut|lunge|unity,fire,sustain,seed|spark|blaze|heal|nourish|vine,balanced,balanced,1,0,1,10,0,157
4,false,loadout,sword,heavy,swift|strike|guard|cut|lunge|unity,fire,sustain,seed|spark|blaze|heal|nourish|vine,balanced,balanced,1,1,1,10,0,66
4,false,loadout,sword,heavy,swift|strike|guard|cut|lunge|unity,fire,sustain,seed|spark|blaze|heal|nourish|vine,balanced,balanced,2,0,1,10,0,157
4,false,loadout,sword,heavy,swift|strike|guard|cut|lunge|unity,fire,sustain,seed|spark|blaze|heal|nourish|vine,balanced,balanced,2,1,1,10,0,66
4,false,loadout,sword,heavy,swift|strike|guard|cut|lunge|return,fire,sustain,seed|spark|blaze|heal|nourish|vine,balanced,balanced,0,0,1,11,0,170
4,false,loadout,sword,heavy,swift|strike|guard|cut|lunge|return,fire,sustain,seed|spark|blaze|heal|nourish|vine,balanced,balanced,0,1,1,7,0,88
4,false,loadout,sword,heavy,swift|strike|guard|cut|lunge|return,fire,sustain,seed|spark|blaze|heal|nourish|vine,balanced,balanced,1,0,1,11,0,157
4,false,loadout,sword,heavy,swift|strike|guard|cut|lunge|return,fire,sustain,seed|spark|blaze|heal|nourish|vine,balanced,balanced,1,1,1,10,0,66
4,false,loadout,sword,heavy,swift|strike|guard|cut|lunge|return,fire,sustain,seed|spark|blaze|heal|nourish|vine,balanced,balanced,2,0,1,13,0,200
4,false,loadout,sword,heavy,swift|strike|guard|cut|lunge|return,fire,sustain,seed|spark|blaze|heal|nourish|vine,balanced,balanced,2,1,1,10,0,66
4,false,loadout,sword,heavy,swift|expose|cut|lunge|return|unity,fire,sustain,seed|spark|blaze|heal|nourish|vine,balanced,balanced,0,0,1,5,0,31
4,false,loadout,sword,heavy,swift|expose|cut|lunge|return|unity,fire,sustain,seed|spark|blaze|heal|nourish|vine,balanced,balanced,0,1,1,7,0,90
4,false,loadout,sword,heavy,swift|expose|cut|lunge|return|unity,fire,sustain,seed|spark|blaze|heal|nourish|vine,balanced,balanced,1,0,1,5,0,87
4,false,loadout,sword,heavy,swift|expose|cut|lunge|return|unity,fire,sustain,seed|spark|blaze|heal|nourish|vine,balanced,balanced,1,1,1,7,0,160
4,false,loadout,sword,heavy,swift|expose|cut|lunge|return|unity,fire,sustain,seed|spark|blaze|heal|nourish|vine,balanced,balanced,2,0,1,6,0,14
4,false,loadout,sword,heavy,swift|expose|cut|lunge|return|unity,fire,sustain,seed|spark|blaze|heal|nourish|vine,balanced,balanced,2,1,1,7,0,160
4,false,loadout,sword,heavy,swift|expose|guard|lunge|return|unity,fire,sustain,seed|spark|blaze|heal|nourish|vine,balanced,balanced,0,0,1,11,0,152
4,false,loadout,sword,heavy,swift|expose|guard|lunge|return|unity,fire,sustain,seed|spark|blaze|heal|nourish|vine,balanced,balanced,0,1,1,7,0,90
4,false,loadout,sword,heavy,swift|expose|guard|lunge|return|unity,fire,sustain,seed|spark|blaze|heal|nourish|vine,balanced,balanced,1,0,1,10,0,156
4,false,loadout,sword,heavy,swift|expose|guard|lunge|return|unity,fire,sustain,seed|spark|blaze|heal|nourish|vine,balanced,balanced,1,1,1,7,0,160
4,false,loadout,sword,heavy,swift|expose|guard|lunge|return|unity,fire,sustain,seed|spark|blaze|heal|nourish|vine,balanced,balanced,2,0,1,8,0,205
4,false,loadout,sword,heavy,swift|expose|guard|lunge|return|unity,fire,sustain,seed|spark|blaze|heal|nourish|vine,balanced,balanced,2,1,1,7,0,160
4,false,loadout,sword,heavy,swift|expose|guard|cut|return|unity,fire,sustain,seed|spark|blaze|heal|nourish|vine,balanced,balanced,0,0,1,7,0,143
4,false,loadout,sword,heavy,swift|expose|guard|cut|return|unity,fire,sustain,seed|spark|blaze|heal|nourish|vine,balanced,balanced,0,1,1,7,0,160
4,false,loadout,sword,heavy,swift|expose|guard|cut|return|unity,fire,sustain,seed|spark|blaze|heal|nourish|vine,balanced,balanced,1,0,1,10,0,156
4,false,loadout,sword,heavy,swift|expose|guard|cut|return|unity,fire,sustain,seed|spark|blaze|heal|nourish|vine,balanced,balanced,1,1,1,7,0,160
4,false,loadout,sword,heavy,swift|expose|guard|cut|return|unity,fire,sustain,seed|spark|blaze|heal|nourish|vine,balanced,balanced,2,0,1,8,0,205
4,false,loadout,sword,heavy,swift|expose|guard|cut|return|unity,fire,sustain,seed|spark|blaze|heal|nourish|vine,balanced,balanced,2,1,1,7,0,160
4,false,loadout,sword,heavy,swift|expose|guard|cut|lunge|unity,fire,sustain,seed|spark|blaze|heal|nourish|vine,balanced,balanced,0,0,1,10,0,204
4,false,loadout,sword,heavy,swift|expose|guard|cut|lunge|unity,fire,sustain,seed|spark|blaze|heal|nourish|vine,balanced,balanced,0,1,1,7,0,90
4,false,loadout,sword,heavy,swift|expose|guard|cut|lunge|unity,fire,sustain,seed|spark|blaze|heal|nourish|vine,balanced,balanced,1,0,1,9,0,204
4,false,loadout,sword,heavy,swift|expose|guard|cut|lunge|unity,fire,sustain,seed|spark|blaze|heal|nourish|vine,balanced,balanced,1,1,1,7,0,160
4,false,loadout,sword,heavy,swift|expose|guard|cut|lunge|unity,fire,sustain,seed|spark|blaze|heal|nourish|vine,balanced,balanced,2,0,1,9,0,183
4,false,loadout,sword,heavy,swift|expose|guard|cut|lunge|unity,fire,sustain,seed|spark|blaze|heal|nourish|vine,balanced,balanced,2,1,1,7,0,160
4,false,loadout,sword,heavy,swift|expose|guard|cut|lunge|return,fire,sustain,seed|spark|blaze|heal|nourish|vine,balanced,balanced,0,0,1,15,0,154
4,false,loadout,sword,heavy,swift|expose|guard|cut|lunge|return,fire,sustain,seed|spark|blaze|heal|nourish|vine,balanced,balanced,0,1,1,7,0,90
4,false,loadout,sword,heavy,swift|expose|guard|cut|lunge|return,fire,sustain,seed|spark|blaze|heal|nourish|vine,balanced,balanced,1,0,1,15,0,150
4,false,loadout,sword,heavy,swift|expose|guard|cut|lunge|return,fire,sustain,seed|spark|blaze|heal|nourish|vine,balanced,balanced,1,1,1,7,0,160
4,false,loadout,sword,heavy,swift|expose|guard|cut|lunge|return,fire,sustain,seed|spark|blaze|heal|nourish|vine,balanced,balanced,2,0,1,14,0,150
4,false,loadout,sword,heavy,swift|expose|guard|cut|lunge|return,fire,sustain,seed|spark|blaze|heal|nourish|vine,balanced,balanced,2,1,1,7,0,160
4,false,loadout,sword,heavy,swift|expose|strike|lunge|return|unity,fire,sustain,seed|spark|blaze|heal|nourish|vine,balanced,balanced,0,0,0,5,20,0
4,false,loadout,sword,heavy,swift|expose|strike|lunge|return|unity,fire,sustain,seed|spark|blaze|heal|nourish|vine,balanced,balanced,0,1,1,8,0,62
4,false,loadout,sword,heavy,swift|expose|strike|lunge|return|unity,fire,sustain,seed|spark|blaze|heal|nourish|vine,balanced,balanced,1,0,1,6,0,39
4,false,loadout,sword,heavy,swift|expose|strike|lunge|return|unity,fire,sustain,seed|spark|blaze|heal|nourish|vine,balanced,balanced,1,1,1,7,0,67
4,false,loadout,sword,heavy,swift|expose|strike|lunge|return|unity,fire,sustain,seed|spark|blaze|heal|nourish|vine,balanced,balanced,2,0,0,5,26,0
4,false,loadout,sword,heavy,swift|expose|strike|lunge|return|unity,fire,sustain,seed|spark|blaze|heal|nourish|vine,balanced,balanced,2,1,1,9,0,119
4,false,loadout,sword,heavy,swift|expose|strike|cut|return|unity,fire,sustain,seed|spark|blaze|heal|nourish|vine,balanced,balanced,0,0,0,5,26,0
4,false,loadout,sword,heavy,swift|expose|strike|cut|return|unity,fire,sustain,seed|spark|blaze|heal|nourish|vine,balanced,balanced,0,1,1,8,0,62
4,false,loadout,sword,heavy,swift|expose|strike|cut|return|unity,fire,sustain,seed|spark|blaze|heal|nourish|vine,balanced,balanced,1,0,1,6,0,39
4,false,loadout,sword,heavy,swift|expose|strike|cut|return|unity,fire,sustain,seed|spark|blaze|heal|nourish|vine,balanced,balanced,1,1,1,7,0,67
4,false,loadout,sword,heavy,swift|expose|strike|cut|return|unity,fire,sustain,seed|spark|blaze|heal|nourish|vine,balanced,balanced,2,0,0,5,26,0
4,false,loadout,sword,heavy,swift|expose|strike|cut|return|unity,fire,sustain,seed|spark|blaze|heal|nourish|vine,balanced,balanced,2,1,1,9,0,119
4,false,loadout,sword,heavy,swift|expose|strike|cut|lunge|unity,fire,sustain,seed|spark|blaze|heal|nourish|vine,balanced,balanced,0,0,0,5,20,0
4,false,loadout,sword,heavy,swift|expose|strike|cut|lunge|unity,fire,sustain,seed|spark|blaze|heal|nourish|vine,balanced,balanced,0,1,1,8,0,62
4,false,loadout,sword,heavy,swift|expose|strike|cut|lunge|unity,fire,sustain,seed|spark|blaze|heal|nourish|vine,balanced,balanced,1,0,1,6,0,34
4,false,loadout,sword,heavy,swift|expose|strike|cut|lunge|unity,fire,sustain,seed|spark|blaze|heal|nourish|vine,balanced,balanced,1,1,1,7,0,67
4,false,loadout,sword,heavy,swift|expose|strike|cut|lunge|unity,fire,sustain,seed|spark|blaze|heal|nourish|vine,balanced,balanced,2,0,0,5,26,0
4,false,loadout,sword,heavy,swift|expose|strike|cut|lunge|unity,fire,sustain,seed|spark|blaze|heal|nourish|vine,balanced,balanced,2,1,1,9,0,119
4,false,loadout,sword,heavy,swift|expose|strike|cut|lunge|return,fire,sustain,seed|spark|blaze|heal|nourish|vine,balanced,balanced,0,0,1,6,0,28
4,false,loadout,sword,heavy,swift|expose|strike|cut|lunge|return,fire,sustain,seed|spark|blaze|heal|nourish|vine,balanced,balanced,0,1,1,8,0,27
4,false,loadout,sword,heavy,swift|expose|strike|cut|lunge|return,fire,sustain,seed|spark|blaze|heal|nourish|vine,balanced,balanced,1,0,1,6,0,51
4,false,loadout,sword,heavy,swift|expose|strike|cut|lunge|return,fire,sustain,seed|spark|blaze|heal|nourish|vine,balanced,balanced,1,1,1,7,0,81
4,false,loadout,sword,heavy,swift|expose|strike|cut|lunge|return,fire,sustain,seed|spark|blaze|heal|nourish|vine,balanced,balanced,2,0,0,5,26,0
4,false,loadout,sword,heavy,swift|expose|strike|cut|lunge|return,fire,sustain,seed|spark|blaze|heal|nourish|vine,balanced,balanced,2,1,1,9,0,119
4,false,loadout,sword,heavy,swift|expose|strike|guard|return|unity,fire,sustain,seed|spark|blaze|heal|nourish|vine,balanced,balanced,0,0,0,5,57,0
4,false,loadout,sword,heavy,swift|expose|strike|guard|return|unity,fire,sustain,seed|spark|blaze|heal|nourish|vine,balanced,balanced,0,1,1,8,0,62
4,false,loadout,sword,heavy,swift|expose|strike|guard|return|unity,fire,sustain,seed|spark|blaze|heal|nourish|vine,balanced,balanced,1,0,1,8,0,107
4,false,loadout,sword,heavy,swift|expose|strike|guard|return|unity,fire,sustain,seed|spark|blaze|heal|nourish|vine,balanced,balanced,1,1,1,7,0,67
4,false,loadout,sword,heavy,swift|expose|strike|guard|return|unity,fire,sustain,seed|spark|blaze|heal|nourish|vine,balanced,balanced,2,0,1,7,0,65
4,false,loadout,sword,heavy,swift|expose|strike|guard|return|unity,fire,sustain,seed|spark|blaze|heal|nourish|vine,balanced,balanced,2,1,1,9,0,119
4,false,loadout,sword,heavy,swift|expose|strike|guard|lunge|unity,fire,sustain,seed|spark|blaze|heal|nourish|vine,balanced,balanced,0,0,0,5,57,0
4,false,loadout,sword,heavy,swift|expose|strike|guard|lunge|unity,fire,sustain,seed|spark|blaze|heal|nourish|vine,balanced,balanced,0,1,1,8,0,62
4,false,loadout,sword,heavy,swift|expose|strike|guard|lunge|unity,fire,sustain,seed|spark|blaze|heal|nourish|vine,balanced,balanced,1,0,1,8,0,107
4,false,loadout,sword,heavy,swift|expose|strike|guard|lunge|unity,fire,sustain,seed|spark|blaze|heal|nourish|vine,balanced,balanced,1,1,1,7,0,67
4,false,loadout,sword,heavy,swift|expose|strike|guard|lunge|unity,fire,sustain,seed|spark|blaze|heal|nourish|vine,balanced,balanced,2,0,1,7,0,65
4,false,loadout,sword,heavy,swift|expose|strike|guard|lunge|unity,fire,sustain,seed|spark|blaze|heal|nourish|vine,balanced,balanced,2,1,1,9,0,119
4,false,loadout,sword,heavy,swift|expose|strike|guard|lunge|return,fire,sustain,seed|spark|blaze|heal|nourish|vine,balanced,balanced,0,0,0,5,57,0
4,false,loadout,sword,heavy,swift|expose|strike|guard|lunge|return,fire,sustain,seed|spark|blaze|heal|nourish|vine,balanced,balanced,0,1,1,8,0,27
4,false,loadout,sword,heavy,swift|expose|strike|guard|lunge|return,fire,sustain,seed|spark|blaze|heal|nourish|vine,balanced,balanced,1,0,1,13,0,142
4,false,loadout,sword,heavy,swift|expose|strike|guard|lunge|return,fire,sustain,seed|spark|blaze|heal|nourish|vine,balanced,balanced,1,1,1,7,0,81
4,false,loadout,sword,heavy,swift|expose|strike|guard|lunge|return,fire,sustain,seed|spark|blaze|heal|nourish|vine,balanced,balanced,2,0,1,11,0,157
4,false,loadout,sword,heavy,swift|expose|strike|guard|lunge|return,fire,sustain,seed|spark|blaze|heal|nourish|vine,balanced,balanced,2,1,1,9,0,119
4,false,loadout,sword,heavy,swift|expose|strike|guard|cut|unity,fire,sustain,seed|spark|blaze|heal|nourish|vine,balanced,balanced,0,0,0,5,57,0
4,false,loadout,sword,heavy,swift|expose|strike|guard|cut|unity,fire,sustain,seed|spark|blaze|heal|nourish|vine,balanced,balanced,0,1,1,8,0,62
4,false,loadout,sword,heavy,swift|expose|strike|guard|cut|unity,fire,sustain,seed|spark|blaze|heal|nourish|vine,balanced,balanced,1,0,1,8,0,107
4,false,loadout,sword,heavy,swift|expose|strike|guard|cut|unity,fire,sustain,seed|spark|blaze|heal|nourish|vine,balanced,balanced,1,1,1,7,0,67
4,false,loadout,sword,heavy,swift|expose|strike|guard|cut|unity,fire,sustain,seed|spark|blaze|heal|nourish|vine,balanced,balanced,2,0,1,7,0,65
4,false,loadout,sword,heavy,swift|expose|strike|guard|cut|unity,fire,sustain,seed|spark|blaze|heal|nourish|vine,balanced,balanced,2,1,1,9,0,119
4,false,loadout,sword,heavy,swift|expose|strike|guard|cut|return,fire,sustain,seed|spark|blaze|heal|nourish|vine,balanced,balanced,0,0,0,5,57,0
4,false,loadout,sword,heavy,swift|expose|strike|guard|cut|return,fire,sustain,seed|spark|blaze|heal|nourish|vine,balanced,balanced,0,1,1,8,0,27
4,false,loadout,sword,heavy,swift|expose|strike|guard|cut|return,fire,sustain,seed|spark|blaze|heal|nourish|vine,balanced,balanced,1,0,1,13,0,142
4,false,loadout,sword,heavy,swift|expose|strike|guard|cut|return,fire,sustain,seed|spark|blaze|heal|nourish|vine,balanced,balanced,1,1,1,7,0,81
4,false,loadout,sword,heavy,swift|expose|strike|guard|cut|return,fire,sustain,seed|spark|blaze|heal|nourish|vine,balanced,balanced,2,0,1,11,0,157
4,false,loadout,sword,heavy,swift|expose|strike|guard|cut|return,fire,sustain,seed|spark|blaze|heal|nourish|vine,balanced,balanced,2,1,1,9,0,119
4,false,loadout,sword,heavy,swift|expose|strike|guard|cut|lunge,fire,sustain,seed|spark|blaze|heal|nourish|vine,balanced,balanced,0,0,0,5,57,0
4,false,loadout,sword,heavy,swift|expose|strike|guard|cut|lunge,fire,sustain,seed|spark|blaze|heal|nourish|vine,balanced,balanced,0,1,1,8,0,27
4,false,loadout,sword,heavy,swift|expose|strike|guard|cut|lunge,fire,sustain,seed|spark|blaze|heal|nourish|vine,balanced,balanced,1,0,1,13,0,142
4,false,loadout,sword,heavy,swift|expose|strike|guard|cut|lunge,fire,sustain,seed|spark|blaze|heal|nourish|vine,balanced,balanced,1,1,1,7,0,81
4,false,loadout,sword,heavy,swift|expose|strike|guard|cut|lunge,fire,sustain,seed|spark|blaze|heal|nourish|vine,balanced,balanced,2,0,1,11,0,157
4,false,loadout,sword,heavy,swift|expose|strike|guard|cut|lunge,fire,sustain,seed|spark|blaze|heal|nourish|vine,balanced,balanced,2,1,1,9,0,119
2,false,core,fire,sustain,seed|spark|blaze|heal|nourish|vine,sword,quick,swift|expose|strike|guard|cut|unity,balanced,balanced,0,0,0,8,12,0
2,false,core,fire,sustain,seed|spark|blaze|heal|nourish|vine,sword,quick,swift|expose|strike|guard|cut|unity,balanced,balanced,0,1,1,5,0,26
2,false,core,fire,sustain,seed|spark|blaze|heal|nourish|vine,sword,quick,swift|expose|strike|guard|cut|unity,balanced,balanced,1,0,0,9,70,0
2,false,core,fire,sustain,seed|spark|blaze|heal|nourish|vine,sword,quick,swift|expose|strike|guard|cut|unity,balanced,balanced,1,1,0,7,168,0
2,false,core,fire,sustain,seed|spark|blaze|heal|nourish|vine,sword,quick,swift|expose|strike|guard|cut|unity,balanced,balanced,2,0,0,8,71,0
2,false,core,fire,sustain,seed|spark|blaze|heal|nourish|vine,sword,quick,swift|expose|strike|guard|cut|unity,balanced,balanced,2,1,0,7,114,0
2,false,core,fire,sustain,seed|spark|blaze|heal|nourish|vine,sword,quick,swift|expose|strike|guard|cut|unity,balanced,aggressive,0,0,0,5,86,0
2,false,core,fire,sustain,seed|spark|blaze|heal|nourish|vine,sword,quick,swift|expose|strike|guard|cut|unity,balanced,aggressive,0,1,1,4,0,28
2,false,core,fire,sustain,seed|spark|blaze|heal|nourish|vine,sword,quick,swift|expose|strike|guard|cut|unity,balanced,aggressive,1,0,0,6,79,0
2,false,core,fire,sustain,seed|spark|blaze|heal|nourish|vine,sword,quick,swift|expose|strike|guard|cut|unity,balanced,aggressive,1,1,1,4,0,28
2,false,core,fire,sustain,seed|spark|blaze|heal|nourish|vine,sword,quick,swift|expose|strike|guard|cut|unity,balanced,aggressive,2,0,0,5,148,0
2,false,core,fire,sustain,seed|spark|blaze|heal|nourish|vine,sword,quick,swift|expose|strike|guard|cut|unity,balanced,aggressive,2,1,1,4,0,28
2,false,core,fire,sustain,seed|spark|blaze|heal|nourish|vine,sword,quick,swift|expose|strike|guard|cut|unity,balanced,defensive,0,0,0,18,191,0
2,false,core,fire,sustain,seed|spark|blaze|heal|nourish|vine,sword,quick,swift|expose|strike|guard|cut|unity,balanced,defensive,0,1,0,14,81,0
2,false,core,fire,sustain,seed|spark|blaze|heal|nourish|vine,sword,quick,swift|expose|strike|guard|cut|unity,balanced,defensive,1,0,0,16,206,0
2,false,core,fire,sustain,seed|spark|blaze|heal|nourish|vine,sword,quick,swift|expose|strike|guard|cut|unity,balanced,defensive,1,1,0,15,91,0
2,false,core,fire,sustain,seed|spark|blaze|heal|nourish|vine,sword,quick,swift|expose|strike|guard|cut|unity,balanced,defensive,2,0,0,14,181,0
2,false,core,fire,sustain,seed|spark|blaze|heal|nourish|vine,sword,quick,swift|expose|strike|guard|cut|unity,balanced,defensive,2,1,0,14,113,0
2,false,core,fire,sustain,seed|spark|blaze|heal|nourish|vine,sword,quick,swift|expose|strike|guard|cut|unity,balanced,burst,0,0,0,5,119,0
2,false,core,fire,sustain,seed|spark|blaze|heal|nourish|vine,sword,quick,swift|expose|strike|guard|cut|unity,balanced,burst,0,1,0,5,90,0
2,false,core,fire,sustain,seed|spark|blaze|heal|nourish|vine,sword,quick,swift|expose|strike|guard|cut|unity,balanced,burst,1,0,0,5,155,0
2,false,core,fire,sustain,seed|spark|blaze|heal|nourish|vine,sword,quick,swift|expose|strike|guard|cut|unity,balanced,burst,1,1,0,6,107,0
2,false,core,fire,sustain,seed|spark|blaze|heal|nourish|vine,sword,quick,swift|expose|strike|guard|cut|unity,balanced,burst,2,0,0,5,110,0
2,false,core,fire,sustain,seed|spark|blaze|heal|nourish|vine,sword,quick,swift|expose|strike|guard|cut|unity,balanced,burst,2,1,0,5,20,0
2,false,core,fire,sustain,seed|spark|blaze|heal|nourish|vine,sword,quick,swift|expose|strike|guard|cut|unity,aggressive,balanced,0,0,1,5,0,30
2,false,core,fire,sustain,seed|spark|blaze|heal|nourish|vine,sword,quick,swift|expose|strike|guard|cut|unity,aggressive,balanced,0,1,1,4,0,39
2,false,core,fire,sustain,seed|spark|blaze|heal|nourish|vine,sword,quick,swift|expose|strike|guard|cut|unity,aggressive,balanced,1,0,1,5,0,30
2,false,core,fire,sustain,seed|spark|blaze|heal|nourish|vine,sword,quick,swift|expose|strike|guard|cut|unity,aggressive,balanced,1,1,0,5,7,0
2,false,core,fire,sustain,seed|spark|blaze|heal|nourish|vine,sword,quick,swift|expose|strike|guard|cut|unity,aggressive,balanced,2,0,0,5,12,0
2,false,core,fire,sustain,seed|spark|blaze|heal|nourish|vine,sword,quick,swift|expose|strike|guard|cut|unity,aggressive,balanced,2,1,0,6,15,0
2,false,core,fire,sustain,seed|spark|blaze|heal|nourish|vine,sword,quick,swift|expose|strike|guard|cut|unity,aggressive,aggressive,0,0,0,5,15,0
2,false,core,fire,sustain,seed|spark|blaze|heal|nourish|vine,sword,quick,swift|expose|strike|guard|cut|unity,aggressive,aggressive,0,1,1,4,0,20
2,false,core,fire,sustain,seed|spark|blaze|heal|nourish|vine,sword,quick,swift|expose|strike|guard|cut|unity,aggressive,aggressive,1,0,0,4,100,0
2,false,core,fire,sustain,seed|spark|blaze|heal|nourish|vine,sword,quick,swift|expose|strike|guard|cut|unity,aggressive,aggressive,1,1,0,5,4,0
2,false,core,fire,sustain,seed|spark|blaze|heal|nourish|vine,sword,quick,swift|expose|strike|guard|cut|unity,aggressive,aggressive,2,0,0,5,26,0
2,false,core,fire,sustain,seed|spark|blaze|heal|nourish|vine,sword,quick,swift|expose|strike|guard|cut|unity,aggressive,aggressive,2,1,1,4,0,38
2,false,core,fire,sustain,seed|spark|blaze|heal|nourish|vine,sword,quick,swift|expose|strike|guard|cut|unity,aggressive,defensive,0,0,1,5,0,30
2,false,core,fire,sustain,seed|spark|blaze|heal|nourish|vine,sword,quick,swift|expose|strike|guard|cut|unity,aggressive,defensive,0,1,0,14,1,0
2,false,core,fire,sustain,seed|spark|blaze|heal|nourish|vine,sword,quick,swift|expose|strike|guard|cut|unity,aggressive,defensive,1,0,0,8,6,0
2,false,core,fire,sustain,seed|spark|blaze|heal|nourish|vine,sword,quick,swift|expose|strike|guard|cut|unity,aggressive,defensive,1,1,0,19,107,0
2,false,core,fire,sustain,seed|spark|blaze|heal|nourish|vine,sword,quick,swift|expose|strike|guard|cut|unity,aggressive,defensive,2,0,0,12,121,0
2,false,core,fire,sustain,seed|spark|blaze|heal|nourish|vine,sword,quick,swift|expose|strike|guard|cut|unity,aggressive,defensive,2,1,0,17,38,0
2,false,core,fire,sustain,seed|spark|blaze|heal|nourish|vine,sword,quick,swift|expose|strike|guard|cut|unity,aggressive,burst,0,0,1,4,0,42
2,false,core,fire,sustain,seed|spark|blaze|heal|nourish|vine,sword,quick,swift|expose|strike|guard|cut|unity,aggressive,burst,0,1,1,4,0,64
2,false,core,fire,sustain,seed|spark|blaze|heal|nourish|vine,sword,quick,swift|expose|strike|guard|cut|unity,aggressive,burst,1,0,1,4,0,32
2,false,core,fire,sustain,seed|spark|blaze|heal|nourish|vine,sword,quick,swift|expose|strike|guard|cut|unity,aggressive,burst,1,1,0,5,4,0
2,false,core,fire,sustain,seed|spark|blaze|heal|nourish|vine,sword,quick,swift|expose|strike|guard|cut|unity,aggressive,burst,2,0,1,5,0,4
2,false,core,fire,sustain,seed|spark|blaze|heal|nourish|vine,sword,quick,swift|expose|strike|guard|cut|unity,aggressive,burst,2,1,0,4,7,0
2,false,core,fire,sustain,seed|spark|blaze|heal|nourish|vine,sword,quick,swift|expose|strike|guard|cut|unity,defensive,balanced,0,0,0,9,95,0
2,false,core,fire,sustain,seed|spark|blaze|heal|nourish|vine,sword,quick,swift|expose|strike|guard|cut|unity,defensive,balanced,0,1,1,7,0,14
2,false,core,fire,sustain,seed|spark|blaze|heal|nourish|vine,sword,quick,swift|expose|strike|guard|cut|unity,defensive,balanced,1,0,1,8,0,18
2,false,core,fire,sustain,seed|spark|blaze|heal|nourish|vine,sword,quick,swift|expose|strike|guard|cut|unity,defensive,balanced,1,1,0,7,168,0
2,false,core,fire,sustain,seed|spark|blaze|heal|nourish|vine,sword,quick,swift|expose|strike|guard|cut|unity,defensive,balanced,2,0,0,6,200,0
2,false,core,fire,sustain,seed|spark|blaze|heal|nourish|vine,sword,quick,swift|expose|strike|guard|cut|unity,defensive,balanced,2,1,0,8,87,0
2,false,core,fire,sustain,seed|spark|blaze|heal|nourish|vine,sword,quick,swift|expose|strike|guard|cut|unity,defensive,aggressive,0,0,0,6,38,0
2,false,core,fire,sustain,seed|spark|blaze|heal|nourish|vine,sword,quick,swift|expose|strike|guard|cut|unity,defensive,aggressive,0,1,1,4,0,28
2,false,core,fire,sustain,seed|spark|blaze|heal|nourish|vine,sword,quick,swift|expose|strike|guard|cut|unity,defensive,aggressive,1,0,0,5,118,0
2,false,core,fire,sustain,seed|spark|blaze|heal|nourish|vine,sword,quick,swift|expose|strike|guard|cut|unity,defensive,aggressive,1,1,1,4,0,28
2,false,core,fire,sustain,seed|spark|blaze|heal|nourish|vine,sword,quick,swift|expose|strike|guard|cut|unity,defensive,aggressive,2,0,0,5,90,0
2,false,core,fire,sustain,seed|spark|blaze|heal|nourish|vine,sword,quick,swift|expose|strike|guard|cut|unity,defensive,aggressive,2,1,1,4,0,28
2,false,core,fire,sustain,seed|spark|blaze|heal|nourish|vine,sword,quick,swift|expose|strike|guard|cut|unity,defensive,defensive,0,0,0,14,181,0
2,false,core,fire,sustain,seed|spark|blaze|heal|nourish|vine,sword,quick,swift|expose|strike|guard|cut|unity,defensive,defensive,0,1,0,17,84,0
2,false,core,fire,sustain,seed|spark|blaze|heal|nourish|vine,sword,quick,swift|expose|strike|guard|cut|unity,defensive,defensive,1,0,0,14,181,0
2,false,core,fire,sustain,seed|spark|blaze|heal|nourish|vine,sword,quick,swift|expose|strike|guard|cut|unity,defensive,defensive,1,1,0,14,139,0
2,false,core,fire,sustain,seed|spark|blaze|heal|nourish|vine,sword,quick,swift|expose|strike|guard|cut|unity,defensive,defensive,2,0,0,14,181,0
2,false,core,fire,sustain,seed|spark|blaze|heal|nourish|vine,sword,quick,swift|expose|strike|guard|cut|unity,defensive,defensive,2,1,0,19,153,0
2,false,core,fire,sustain,seed|spark|blaze|heal|nourish|vine,sword,quick,swift|expose|strike|guard|cut|unity,defensive,burst,0,0,0,7,148,0
2,false,core,fire,sustain,seed|spark|blaze|heal|nourish|vine,sword,quick,swift|expose|strike|guard|cut|unity,defensive,burst,0,1,0,6,108,0
2,false,core,fire,sustain,seed|spark|blaze|heal|nourish|vine,sword,quick,swift|expose|strike|guard|cut|unity,defensive,burst,1,0,0,5,181,0
2,false,core,fire,sustain,seed|spark|blaze|heal|nourish|vine,sword,quick,swift|expose|strike|guard|cut|unity,defensive,burst,1,1,0,8,116,0
2,false,core,fire,sustain,seed|spark|blaze|heal|nourish|vine,sword,quick,swift|expose|strike|guard|cut|unity,defensive,burst,2,0,0,5,128,0
2,false,core,fire,sustain,seed|spark|blaze|heal|nourish|vine,sword,quick,swift|expose|strike|guard|cut|unity,defensive,burst,2,1,0,5,210,0
2,false,core,fire,sustain,seed|spark|blaze|heal|nourish|vine,sword,quick,swift|expose|strike|guard|cut|unity,burst,balanced,0,0,0,7,24,0
2,false,core,fire,sustain,seed|spark|blaze|heal|nourish|vine,sword,quick,swift|expose|strike|guard|cut|unity,burst,balanced,0,1,0,4,8,0
2,false,core,fire,sustain,seed|spark|blaze|heal|nourish|vine,sword,quick,swift|expose|strike|guard|cut|unity,burst,balanced,1,0,0,7,40,0
2,false,core,fire,sustain,seed|spark|blaze|heal|nourish|vine,sword,quick,swift|expose|strike|guard|cut|unity,burst,balanced,1,1,0,7,69,0
2,false,core,fire,sustain,seed|spark|blaze|heal|nourish|vine,sword,quick,swift|expose|strike|guard|cut|unity,burst,balanced,2,0,0,7,57,0
2,false,core,fire,sustain,seed|spark|blaze|heal|nourish|vine,sword,quick,swift|expose|strike|guard|cut|unity,burst,balanced,2,1,0,8,149,0
2,false,core,fire,sustain,seed|spark|blaze|heal|nourish|vine,sword,quick,swift|expose|strike|guard|cut|unity,burst,aggressive,0,0,0,4,42,0
2,false,core,fire,sustain,seed|spark|blaze|heal|nourish|vine,sword,quick,swift|expose|strike|guard|cut|unity,burst,aggressive,0,1,1,3,0,72
2,false,core,fire,sustain,seed|spark|blaze|heal|nourish|vine,sword,quick,swift|expose|strike|guard|cut|unity,burst,aggressive,1,0,0,5,71,0
2,false,core,fire,sustain,seed|spark|blaze|heal|nourish|vine,sword,quick,swift|expose|strike|guard|cut|unity,burst,aggressive,1,1,1,3,0,72
2,false,core,fire,sustain,seed|spark|blaze|heal|nourish|vine,sword,quick,swift|expose|strike|guard|cut|unity,burst,aggressive,2,0,0,5,68,0
2,false,core,fire,sustain,seed|spark|blaze|heal|nourish|vine,sword,quick,swift|expose|strike|guard|cut|unity,burst,aggressive,2,1,0,4,11,0
2,false,core,fire,sustain,seed|spark|blaze|heal|nourish|vine,sword,quick,swift|expose|strike|guard|cut|unity,burst,defensive,0,0,0,7,104,0
2,false,core,fire,sustain,seed|spark|blaze|heal|nourish|vine,sword,quick,swift|expose|strike|guard|cut|unity,burst,defensive,0,1,0,16,136,0
2,false,core,fire,sustain,seed|spark|blaze|heal|nourish|vine,sword,quick,swift|expose|strike|guard|cut|unity,burst,defensive,1,0,0,14,104,0
2,false,core,fire,sustain,seed|spark|blaze|heal|nourish|vine,sword,quick,swift|expose|strike|guard|cut|unity,burst,defensive,1,1,0,20,210,0
2,false,core,fire,sustain,seed|spark|blaze|heal|nourish|vine,sword,quick,swift|expose|strike|guard|cut|unity,burst,defensive,2,0,0,15,93,0
2,false,core,fire,sustain,seed|spark|blaze|heal|nourish|vine,sword,quick,swift|expose|strike|guard|cut|unity,burst,defensive,2,1,0,17,67,0
2,false,core,fire,sustain,seed|spark|blaze|heal|nourish|vine,sword,quick,swift|expose|strike|guard|cut|unity,burst,burst,0,0,0,5,119,0
2,false,core,fire,sustain,seed|spark|blaze|heal|nourish|vine,sword,quick,swift|expose|strike|guard|cut|unity,burst,burst,0,1,0,5,15,0
2,false,core,fire,sustain,seed|spark|blaze|heal|nourish|vine,sword,quick,swift|expose|strike|guard|cut|unity,burst,burst,1,0,0,5,87,0
2,false,core,fire,sustain,seed|spark|blaze|heal|nourish|vine,sword,quick,swift|expose|strike|guard|cut|unity,burst,burst,1,1,0,5,109,0
2,false,core,fire,sustain,seed|spark|blaze|heal|nourish|vine,sword,quick,swift|expose|strike|guard|cut|unity,burst,burst,2,0,0,5,85,0
2,false,core,fire,sustain,seed|spark|blaze|heal|nourish|vine,sword,quick,swift|expose|strike|guard|cut|unity,burst,burst,2,1,0,4,66,0
2,false,core,fire,sustain,seed|spark|blaze|heal|nourish|vine,sword,heavy,swift|expose|strike|guard|return|unity,balanced,balanced,0,0,0,8,52,0
2,false,core,fire,sustain,seed|spark|blaze|heal|nourish|vine,sword,heavy,swift|expose|strike|guard|return|unity,balanced,balanced,0,1,1,5,0,57
2,false,core,fire,sustain,seed|spark|blaze|heal|nourish|vine,sword,heavy,swift|expose|strike|guard|return|unity,balanced,balanced,1,0,0,7,59,0
2,false,core,fire,sustain,seed|spark|blaze|heal|nourish|vine,sword,heavy,swift|expose|strike|guard|return|unity,balanced,balanced,1,1,0,6,46,0
2,false,core,fire,sustain,seed|spark|blaze|heal|nourish|vine,sword,heavy,swift|expose|strike|guard|return|unity,balanced,balanced,2,0,0,9,105,0
2,false,core,fire,sustain,seed|spark|blaze|heal|nourish|vine,sword,heavy,swift|expose|strike|guard|return|unity,balanced,balanced,2,1,1,6,0,16
2,false,core,fire,sustain,seed|spark|blaze|heal|nourish|vine,sword,heavy,swift|expose|strike|guard|return|unity,balanced,aggressive,0,0,0,6,74,0
2,false,core,fire,sustain,seed|spark|blaze|heal|nourish|vine,sword,heavy,swift|expose|strike|guard|return|unity,balanced,aggressive,0,1,1,4,0,28
2,false,core,fire,sustain,seed|spark|blaze|heal|nourish|vine,sword,heavy,swift|expose|strike|guard|return|unity,balanced,aggressive,1,0,0,6,97,0
2,false,core,fire,sustain,seed|spark|blaze|heal|nourish|vine,sword,heavy,swift|expose|strike|guard|return|unity,balanced,aggressive,1,1,1,4,0,28
2,false,core,fire,sustain,seed|spark|blaze|heal|nourish|vine,sword,heavy,swift|expose|strike|guard|return|unity,balanced,aggressive,2,0,0,5,109,0
2,false,core,fire,sustain,seed|spark|blaze|heal|nourish|vine,sword,heavy,swift|expose|strike|guard|return|unity,balanced,aggressive,2,1,0,4,3,0
2,false,core,fire,sustain,seed|spark|blaze|heal|nourish|vine,sword,heavy,swift|expose|strike|guard|return|unity,balanced,defensive,0,0,0,18,172,0
2,false,core,fire,sustain,seed|spark|blaze|heal|nourish|vine,sword,heavy,swift|expose|strike|guard|return|unity,balanced,defensive,0,1,0,17,69,0
2,false,core,fire,sustain,seed|spark|blaze|heal|nourish|vine,sword,heavy,swift|expose|strike|guard|return|unity,balanced,defensive,1,0,0,16,203,0
2,false,core,fire,sustain,seed|spark|blaze|heal|nourish|vine,sword,heavy,swift|expose|strike|guard|return|unity,balanced,defensive,1,1,0,16,146,0
2,false,core,fire,sustain,seed|spark|blaze|heal|nourish|vine,sword,heavy,swift|expose|strike|guard|return|unity,balanced,defensive,2,0,0,14,161,0
2,false,core,fire,sustain,seed|spark|blaze|heal|nourish|vine,sword,heavy,swift|expose|strike|guard|return|unity,balanced,defensive,2,1,0,15,153,0
2,false,core,fire,sustain,seed|spark|blaze|heal|nourish|vine,sword,heavy,swift|expose|strike|guard|return|unity,balanced,burst,0,0,0,6,139,0
2,false,core,fire,sustain,seed|spark|blaze|heal|nourish|vine,sword,heavy,swift|expose|strike|guard|return|unity,balanced,burst,0,1,0,6,78,0
2,false,core,fire,sustain,seed|spark|blaze|heal|nourish|vine,sword,heavy,swift|expose|strike|guard|return|unity,balanced,burst,1,0,0,6,139,0
2,false,core,fire,sustain,seed|spark|blaze|heal|nourish|vine,sword,heavy,swift|expose|strike|guard|return|unity,balanced,burst,1,1,0,6,191,0
2,false,core,fire,sustain,seed|spark|blaze|heal|nourish|vine,sword,heavy,swift|expose|strike|guard|return|unity,balanced,burst,2,0,0,5,162,0
2,false,core,fire,sustain,seed|spark|blaze|heal|nourish|vine,sword,heavy,swift|expose|strike|guard|return|unity,balanced,burst,2,1,0,6,210,0
2,false,core,fire,sustain,seed|spark|blaze|heal|nourish|vine,sword,heavy,swift|expose|strike|guard|return|unity,aggressive,balanced,0,0,1,5,0,39
2,false,core,fire,sustain,seed|spark|blaze|heal|nourish|vine,sword,heavy,swift|expose|strike|guard|return|unity,aggressive,balanced,0,1,0,6,7,0
2,false,core,fire,sustain,seed|spark|blaze|heal|nourish|vine,sword,heavy,swift|expose|strike|guard|return|unity,aggressive,balanced,1,0,0,6,10,0
2,false,core,fire,sustain,seed|spark|blaze|heal|nourish|vine,sword,heavy,swift|expose|strike|guard|return|unity,aggressive,balanced,1,1,1,5,0,95
2,false,core,fire,sustain,seed|spark|blaze|heal|nourish|vine,sword,heavy,swift|expose|strike|guard|return|unity,aggressive,balanced,2,0,0,6,10,0
2,false,core,fire,sustain,seed|spark|blaze|heal|nourish|vine,sword,heavy,swift|expose|strike|guard|return|unity,aggressive,balanced,2,1,1,6,0,33
2,false,core,fire,sustain,seed|spark|blaze|heal|nourish|vine,sword,heavy,swift|expose|strike|guard|return|unity,aggressive,aggressive,0,0,0,5,21,0
2,false,core,fire,sustain,seed|spark|blaze|heal|nourish|vine,sword,heavy,swift|expose|strike|guard|return|unity,aggressive,aggressive,0,1,1,4,0,32
2,false,core,fire,sustain,seed|spark|blaze|heal|nourish|vine,sword,heavy,swift|expose|strike|guard|return|unity,aggressive,aggressive,1,0,1,4,0,21
2,false,core,fire,sustain,seed|spark|blaze|heal|nourish|vine,sword,heavy,swift|expose|strike|guard|return|unity,aggressive,aggressive,1,1,1,3,0,95
2,false,core,fire,sustain,seed|spark|blaze|heal|nourish|vine,sword,heavy,swift|expose|strike|guard|return|unity,aggressive,aggressive,2,0,0,4,38,0
2,false,core,fire,sustain,seed|spark|blaze|heal|nourish|vine,sword,heavy,swift|expose|strike|guard|return|unity,aggressive,aggressive,2,1,1,4,0,58
2,false,core,fire,sustain,seed|spark|blaze|heal|nourish|vine,sword,heavy,swift|expose|strike|guard|return|unity,aggressive,defensive,0,0,0,6,23,0
2,false,core,fire,sustain,seed|spark|blaze|heal|nourish|vine,sword,heavy,swift|expose|strike|guard|return|unity,aggressive,defensive,0,1,0,19,61,0
2,false,core,fire,sustain,seed|spark|blaze|heal|nourish|vine,sword,heavy,swift|expose|strike|guard|return|unity,aggressive,defensive,1,0,0,8,95,0
2,false,core,fire,sustain,seed|spark|blaze|heal|nourish|vine,sword,heavy,swift|expose|strike|guard|return|unity,aggressive,defensive,1,1,1,13,0,18
2,false,core,fire,sustain,seed|spark|blaze|heal|nourish|vine,sword,heavy,swift|expose|strike|guard|return|unity,aggressive,defensive,2,0,0,9,32,0
2,false,core,fire,sustain,seed|spark|blaze|heal|nourish|vine,sword,heavy,swift|expose|strike|guard|return|unity,aggressive,defensive,2,1,0,13,9,0
2,false,core,fire,sustain,seed|spark|blaze|heal|nourish|vine,sword,heavy,swift|expose|strike|guard|return|unity,aggressive,burst,0,0,0,5,8,0
2,false,core,fire,sustain,seed|spark|blaze|heal|nourish|vine,sword,heavy,swift|expose|strike|guard|return|unity,aggressive,burst,0,1,0,6,135,0
2,false,core,fire,sustain,seed|spark|blaze|heal|nourish|vine,sword,heavy,swift|expose|strike|guard|return|unity,aggressive,burst,1,0,0,5,81,0
2,false,core,fire,sustain,seed|spark|blaze|heal|nourish|vine,sword,heavy,swift|expose|strike|guard|return|unity,aggressive,burst,1,1,0,5,51,0
2,false,core,fire,sustain,seed|spark|blaze|heal|nourish|vine,sword,heavy,swift|expose|strike|guard|return|unity,aggressive,burst,2,0,0,4,125,0
2,false,core,fire,sustain,seed|spark|blaze|heal|nourish|vine,sword,heavy,swift|expose|strike|guard|return|unity,aggressive,burst,2,1,0,6,152,0
2,false,core,fire,sustain,seed|spark|blaze|heal|nourish|vine,sword,heavy,swift|expose|strike|guard|return|unity,defensive,balanced,0,0,0,8,93,0
2,false,core,fire,sustain,seed|spark|blaze|heal|nourish|vine,sword,heavy,swift|expose|strike|guard|return|unity,defensive,balanced,0,1,0,7,27,0
2,false,core,fire,sustain,seed|spark|blaze|heal|nourish|vine,sword,heavy,swift|expose|strike|guard|return|unity,defensive,balanced,1,0,0,8,210,0
2,false,core,fire,sustain,seed|spark|blaze|heal|nourish|vine,sword,heavy,swift|expose|strike|guard|return|unity,defensive,balanced,1,1,0,12,173,0
2,false,core,fire,sustain,seed|spark|blaze|heal|nourish|vine,sword,heavy,swift|expose|strike|guard|return|unity,defensive,balanced,2,0,0,8,210,0
2,false,core,fire,sustain,seed|spark|blaze|heal|nourish|vine,sword,heavy,swift|expose|strike|guard|return|unity,defensive,balanced,2,1,0,10,69,0
2,false,core,fire,sustain,seed|spark|blaze|heal|nourish|vine,sword,heavy,swift|expose|strike|guard|return|unity,defensive,aggressive,0,0,0,6,59,0
2,false,core,fire,sustain,seed|spark|blaze|heal|nourish|vine,sword,heavy,swift|expose|strike|guard|return|unity,defensive,aggressive,0,1,1,4,0,28
2,false,core,fire,sustain,seed|spark|blaze|heal|nourish|vine,sword,heavy,swift|expose|strike|guard|return|unity,defensive,aggressive,1,0,0,5,132,0
2,false,core,fire,sustain,seed|spark|blaze|heal|nourish|vine,sword,heavy,swift|expose|strike|guard|return|unity,defensive,aggressive,1,1,1,4,0,28
2,false,core,fire,sustain,seed|spark|blaze|heal|nourish|vine,sword,heavy,swift|expose|strike|guard|return|unity,defensive,aggressive,2,0,0,5,132,0
2,false,core,fire,sustain,seed|spark|blaze|heal|nourish|vine,sword,heavy,swift|expose|strike|guard|return|unity,defensive,aggressive,2,1,0,4,3,0
2,false,core,fire,sustain,seed|spark|blaze|heal|nourish|vine,sword,heavy,swift|expose|strike|guard|return|unity,defensive,defensive,0,0,0,16,203,0
2,false,core,fire,sustain,seed|spark|blaze|heal|nourish|vine,sword,heavy,swift|expose|strike|guard|return|unity,defensive,defensive,0,1,0,15,84,0
2,false,core,fire,sustain,seed|spark|blaze|heal|nourish|vine,sword,heavy,swift|expose|strike|guard|return|unity,defensive,defensive,1,0,0,16,203,0
2,false,core,fire,sustain,seed|spark|blaze|heal|nourish|vine,sword,heavy,swift|expose|strike|guard|return|unity,defensive,defensive,1,1,0,16,168,0
2,false,core,fire,sustain,seed|spark|blaze|heal|nourish|vine,sword,heavy,swift|expose|strike|guard|return|unity,defensive,defensive,2,0,0,14,161,0
2,false,core,fire,sustain,seed|spark|blaze|heal|nourish|vine,sword,heavy,swift|expose|strike|guard|return|unity,defensive,defensive,2,1,0,17,96,0
2,false,core,fire,sustain,seed|spark|blaze|heal|nourish|vine,sword,heavy,swift|expose|strike|guard|return|unity,defensive,burst,0,0,0,6,151,0
2,false,core,fire,sustain,seed|spark|blaze|heal|nourish|vine,sword,heavy,swift|expose|strike|guard|return|unity,defensive,burst,0,1,0,6,25,0
2,false,core,fire,sustain,seed|spark|blaze|heal|nourish|vine,sword,heavy,swift|expose|strike|guard|return|unity,defensive,burst,1,0,0,6,151,0
2,false,core,fire,sustain,seed|spark|blaze|heal|nourish|vine,sword,heavy,swift|expose|strike|guard|return|unity,defensive,burst,1,1,0,7,201,0
2,false,core,fire,sustain,seed|spark|blaze|heal|nourish|vine,sword,heavy,swift|expose|strike|guard|return|unity,defensive,burst,2,0,0,5,204,0
2,false,core,fire,sustain,seed|spark|blaze|heal|nourish|vine,sword,heavy,swift|expose|strike|guard|return|unity,defensive,burst,2,1,0,6,210,0
2,false,core,fire,sustain,seed|spark|blaze|heal|nourish|vine,sword,heavy,swift|expose|strike|guard|return|unity,burst,balanced,0,0,0,7,31,0
2,false,core,fire,sustain,seed|spark|blaze|heal|nourish|vine,sword,heavy,swift|expose|strike|guard|return|unity,burst,balanced,0,1,1,5,0,11
2,false,core,fire,sustain,seed|spark|blaze|heal|nourish|vine,sword,heavy,swift|expose|strike|guard|return|unity,burst,balanced,1,0,0,7,45,0
2,false,core,fire,sustain,seed|spark|blaze|heal|nourish|vine,sword,heavy,swift|expose|strike|guard|return|unity,burst,balanced,1,1,0,11,210,0
2,false,core,fire,sustain,seed|spark|blaze|heal|nourish|vine,sword,heavy,swift|expose|strike|guard|return|unity,burst,balanced,2,0,0,8,89,0
2,false,core,fire,sustain,seed|spark|blaze|heal|nourish|vine,sword,heavy,swift|expose|strike|guard|return|unity,burst,balanced,2,1,0,6,46,0
2,false,core,fire,sustain,seed|spark|blaze|heal|nourish|vine,sword,heavy,swift|expose|strike|guard|return|unity,burst,aggressive,0,0,0,6,74,0
2,false,core,fire,sustain,seed|spark|blaze|heal|nourish|vine,sword,heavy,swift|expose|strike|guard|return|unity,burst,aggressive,0,1,1,4,0,12
2,false,core,fire,sustain,seed|spark|blaze|heal|nourish|vine,sword,heavy,swift|expose|strike|guard|return|unity,burst,aggressive,1,0,0,5,87,0
2,false,core,fire,sustain,seed|spark|blaze|heal|nourish|vine,sword,heavy,swift|expose|strike|guard|return|unity,burst,aggressive,1,1,1,4,0,12
2,false,core,fire,sustain,seed|spark|blaze|heal|nourish|vine,sword,heavy,swift|expose|strike|guard|return|unity,burst,aggressive,2,0,0,5,72,0
2,false,core,fire,sustain,seed|spark|blaze|heal|nourish|vine,sword,heavy,swift|expose|strike|guard|return|unity,burst,aggressive,2,1,1,4,0,12
2,false,core,fire,sustain,seed|spark|blaze|heal|nourish|vine,sword,heavy,swift|expose|strike|guard|return|unity,burst,defensive,0,0,0,12,150,0
2,false,core,fire,sustain,seed|spark|blaze|heal|nourish|vine,sword,heavy,swift|expose|strike|guard|return|unity,burst,defensive,0,1,0,17,100,0
2,false,core,fire,sustain,seed|spark|blaze|heal|nourish|vine,sword,heavy,swift|expose|strike|guard|return|unity,burst,defensive,1,0,0,13,168,0
2,false,core,fire,sustain,seed|spark|blaze|heal|nourish|vine,sword,heavy,swift|expose|strike|guard|return|unity,burst,defensive,1,1,0,21,127,0
2,false,core,fire,sustain,seed|spark|blaze|heal|nourish|vine,sword,heavy,swift|expose|strike|guard|return|unity,burst,defensive,2,0,0,10,121,0
2,false,core,fire,sustain,seed|spark|blaze|heal|nourish|vine,sword,heavy,swift|expose|strike|guard|return|unity,burst,defensive,2,1,0,18,82,0
2,false,core,fire,sustain,seed|spark|blaze|heal|nourish|vine,sword,heavy,swift|expose|strike|guard|return|unity,burst,burst,0,0,0,6,160,0
2,false,core,fire,sustain,seed|spark|blaze|heal|nourish|vine,sword,heavy,swift|expose|strike|guard|return|unity,burst,burst,0,1,0,6,201,0
2,false,core,fire,sustain,seed|spark|blaze|heal|nourish|vine,sword,heavy,swift|expose|strike|guard|return|unity,burst,burst,1,0,0,5,136,0
2,false,core,fire,sustain,seed|spark|blaze|heal|nourish|vine,sword,heavy,swift|expose|strike|guard|return|unity,burst,burst,1,1,0,6,137,0
2,false,core,fire,sustain,seed|spark|blaze|heal|nourish|vine,sword,heavy,swift|expose|strike|guard|return|unity,burst,burst,2,0,0,5,134,0
2,false,core,fire,sustain,seed|spark|blaze|heal|nourish|vine,sword,heavy,swift|expose|strike|guard|return|unity,burst,burst,2,1,0,5,155,0
2,false,mirror,fire,sustain,seed|spark|blaze|heal|nourish|vine,fire,sustain,seed|spark|blaze|heal|nourish|vine,balanced,balanced,0,0,1,7,0,58
2,false,mirror,fire,sustain,seed|spark|blaze|heal|nourish|vine,fire,sustain,seed|spark|blaze|heal|nourish|vine,balanced,balanced,0,1,0,7,58,0
2,false,mirror,fire,sustain,seed|spark|blaze|heal|nourish|vine,fire,sustain,seed|spark|blaze|heal|nourish|vine,balanced,balanced,1,0,1,7,0,58
2,false,mirror,fire,sustain,seed|spark|blaze|heal|nourish|vine,fire,sustain,seed|spark|blaze|heal|nourish|vine,balanced,balanced,1,1,0,7,58,0
2,false,mirror,fire,sustain,seed|spark|blaze|heal|nourish|vine,fire,sustain,seed|spark|blaze|heal|nourish|vine,balanced,balanced,2,0,1,7,0,58
2,false,mirror,fire,sustain,seed|spark|blaze|heal|nourish|vine,fire,sustain,seed|spark|blaze|heal|nourish|vine,balanced,balanced,2,1,0,7,58,0
2,false,mirror,fire,sustain,seed|spark|blaze|heal|nourish|vine,fire,sustain,seed|spark|blaze|heal|nourish|vine,aggressive,aggressive,0,0,0,5,59,0
2,false,mirror,fire,sustain,seed|spark|blaze|heal|nourish|vine,fire,sustain,seed|spark|blaze|heal|nourish|vine,aggressive,aggressive,0,1,1,5,0,59
2,false,mirror,fire,sustain,seed|spark|blaze|heal|nourish|vine,fire,sustain,seed|spark|blaze|heal|nourish|vine,aggressive,aggressive,1,0,0,5,59,0
2,false,mirror,fire,sustain,seed|spark|blaze|heal|nourish|vine,fire,sustain,seed|spark|blaze|heal|nourish|vine,aggressive,aggressive,1,1,1,5,0,59
2,false,mirror,fire,sustain,seed|spark|blaze|heal|nourish|vine,fire,sustain,seed|spark|blaze|heal|nourish|vine,aggressive,aggressive,2,0,0,5,59,0
2,false,mirror,fire,sustain,seed|spark|blaze|heal|nourish|vine,fire,sustain,seed|spark|blaze|heal|nourish|vine,aggressive,aggressive,2,1,1,5,0,59
2,false,mirror,fire,sustain,seed|spark|blaze|heal|nourish|vine,fire,sustain,seed|spark|blaze|heal|nourish|vine,defensive,defensive,0,0,1,13,0,124
2,false,mirror,fire,sustain,seed|spark|blaze|heal|nourish|vine,fire,sustain,seed|spark|blaze|heal|nourish|vine,defensive,defensive,0,1,0,13,124,0
2,false,mirror,fire,sustain,seed|spark|blaze|heal|nourish|vine,fire,sustain,seed|spark|blaze|heal|nourish|vine,defensive,defensive,1,0,1,13,0,124
2,false,mirror,fire,sustain,seed|spark|blaze|heal|nourish|vine,fire,sustain,seed|spark|blaze|heal|nourish|vine,defensive,defensive,1,1,0,13,124,0
2,false,mirror,fire,sustain,seed|spark|blaze|heal|nourish|vine,fire,sustain,seed|spark|blaze|heal|nourish|vine,defensive,defensive,2,0,1,13,0,124
2,false,mirror,fire,sustain,seed|spark|blaze|heal|nourish|vine,fire,sustain,seed|spark|blaze|heal|nourish|vine,defensive,defensive,2,1,0,13,124,0
2,false,mirror,fire,sustain,seed|spark|blaze|heal|nourish|vine,fire,sustain,seed|spark|blaze|heal|nourish|vine,burst,burst,0,0,0,6,32,0
2,false,mirror,fire,sustain,seed|spark|blaze|heal|nourish|vine,fire,sustain,seed|spark|blaze|heal|nourish|vine,burst,burst,0,1,1,6,0,32
2,false,mirror,fire,sustain,seed|spark|blaze|heal|nourish|vine,fire,sustain,seed|spark|blaze|heal|nourish|vine,burst,burst,1,0,0,6,32,0
2,false,mirror,fire,sustain,seed|spark|blaze|heal|nourish|vine,fire,sustain,seed|spark|blaze|heal|nourish|vine,burst,burst,1,1,1,6,0,32
2,false,mirror,fire,sustain,seed|spark|blaze|heal|nourish|vine,fire,sustain,seed|spark|blaze|heal|nourish|vine,burst,burst,2,0,0,6,32,0
2,false,mirror,fire,sustain,seed|spark|blaze|heal|nourish|vine,fire,sustain,seed|spark|blaze|heal|nourish|vine,burst,burst,2,1,1,6,0,32
2,false,loadout,fire,sustain,blaze|heal|vine|ember|nourish|inferno,sword,quick,swift|expose|strike|guard|cut|unity,balanced,balanced,0,0,1,10,0,35
2,false,loadout,fire,sustain,blaze|heal|vine|ember|nourish|inferno,sword,quick,swift|expose|strike|guard|cut|unity,balanced,balanced,0,1,1,5,0,124
2,false,loadout,fire,sustain,blaze|heal|vine|ember|nourish|inferno,sword,quick,swift|expose|strike|guard|cut|unity,balanced,balanced,1,0,1,10,0,26
2,false,loadout,fire,sustain,blaze|heal|vine|ember|nourish|inferno,sword,quick,swift|expose|strike|guard|cut|unity,balanced,balanced,1,1,0,6,2,0
2,false,loadout,fire,sustain,blaze|heal|vine|ember|nourish|inferno,sword,quick,swift|expose|strike|guard|cut|unity,balanced,balanced,2,0,0,10,187,0
2,false,loadout,fire,sustain,blaze|heal|vine|ember|nourish|inferno,sword,quick,swift|expose|strike|guard|cut|unity,balanced,balanced,2,1,1,4,0,230
2,false,loadout,fire,sustain,blaze|heal|vine|ember|nourish|inferno,sword,heavy,swift|expose|strike|guard|return|unity,balanced,balanced,0,0,1,6,0,73
2,false,loadout,fire,sustain,blaze|heal|vine|ember|nourish|inferno,sword,heavy,swift|expose|strike|guard|return|unity,balanced,balanced,0,1,1,4,0,117
2,false,loadout,fire,sustain,blaze|heal|vine|ember|nourish|inferno,sword,heavy,swift|expose|strike|guard|return|unity,balanced,balanced,1,0,1,6,0,64
2,false,loadout,fire,sustain,blaze|heal|vine|ember|nourish|inferno,sword,heavy,swift|expose|strike|guard|return|unity,balanced,balanced,1,1,1,4,0,157
2,false,loadout,fire,sustain,blaze|heal|vine|ember|nourish|inferno,sword,heavy,swift|expose|strike|guard|return|unity,balanced,balanced,2,0,0,11,44,0
2,false,loadout,fire,sustain,blaze|heal|vine|ember|nourish|inferno,sword,heavy,swift|expose|strike|guard|return|unity,balanced,balanced,2,1,1,5,0,165
2,false,loadout,fire,sustain,spark|heal|vine|ember|nourish|inferno,sword,quick,swift|expose|strike|guard|cut|unity,balanced,balanced,0,0,0,16,41,0
2,false,loadout,fire,sustain,spark|heal|vine|ember|nourish|inferno,sword,quick,swift|expose|strike|guard|cut|unity,balanced,balanced,0,1,1,4,0,143
2,false,loadout,fire,sustain,spark|heal|vine|ember|nourish|inferno,sword,quick,swift|expose|strike|guard|cut|unity,balanced,balanced,1,0,0,16,8,0
2,false,loadout,fire,sustain,spark|heal|vine|ember|nourish|inferno,sword,quick,swift|expose|strike|guard|cut|unity,balanced,balanced,1,1,1,4,0,131
2,false,loadout,fire,sustain,spark|heal|vine|ember|nourish|inferno,sword,quick,swift|expose|strike|guard|cut|unity,balanced,balanced,2,0,1,12,0,45
2,false,loadout,fire,sustain,spark|heal|vine|ember|nourish|inferno,sword,quick,swift|expose|strike|guard|cut|unity,balanced,balanced,2,1,1,6,0,29
2,false,loadout,fire,sustain,spark|heal|vine|ember|nourish|inferno,sword,heavy,swift|expose|strike|guard|return|unity,balanced,balanced,0,0,0,13,88,0
2,false,loadout,fire,sustain,spark|heal|vine|ember|nourish|inferno,sword,heavy,swift|expose|strike|guard|return|unity,balanced,balanced,0,1,1,5,0,116
2,false,loadout,fire,sustain,spark|heal|vine|ember|nourish|inferno,sword,heavy,swift|expose|strike|guard|return|unity,balanced,balanced,1,0,0,13,24,0
2,false,loadout,fire,sustain,spark|heal|vine|ember|nourish|inferno,sword,heavy,swift|expose|strike|guard|return|unity,balanced,balanced,1,1,1,5,0,116
2,false,loadout,fire,sustain,spark|heal|vine|ember|nourish|inferno,sword,heavy,swift|expose|strike|guard|return|unity,balanced,balanced,2,0,0,13,24,0
2,false,loadout,fire,sustain,spark|heal|vine|ember|nourish|inferno,sword,heavy,swift|expose|strike|guard|return|unity,balanced,balanced,2,1,1,5,0,116
2,false,loadout,fire,sustain,spark|blaze|vine|ember|nourish|inferno,sword,quick,swift|expose|strike|guard|cut|unity,balanced,balanced,0,0,0,8,56,0
2,false,loadout,fire,sustain,spark|blaze|vine|ember|nourish|inferno,sword,quick,swift|expose|strike|guard|cut|unity,balanced,balanced,0,1,1,5,0,50
2,false,loadout,fire,sustain,spark|blaze|vine|ember|nourish|inferno,sword,quick,swift|expose|strike|guard|cut|unity,balanced,balanced,1,0,0,8,114,0
2,false,loadout,fire,sustain,spark|blaze|vine|ember|nourish|inferno,sword,quick,swift|expose|strike|guard|cut|unity,balanced,balanced,1,1,0,5,54,0
2,false,loadout,fire,sustain,spark|blaze|vine|ember|nourish|inferno,sword,quick,swift|expose|strike|guard|cut|unity,balanced,balanced,2,0,0,7,124,0
2,false,loadout,fire,sustain,spark|blaze|vine|ember|nourish|inferno,sword,quick,swift|expose|strike|guard|cut|unity,balanced,balanced,2,1,1,5,0,68
2,false,loadout,fire,sustain,spark|blaze|vine|ember|nourish|inferno,sword,heavy,swift|expose|strike|guard|return|unity,balanced,balanced,0,0,1,8,0,10
2,false,loadout,fire,sustain,spark|blaze|vine|ember|nourish|inferno,sword,heavy,swift|expose|strike|guard|return|unity,balanced,balanced,0,1,1,4,0,88
2,false,loadout,fire,sustain,spark|blaze|vine|ember|nourish|inferno,sword,heavy,swift|expose|strike|guard|return|unity,balanced,balanced,1,0,0,8,43,0
2,false,loadout,fire,sustain,spark|blaze|vine|ember|nourish|inferno,sword,heavy,swift|expose|strike|guard|return|unity,balanced,balanced,1,1,1,5,0,26
2,false,loadout,fire,sustain,spark|blaze|vine|ember|nourish|inferno,sword,heavy,swift|expose|strike|guard|return|unity,balanced,balanced,2,0,1,5,0,102
2,false,loadout,fire,sustain,spark|blaze|vine|ember|nourish|inferno,sword,heavy,swift|expose|strike|guard|return|unity,balanced,balanced,2,1,1,5,0,68
2,false,loadout,fire,sustain,spark|blaze|heal|ember|nourish|inferno,sword,quick,swift|expose|strike|guard|cut|unity,balanced,balanced,0,0,0,10,85,0
2,false,loadout,fire,sustain,spark|blaze|heal|ember|nourish|inferno,sword,quick,swift|expose|strike|guard|cut|unity,balanced,balanced,0,1,1,5,0,50
2,false,loadout,fire,sustain,spark|blaze|heal|ember|nourish|inferno,sword,quick,swift|expose|strike|guard|cut|unity,balanced,balanced,1,0,0,8,162,0
2,false,loadout,fire,sustain,spark|blaze|heal|ember|nourish|inferno,sword,quick,swift|expose|strike|guard|cut|unity,balanced,balanced,1,1,0,6,14,0
2,false,loadout,fire,sustain,spark|blaze|heal|ember|nourish|inferno,sword,quick,swift|expose|strike|guard|cut|unity,balanced,balanced,2,0,0,8,186,0
2,false,loadout,fire,sustain,spark|blaze|heal|ember|nourish|inferno,sword,quick,swift|expose|strike|guard|cut|unity,balanced,balanced,2,1,1,5,0,68
2,false,loadout,fire,sustain,spark|blaze|heal|ember|nourish|inferno,sword,heavy,swift|expose|strike|guard|return|unity,balanced,balanced,0,0,0,9,41,0
2,false,loadout,fire,sustain,spark|blaze|heal|ember|nourish|inferno,sword,heavy,swift|expose|strike|guard|return|unity,balanced,balanced,0,1,1,4,0,88
2,false,loadout,fire,sustain,spark|blaze|heal|ember|nourish|inferno,sword,heavy,swift|expose|strike|guard|return|unity,balanced,balanced,1,0,0,9,45,0
2,false,loadout,fire,sustain,spark|blaze|heal|ember|nourish|inferno,sword,heavy,swift|expose|strike|guard|return|unity,balanced,balanced,1,1,1,5,0,60
2,false,loadout,fire,sustain,spark|blaze|heal|ember|nourish|inferno,sword,heavy,swift|expose|strike|guard|return|unity,balanced,balanced,2,0,1,6,0,50
2,false,loadout,fire,sustain,spark|blaze|heal|ember|nourish|inferno,sword,heavy,swift|expose|strike|guard|return|unity,balanced,balanced,2,1,1,5,0,68
2,false,loadout,fire,sustain,spark|blaze|heal|vine|nourish|inferno,sword,quick,swift|expose|strike|guard|cut|unity,balanced,balanced,0,0,0,10,85,0
2,false,loadout,fire,sustain,spark|blaze|heal|vine|nourish|inferno,sword,quick,swift|expose|strike|guard|cut|unity,balanced,balanced,0,1,1,5,0,50
2,false,loadout,fire,sustain,spark|blaze|heal|vine|nourish|inferno,sword,quick,swift|expose|strike|guard|cut|unity,balanced,balanced,1,0,0,7,160,0
2,false,loadout,fire,sustain,spark|blaze|heal|vine|nourish|inferno,sword,quick,swift|expose|strike|guard|cut|unity,balanced,balanced,1,1,1,6,0,5
2,false,loadout,fire,sustain,spark|blaze|heal|vine|nourish|inferno,sword,quick,swift|expose|strike|guard|cut|unity,balanced,balanced,2,0,0,7,154,0
2,false,loadout,fire,sustain,spark|blaze|heal|vine|nourish|inferno,sword,quick,swift|expose|strike|guard|cut|unity,balanced,balanced,2,1,1,5,0,68
2,false,loadout,fire,sustain,spark|blaze|heal|vine|nourish|inferno,sword,heavy,swift|expose|strike|guard|return|unity,balanced,balanced,0,0,0,9,41,0
2,false,loadout,fire,sustain,spark|blaze|heal|vine|nourish|inferno,sword,heavy,swift|expose|strike|guard|return|unity,balanced,balanced,0,1,1,4,0,88
2,false,loadout,fire,sustain,spark|blaze|heal|vine|nourish|inferno,sword,heavy,swift|expose|strike|guard|return|unity,balanced,balanced,1,0,0,9,45,0
2,false,loadout,fire,sustain,spark|blaze|heal|vine|nourish|inferno,sword,heavy,swift|expose|strike|guard|return|unity,balanced,balanced,1,1,1,5,0,60
2,false,loadout,fire,sustain,spark|blaze|heal|vine|nourish|inferno,sword,heavy,swift|expose|strike|guard|return|unity,balanced,balanced,2,0,0,9,11,0
2,false,loadout,fire,sustain,spark|blaze|heal|vine|nourish|inferno,sword,heavy,swift|expose|strike|guard|return|unity,balanced,balanced,2,1,1,5,0,68
2,false,loadout,fire,sustain,spark|blaze|heal|vine|ember|inferno,sword,quick,swift|expose|strike|guard|cut|unity,balanced,balanced,0,0,0,7,137,0
2,false,loadout,fire,sustain,spark|blaze|heal|vine|ember|inferno,sword,quick,swift|expose|strike|guard|cut|unity,balanced,balanced,0,1,1,4,0,78
2,false,loadout,fire,sustain,spark|blaze|heal|vine|ember|inferno,sword,quick,swift|expose|strike|guard|cut|unity,balanced,balanced,1,0,0,14,128,0
2,false,loadout,fire,sustain,spark|blaze|heal|vine|ember|inferno,sword,quick,swift|expose|strike|guard|cut|unity,balanced,balanced,1,1,1,6,0,5
2,false,loadout,fire,sustain,spark|blaze|heal|vine|ember|inferno,sword,quick,swift|expose|strike|guard|cut|unity,balanced,balanced,2,0,0,7,154,0
2,false,loadout,fire,sustain,spark|blaze|heal|vine|ember|inferno,sword,quick,swift|expose|strike|guard|cut|unity,balanced,balanced,2,1,1,4,0,112
2,false,loadout,fire,sustain,spark|blaze|heal|vine|ember|inferno,sword,heavy,swift|expose|strike|guard|return|unity,balanced,balanced,0,0,0,10,11,0
2,false,loadout,fire,sustain,spark|blaze|heal|vine|ember|inferno,sword,heavy,swift|expose|strike|guard|return|unity,balanced,balanced,0,1,1,4,0,96
2,false,loadout,fire,sustain,spark|blaze|heal|vine|ember|inferno,sword,heavy,swift|expose|strike|guard|return|unity,balanced,balanced,1,0,0,11,69,0
2,false,loadout,fire,sustain,spark|blaze|heal|vine|ember|inferno,sword,heavy,swift|expose|strike|guard|return|unity,balanced,balanced,1,1,1,5,0,76
2,false,loadout,fire,sustain,spark|blaze|heal|vine|ember|inferno,sword,heavy,swift|expose|strike|guard|return|unity,balanced,balanced,2,0,0,9,11,0
2,false,loadout,fire,sustain,spark|blaze|heal|vine|ember|inferno,sword,heavy,swift|expose|strike|guard|return|unity,balanced,balanced,2,1,1,4,0,112
2,false,loadout,fire,sustain,spark|blaze|heal|vine|ember|nourish,sword,quick,swift|expose|strike|guard|cut|unity,balanced,balanced,0,0,0,10,85,0
2,false,loadout,fire,sustain,spark|blaze|heal|vine|ember|nourish,sword,quick,swift|expose|strike|guard|cut|unity,balanced,balanced,0,1,1,5,0,26
2,false,loadout,fire,sustain,spark|blaze|heal|vine|ember|nourish,sword,quick,swift|expose|strike|guard|cut|unity,balanced,balanced,1,0,0,7,160,0
2,false,loadout,fire,sustain,spark|blaze|heal|vine|ember|nourish,sword,quick,swift|expose|strike|guard|cut|unity,balanced,balanced,1,1,0,7,38,0
2,false,loadout,fire,sustain,spark|blaze|heal|vine|ember|nourish,sword,quick,swift|expose|strike|guard|cut|unity,balanced,balanced,2,0,0,7,154,0
2,false,loadout,fire,sustain,spark|blaze|heal|vine|ember|nourish,sword,quick,swift|expose|strike|guard|cut|unity,balanced,balanced,2,1,1,5,0,26
2,false,loadout,fire,sustain,spark|blaze|heal|vine|ember|nourish,sword,heavy,swift|expose|strike|guard|return|unity,balanced,balanced,0,0,0,9,41,0
2,false,loadout,fire,sustain,spark|blaze|heal|vine|ember|nourish,sword,heavy,swift|expose|strike|guard|return|unity,balanced,balanced,0,1,1,4,0,88
2,false,loadout,fire,sustain,spark|blaze|heal|vine|ember|nourish,sword,heavy,swift|expose|strike|guard|return|unity,balanced,balanced,1,0,0,9,45,0
2,false,loadout,fire,sustain,spark|blaze|heal|vine|ember|nourish,sword,heavy,swift|expose|strike|guard|return|unity,balanced,balanced,1,1,1,5,0,60
2,false,loadout,fire,sustain,spark|blaze|heal|vine|ember|nourish,sword,heavy,swift|expose|strike|guard|return|unity,balanced,balanced,2,0,0,7,57,0
2,false,loadout,fire,sustain,spark|blaze|heal|vine|ember|nourish,sword,heavy,swift|expose|strike|guard|return|unity,balanced,balanced,2,1,0,6,21,0
2,false,loadout,fire,sustain,seed|heal|vine|ember|nourish|inferno,sword,quick,swift|expose|strike|guard|cut|unity,balanced,balanced,0,0,1,6,0,191
2,false,loadout,fire,sustain,seed|heal|vine|ember|nourish|inferno,sword,quick,swift|expose|strike|guard|cut|unity,balanced,balanced,0,1,1,3,0,204
2,false,loadout,fire,sustain,seed|heal|vine|ember|nourish|inferno,sword,quick,swift|expose|strike|guard|cut|unity,balanced,balanced,1,0,1,13,0,5
2,false,loadout,fire,sustain,seed|heal|vine|ember|nourish|inferno,sword,quick,swift|expose|strike|guard|cut|unity,balanced,balanced,1,1,1,4,0,204
2,false,loadout,fire,sustain,seed|heal|vine|ember|nourish|inferno,sword,quick,swift|expose|strike|guard|cut|unity,balanced,balanced,2,0,1,7,0,147
2,false,loadout,fire,sustain,seed|heal|vine|ember|nourish|inferno,sword,quick,swift|expose|strike|guard|cut|unity,balanced,balanced,2,1,1,5,0,208
2,false,loadout,fire,sustain,seed|heal|vine|ember|nourish|inferno,sword,heavy,swift|expose|strike|guard|return|unity,balanced,balanced,0,0,1,12,0,106
2,false,loadout,fire,sustain,seed|heal|vine|ember|nourish|inferno,sword,heavy,swift|expose|strike|guard|return|unity,balanced,balanced,0,1,1,4,0,178
2,false,loadout,fire,sustain,seed|heal|vine|ember|nourish|inferno,sword,heavy,swift|expose|strike|guard|return|unity,balanced,balanced,1,0,1,10,0,102
2,false,loadout,fire,sustain,seed|heal|vine|ember|nourish|inferno,sword,heavy,swift|expose|strike|guard|return|unity,balanced,balanced,1,1,1,4,0,204
2,false,loadout,fire,sustain,seed|heal|vine|ember|nourish|inferno,sword,heavy,swift|expose|strike|guard|return|unity,balanced,balanced,2,0,1,15,0,96
2,false,loadout,fire,sustain,seed|heal|vine|ember|nourish|inferno,sword,heavy,swift|expose|strike|guard|return|unity,balanced,balanced,2,1,1,7,0,182
2,false,loadout,fire,sustain,seed|blaze|vine|ember|nourish|inferno,sword,quick,swift|expose|strike|guard|cut|unity,balanced,balanced,0,0,1,9,0,10
2,false,loadout,fire,sustain,seed|blaze|vine|ember|nourish|inferno,sword,quick,swift|expose|strike|guard|cut|unity,balanced,balanced,0,1,1,5,0,78
2,false,loadout,fire,sustain,seed|blaze|vine|ember|nourish|inferno,sword,quick,swift|expose|strike|guard|cut|unity,balanced,balanced,1,0,1,8,0,92
2,false,loadout,fire,sustain,seed|blaze|vine|ember|nourish|inferno,sword,quick,swift|expose|strike|guard|cut|unity,balanced,balanced,1,1,0,7,115,0
2,false,loadout,fire,sustain,seed|blaze|vine|ember|nourish|inferno,sword,quick,swift|expose|strike|guard|cut|unity,balanced,balanced,2,0,1,8,0,31
2,false,loadout,fire,sustain,seed|blaze|vine|ember|nourish|inferno,sword,quick,swift|expose|strike|guard|cut|unity,balanced,balanced,2,1,1,6,0,108
2,false,loadout,fire,sustain,seed|blaze|vine|ember|nourish|inferno,sword,heavy,swift|expose|strike|guard|return|unity,balanced,balanced,0,0,0,8,124,0
2,false,loadout,fire,sustain,seed|blaze|vine|ember|nourish|inferno,sword,heavy,swift|expose|strike|guard|return|unity,balanced,balanced,0,1,1,5,0,122
2,false,loadout,fire,sustain,seed|blaze|vine|ember|nourish|inferno,sword,heavy,swift|expose|strike|guard|return|unity,balanced,balanced,1,0,0,6,105,0
2,false,loadout,fire,sustain,seed|blaze|vine|ember|nourish|inferno,sword,heavy,swift|expose|strike|guard|return|unity,balanced,balanced,1,1,0,6,140,0
2,false,loadout,fire,sustain,seed|blaze|vine|ember|nourish|inferno,sword,heavy,swift|expose|strike|guard|return|unity,balanced,balanced,2,0,0,9,56,0
2,false,loadout,fire,sustain,seed|blaze|vine|ember|nourish|inferno,sword,heavy,swift|expose|strike|guard|return|unity,balanced,balanced,2,1,0,8,73,0
2,false,loadout,fire,sustain,seed|blaze|heal|ember|nourish|inferno,sword,quick,swift|expose|strike|guard|cut|unity,balanced,balanced,0,0,1,7,0,54
2,false,loadout,fire,sustain,seed|blaze|heal|ember|nourish|inferno,sword,quick,swift|expose|strike|guard|cut|unity,balanced,balanced,0,1,1,6,0,84
2,false,loadout,fire,sustain,seed|blaze|heal|ember|nourish|inferno,sword,quick,swift|expose|strike|guard|cut|unity,balanced,balanced,1,0,1,9,0,103
2,false,loadout,fire,sustain,seed|blaze|heal|ember|nourish|inferno,sword,quick,swift|expose|strike|guard|cut|unity,balanced,balanced,1,1,0,7,66,0
2,false,loadout,fire,sustain,seed|blaze|heal|ember|nourish|inferno,sword,quick,swift|expose|strike|guard|cut|unity,balanced,balanced,2,0,1,8,0,42
2,false,loadout,fire,sustain,seed|blaze|heal|ember|nourish|inferno,sword,quick,swift|expose|strike|guard|cut|unity,balanced,balanced,2,1,1,6,0,108
2,false,loadout,fire,sustain,seed|blaze|heal|ember|nourish|inferno,sword,heavy,swift|expose|strike|guard|return|unity,balanced,balanced,0,0,1,6,0,73
2,false,loadout,fire,sustain,seed|blaze|heal|ember|nourish|inferno,sword,heavy,swift|expose|strike|guard|return|unity,balanced,balanced,0,1,1,5,0,122
2,false,loadout,fire,sustain,seed|blaze|heal|ember|nourish|inferno,sword,heavy,swift|expose|strike|guard|return|unity,balanced,balanced,1,0,1,9,0,16
2,false,loadout,fire,sustain,seed|blaze|heal|ember|nourish|inferno,sword,heavy,swift|expose|strike|guard|return|unity,balanced,balanced,1,1,1,8,0,20
2,false,loadout,fire,sustain,seed|blaze|heal|ember|nourish|inferno,sword,heavy,swift|expose|strike|guard|return|unity,balanced,balanced,2,0,1,10,0,18
2,false,loadout,fire,sustain,seed|blaze|heal|ember|nourish|inferno,sword,heavy,swift|expose|strike|guard|return|unity,balanced,balanced,2,1,1,9,0,36
2,false,loadout,fire,sustain,seed|blaze|heal|vine|nourish|inferno,sword,quick,swift|expose|strike|guard|cut|unity,balanced,balanced,0,0,1,7,0,73
2,false,loadout,fire,sustain,seed|blaze|heal|vine|nourish|inferno,sword,quick,swift|expose|strike|guard|cut|unity,balanced,balanced,0,1,1,4,0,117
2,false,loadout,fire,sustain,seed|blaze|heal|vine|nourish|inferno,sword,quick,swift|expose|strike|guard|cut|unity,balanced,balanced,1,0,1,9,0,103
2,false,loadout,fire,sustain,seed|blaze|heal|vine|nourish|inferno,sword,quick,swift|expose|strike|guard|cut|unity,balanced,balanced,1,1,1,6,0,57
2,false,loadout,fire,sustain,seed|blaze|heal|vine|nourish|inferno,sword,quick,swift|expose|strike|guard|cut|unity,balanced,balanced,2,0,1,6,0,133
2,false,loadout,fire,sustain,seed|blaze|heal|vine|nourish|inferno,sword,quick,swift|expose|strike|guard|cut|unity,balanced,balanced,2,1,0,7,35,0
2,false,loadout,fire,sustain,seed|blaze|heal|vine|nourish|inferno,sword,heavy,swift|expose|strike|guard|return|unity,balanced,balanced,0,0,1,6,0,73
2,false,loadout,fire,sustain,seed|blaze|heal|vine|nourish|inferno,sword,heavy,swift|expose|strike|guard|return|unity,balanced,balanced,0,1,1,7,0,32
2,false,loadout,fire,sustain,seed|blaze|heal|vine|nourish|inferno,sword,heavy,swift|expose|strike|guard|return|unity,balanced,balanced,1,0,0,10,42,0
2,false,loadout,fire,sustain,seed|blaze|heal|vine|nourish|inferno,sword,heavy,swift|expose|strike|guard|return|unity,balanced,balanced,1,1,0,8,124,0
2,false,loadout,fire,sustain,seed|blaze|heal|vine|nourish|inferno,sword,heavy,swift|expose|strike|guard|return|unity,balanced,balanced,2,0,0,8,54,0
2,false,loadout,fire,sustain,seed|blaze|heal|vine|nourish|inferno,sword,heavy,swift|expose|strike|guard|return|unity,balanced,balanced,2,1,1,5,0,134
2,false,loadout,fire,sustain,seed|blaze|heal|vine|ember|inferno,sword,quick,swift|expose|strike|guard|cut|unity,balanced,balanced,0,0,1,7,0,54
2,false,loadout,fire,sustain,seed|blaze|heal|vine|ember|inferno,sword,quick,swift|expose|strike|guard|cut|unity,balanced,balanced,0,1,1,5,0,75
2,false,loadout,fire,sustain,seed|blaze|heal|vine|ember|inferno,sword,quick,swift|expose|strike|guard|cut|unity,balanced,balanced,1,0,1,9,0,103
2,false,loadout,fire,sustain,seed|blaze|heal|vine|ember|inferno,sword,quick,swift|expose|strike|guard|cut|unity,balanced,balanced,1,1,1,6,0,11
2,false,loadout,fire,sustain,seed|blaze|heal|vine|ember|inferno,sword,quick,swift|expose|strike|guard|cut|unity,balanced,balanced,2,0,1,5,0,114
2,false,loadout,fire,sustain,seed|blaze|heal|vine|ember|inferno,sword,quick,swift|expose|strike|guard|cut|unity,balanced,balanced,2,1,1,7,0,66
2,false,loadout,fire,sustain,seed|blaze|heal|vine|ember|inferno,sword,heavy,swift|expose|strike|guard|return|unity,balanced,balanced,0,0,1,6,0,60
2,false,loadout,fire,sustain,seed|blaze|heal|vine|ember|inferno,sword,heavy,swift|expose|strike|guard|return|unity,balanced,balanced,0,1,1,4,0,130
2,false,loadout,fire,sustain,seed|blaze|heal|vine|ember|inferno,sword,heavy,swift|expose|strike|guard|return|unity,balanced,balanced,1,0,0,9,161,0
2,false,loadout,fire,sustain,seed|blaze|heal|vine|ember|inferno,sword,heavy,swift|expose|strike|guard|return|unity,balanced,balanced,1,1,1,7,0,39
2,false,loadout,fire,sustain,seed|blaze|heal|vine|ember|inferno,sword,heavy,swift|expose|strike|guard|return|unity,balanced,balanced,2,0,1,6,0,42
2,false,loadout,fire,sustain,seed|blaze|heal|vine|ember|inferno,sword,heavy,swift|expose|strike|guard|return|unity,balanced,balanced,2,1,1,7,0,69
2,false,loadout,fire,sustain,seed|blaze|heal|vine|ember|nourish,sword,quick,swift|expose|strike|guard|cut|unity,balanced,balanced,0,0,1,7,0,54
2,false,loadout,fire,sustain,seed|blaze|heal|vine|ember|nourish,sword,quick,swift|expose|strike|guard|cut|unity,balanced,balanced,0,1,1,5,0,84
2,false,loadout,fire,sustain,seed|blaze|heal|vine|ember|nourish,sword,quick,swift|expose|strike|guard|cut|unity,balanced,balanced,1,0,1,10,0,27
2,false,loadout,fire,sustain,seed|blaze|heal|vine|ember|nourish,sword,quick,swift|expose|strike|guard|cut|unity,balanced,balanced,1,1,0,7,49,0
2,false,loadout,fire,sustain,seed|blaze|heal|vine|ember|nourish,sword,quick,swift|expose|strike|guard|cut|unity,balanced,balanced,2,0,0,8,65,0
2,false,loadout,fire,sustain,seed|blaze|heal|vine|ember|nourish,sword,quick,swift|expose|strike|guard|cut|unity,balanced,balanced,2,1,1,7,0,10
2,false,loadout,fire,sustain,seed|blaze|heal|vine|ember|nourish,sword,heavy,swift|expose|strike|guard|return|unity,balanced,balanced,0,0,0,8,64,0
2,false,loadout,fire,sustain,seed|blaze|heal|vine|ember|nourish,sword,heavy,swift|expose|strike|guard|return|unity,balanced,balanced,0,1,1,5,0,84
2,false,loadout,fire,sustain,seed|blaze|heal|vine|ember|nourish,sword,heavy,swift|expose|strike|guard|return|unity,balanced,balanced,1,0,1,9,0,43
2,false,loadout,fire,sustain,seed|blaze|heal|vine|ember|nourish,sword,heavy,swift|expose|strike|guard|return|unity,balanced,balanced,1,1,0,8,138,0
2,false,loadout,fire,sustain,seed|blaze|heal|vine|ember|nourish,sword,heavy,swift|expose|strike|guard|return|unity,balanced,balanced,2,0,1,9,0,34
2,false,loadout,fire,sustain,seed|blaze|heal|vine|ember|nourish,sword,heavy,swift|expose|strike|guard|return|unity,balanced,balanced,2,1,0,8,38,0
2,false,loadout,fire,sustain,seed|spark|vine|ember|nourish|inferno,sword,quick,swift|expose|strike|guard|cut|unity,balanced,balanced,0,0,1,11,0,43
2,false,loadout,fire,sustain,seed|spark|vine|ember|nourish|inferno,sword,quick,swift|expose|strike|guard|cut|unity,balanced,balanced,0,1,1,4,0,143
2,false,loadout,fire,sustain,seed|spark|vine|ember|nourish|inferno,sword,quick,swift|expose|strike|guard|cut|unity,balanced,balanced,1,0,1,8,0,47
2,false,loadout,fire,sustain,seed|spark|vine|ember|nourish|inferno,sword,quick,swift|expose|strike|guard|cut|unity,balanced,balanced,1,1,1,4,0,131
2,false,loadout,fire,sustain,seed|spark|vine|ember|nourish|inferno,sword,quick,swift|expose|strike|guard|cut|unity,balanced,balanced,2,0,1,8,0,38
2,false,loadout,fire,sustain,seed|spark|vine|ember|nourish|inferno,sword,quick,swift|expose|strike|guard|cut|unity,balanced,balanced,2,1,1,4,0,131
2,false,loadout,fire,sustain,seed|spark|vine|ember|nourish|inferno,sword,heavy,swift|expose|strike|guard|return|unity,balanced,balanced,0,0,1,6,0,118
2,false,loadout,fire,sustain,seed|spark|vine|ember|nourish|inferno,sword,heavy,swift|expose|strike|guard|return|unity,balanced,balanced,0,1,1,5,0,116
2,false,loadout,fire,sustain,seed|spark|vine|ember|nourish|inferno,sword,heavy,swift|expose|strike|guard|return|unity,balanced,balanced,1,0,1,8,0,84
2,false,loadout,fire,sustain,seed|spark|vine|ember|nourish|inferno,sword,heavy,swift|expose|strike|guard|return|unity,balanced,balanced,1,1,1,5,0,116
2,false,loadout,fire,sustain,seed|spark|vine|ember|nourish|inferno,sword,heavy,swift|expose|strike|guard|return|unity,balanced,balanced,2,0,1,8,0,75
2,false,loadout,fire,sustain,seed|spark|vine|ember|nourish|inferno,sword,heavy,swift|expose|strike|guard|return|unity,balanced,balanced,2,1,1,5,0,116
2,false,loadout,fire,sustain,seed|spark|heal|ember|nourish|inferno,sword,quick,swift|expose|strike|guard|cut|unity,balanced,balanced,0,0,0,14,1,0
2,false,loadout,fire,sustain,seed|spark|heal|ember|nourish|inferno,sword,quick,swift|expose|strike|guard|cut|unity,balanced,balanced,0,1,1,4,0,143
2,false,loadout,fire,sustain,seed|spark|heal|ember|nourish|inferno,sword,quick,swift|expose|strike|guard|cut|unity,balanced,balanced,1,0,0,16,8,0
2,false,loadout,fire,sustain,seed|spark|heal|ember|nourish|inferno,sword,quick,swift|expose|strike|guard|cut|unity,balanced,balanced,1,1,1,4,0,131
2,false,loadout,fire,sustain,seed|spark|heal|ember|nourish|inferno,sword,quick,swift|expose|strike|guard|cut|unity,balanced,balanced,2,0,1,12,0,45
2,false,loadout,fire,sustain,seed|spark|heal|ember|nourish|inferno,sword,quick,swift|expose|strike|guard|cut|unity,balanced,balanced,2,1,1,6,0,29
2,false,loadout,fire,sustain,seed|spark|heal|ember|nourish|inferno,sword,heavy,swift|expose|strike|guard|return|unity,balanced,balanced,0,0,1,7,0,142
2,false,loadout,fire,sustain,seed|spark|heal|ember|nourish|inferno,sword,heavy,swift|expose|strike|guard|return|unity,balanced,balanced,0,1,1,5,0,116
2,false,loadout,fire,sustain,seed|spark|heal|ember|nourish|inferno,sword,heavy,swift|expose|strike|guard|return|unity,balanced,balanced,1,0,0,13,26,0
2,false,loadout,fire,sustain,seed|spark|heal|ember|nourish|inferno,sword,heavy,swift|expose|strike|guard|return|unity,balanced,balanced,1,1,1,5,0,116
2,false,loadout,fire,sustain,seed|spark|heal|ember|nourish|inferno,sword,heavy,swift|expose|strike|guard|return|unity,balanced,balanced,2,0,0,13,24,0
2,false,loadout,fire,sustain,seed|spark|heal|ember|nourish|inferno,sword,heavy,swift|expose|strike|guard|return|unity,balanced,balanced,2,1,1,5,0,116
2,false,loadout,fire,sustain,seed|spark|heal|vine|nourish|inferno,sword,quick,swift|expose|strike|guard|cut|unity,balanced,balanced,0,0,0,16,41,0
2,false,loadout,fire,sustain,seed|spark|heal|vine|nourish|inferno,sword,quick,swift|expose|strike|guard|cut|unity,balanced,balanced,0,1,1,4,0,143
2,false,loadout,fire,sustain,seed|spark|heal|vine|nourish|inferno,sword,quick,swift|expose|strike|guard|cut|unity,balanced,balanced,1,0,0,16,8,0
2,false,loadout,fire,sustain,seed|spark|heal|vine|nourish|inferno,sword,quick,swift|expose|strike|guard|cut|unity,balanced,balanced,1,1,1,4,0,131
2,false,loadout,fire,sustain,seed|spark|heal|vine|nourish|inferno,sword,quick,swift|expose|strike|guard|cut|unity,balanced,balanced,2,0,1,12,0,45
2,false,loadout,fire,sustain,seed|spark|heal|vine|nourish|inferno,sword,quick,swift|expose|strike|guard|cut|unity,balanced,balanced,2,1,1,6,0,29
2,false,loadout,fire,sustain,seed|spark|heal|vine|nourish|inferno,sword,heavy,swift|expose|strike|guard|return|unity,balanced,balanced,0,0,0,13,88,0
2,false,loadout,fire,sustain,seed|spark|heal|vine|nourish|inferno,sword,heavy,swift|expose|strike|guard|return|unity,balanced,balanced,0,1,1,5,0,116
2,false,loadout,fire,sustain,seed|spark|heal|vine|nourish|inferno,sword,heavy,swift|expose|strike|guard|return|unity,balanced,balanced,1,0,0,13,24,0
2,false,loadout,fire,sustain,seed|spark|heal|vine|nourish|inferno,sword,heavy,swift|expose|strike|guard|return|unity,balanced,balanced,1,1,1,5,0,116
2,false,loadout,fire,sustain,seed|spark|heal|vine|nourish|inferno,sword,heavy,swift|expose|strike|guard|return|unity,balanced,balanced,2,0,0,13,24,0
2,false,loadout,fire,sustain,seed|spark|heal|vine|nourish|inferno,sword,heavy,swift|expose|strike|guard|return|unity,balanced,balanced,2,1,1,5,0,116
2,false,loadout,fire,sustain,seed|spark|heal|vine|ember|inferno,sword,quick,swift|expose|strike|guard|cut|unity,balanced,balanced,0,0,1,8,0,117
2,false,loadout,fire,sustain,seed|spark|heal|vine|ember|inferno,sword,quick,swift|expose|strike|guard|cut|unity,balanced,balanced,0,1,1,4,0,143
2,false,loadout,fire,sustain,seed|spark|heal|vine|ember|inferno,sword,quick,swift|expose|strike|guard|cut|unity,balanced,balanced,1,0,0,15,181,0
2,false,loadout,fire,sustain,seed|spark|heal|vine|ember|inferno,sword,quick,swift|expose|strike|guard|cut|unity,balanced,balanced,1,1,1,4,0,131
2,false,loadout,fire,sustain,seed|spark|heal|vine|ember|inferno,sword,quick,swift|expose|strike|guard|cut|unity,balanced,balanced,2,0,0,15,179,0
2,false,loadout,fire,sustain,seed|spark|heal|vine|ember|inferno,sword,quick,swift|expose|strike|guard|cut|unity,balanced,balanced,2,1,1,4,0,131
2,false,loadout,fire,sustain,seed|spark|heal|vine|ember|inferno,sword,heavy,swift|expose|strike|guard|return|unity,balanced,balanced,0,0,1,8,0,117
2,false,loadout,fire,sustain,seed|spark|heal|vine|ember|inferno,sword,heavy,swift|expose|strike|guard|return|unity,balanced,balanced,0,1,1,5,0,153
2,false,loadout,fire,sustain,seed|spark|heal|vine|ember|inferno,sword,heavy,swift|expose|strike|guard|return|unity,balanced,balanced,1,0,0,13,150,0
2,false,loadout,fire,sustain,seed|spark|heal|vine|ember|inferno,sword,heavy,swift|expose|strike|guard|return|unity,balanced,balanced,1,1,1,6,0,129
2,false,loadout,fire,sustain,seed|spark|heal|vine|ember|inferno,sword,heavy,swift|expose|strike|guard|return|unity,balanced,balanced,2,0,0,13,152,0
2,false,loadout,fire,sustain,seed|spark|heal|vine|ember|inferno,sword,heavy,swift|expose|strike|guard|return|unity,balanced,balanced,2,1,1,5,0,116
2,false,loadout,fire,sustain,seed|spark|heal|vine|ember|nourish,sword,quick,swift|expose|strike|guard|cut|unity,balanced,balanced,0,0,0,18,159,0
2,false,loadout,fire,sustain,seed|spark|heal|vine|ember|nourish,sword,quick,swift|expose|strike|guard|cut|unity,balanced,balanced,0,1,1,4,0,143
2,false,loadout,fire,sustain,seed|spark|heal|vine|ember|nourish,sword,quick,swift|expose|strike|guard|cut|unity,balanced,balanced,1,0,0,15,17,0
2,false,loadout,fire,sustain,seed|spark|heal|vine|ember|nourish,sword,quick,swift|expose|strike|guard|cut|unity,balanced,balanced,1,1,1,4,0,123
2,false,loadout,fire,sustain,seed|spark|heal|vine|ember|nourish,sword,quick,swift|expose|strike|guard|cut|unity,balanced,balanced,2,0,0,14,28,0
2,false,loadout,fire,sustain,seed|spark|heal|vine|ember|nourish,sword,quick,swift|expose|strike|guard|cut|unity,balanced,balanced,2,1,1,6,0,48
2,false,loadout,fire,sustain,seed|spark|heal|vine|ember|nourish,sword,heavy,swift|expose|strike|guard|return|unity,balanced,balanced,0,0,0,14,30,0
2,false,loadout,fire,sustain,seed|spark|heal|vine|ember|nourish,sword,heavy,swift|expose|strike|guard|return|unity,balanced,balanced,0,1,1,5,0,116
2,false,loadout,fire,sustain,seed|spark|heal|vine|ember|nourish,sword,heavy,swift|expose|strike|guard|return|unity,balanced,balanced,1,0,0,14,50,0
2,false,loadout,fire,sustain,seed|spark|heal|vine|ember|nourish,sword,heavy,swift|expose|strike|guard|return|unity,balanced,balanced,1,1,1,5,0,116
2,false,loadout,fire,sustain,seed|spark|heal|vine|ember|nourish,sword,heavy,swift|expose|strike|guard|return|unity,balanced,balanced,2,0,0,14,50,0
2,false,loadout,fire,sustain,seed|spark|heal|vine|ember|nourish,sword,heavy,swift|expose|strike|guard|return|unity,balanced,balanced,2,1,1,5,0,116
2,false,loadout,fire,sustain,seed|spark|blaze|ember|nourish|inferno,sword,quick,swift|expose|strike|guard|cut|unity,balanced,balanced,0,0,0,7,74,0
2,false,loadout,fire,sustain,seed|spark|blaze|ember|nourish|inferno,sword,quick,swift|expose|strike|guard|cut|unity,balanced,balanced,0,1,1,5,0,60
2,false,loadout,fire,sustain,seed|spark|blaze|ember|nourish|inferno,sword,quick,swift|expose|strike|guard|cut|unity,balanced,balanced,1,0,0,8,116,0
2,false,loadout,fire,sustain,seed|spark|blaze|ember|nourish|inferno,sword,quick,swift|expose|strike|guard|cut|unity,balanced,balanced,1,1,0,9,136,0
2,false,loadout,fire,sustain,seed|spark|blaze|ember|nourish|inferno,sword,quick,swift|expose|strike|guard|cut|unity,balanced,balanced,2,0,0,6,166,0
2,false,loadout,fire,sustain,seed|spark|blaze|ember|nourish|inferno,sword,quick,swift|expose|strike|guard|cut|unity,balanced,balanced,2,1,1,7,0,27
2,false,loadout,fire,sustain,seed|spark|blaze|ember|nourish|inferno,sword,heavy,swift|expose|strike|guard|return|unity,balanced,balanced,0,0,1,7,0,47
2,false,loadout,fire,sustain,seed|spark|blaze|ember|nourish|inferno,sword,heavy,swift|expose|strike|guard|return|unity,balanced,balanced,0,1,1,6,0,75
2,false,loadout,fire,sustain,seed|spark|blaze|ember|nourish|inferno,sword,heavy,swift|expose|strike|guard|return|unity,balanced,balanced,1,0,0,7,53,0
2,false,loadout,fire,sustain,seed|spark|blaze|ember|nourish|inferno,sword,heavy,swift|expose|strike|guard|return|unity,balanced,balanced,1,1,1,7,0,31
2,false,loadout,fire,sustain,seed|spark|blaze|ember|nourish|inferno,sword,heavy,swift|expose|strike|guard|return|unity,balanced,balanced,2,0,1,5,0,89
2,false,loadout,fire,sustain,seed|spark|blaze|ember|nourish|inferno,sword,heavy,swift|expose|strike|guard|return|unity,balanced,balanced,2,1,0,7,10,0
2,false,loadout,fire,sustain,seed|spark|blaze|vine|nourish|inferno,sword,quick,swift|expose|strike|guard|cut|unity,balanced,balanced,0,0,0,7,74,0
2,false,loadout,fire,sustain,seed|spark|blaze|vine|nourish|inferno,sword,quick,swift|expose|strike|guard|cut|unity,balanced,balanced,0,1,1,5,0,60
2,false,loadout,fire,sustain,seed|spark|blaze|vine|nourish|inferno,sword,quick,swift|expose|strike|guard|cut|unity,balanced,balanced,1,0,0,8,116,0
2,false,loadout,fire,sustain,seed|spark|blaze|vine|nourish|inferno,sword,quick,swift|expose|strike|guard|cut|unity,balanced,balanced,1,1,0,8,81,0
2,false,loadout,fire,sustain,seed|spark|blaze|vine|nourish|inferno,sword,quick,swift|expose|strike|guard|cut|unity,balanced,balanced,2,0,0,5,176,0
2,false,loadout,fire,sustain,seed|spark|blaze|vine|nourish|inferno,sword,quick,swift|expose|strike|guard|cut|unity,balanced,balanced,2,1,0,9,135,0
2,false,loadout,fire,sustain,seed|spark|blaze|vine|nourish|inferno,sword,heavy,swift|expose|strike|guard|return|unity,balanced,balanced,0,0,1,7,0,47
2,false,loadout,fire,sustain,seed|spark|blaze|vine|nourish|inferno,sword,heavy,swift|expose|strike|guard|return|unity,balanced,balanced,0,1,1,6,0,75
2,false,loadout,fire,sustain,seed|spark|blaze|vine|nourish|inferno,sword,heavy,swift|expose|strike|guard|return|unity,balanced,balanced,1,0,0,7,53,0
2,false,loadout,fire,sustain,seed|spark|blaze|vine|nourish|inferno,sword,heavy,swift|expose|strike|guard|return|unity,balanced,balanced,1,1,1,7,0,18
2,false,loadout,fire,sustain,seed|spark|blaze|vine|nourish|inferno,sword,heavy,swift|expose|strike|guard|return|unity,balanced,balanced,2,0,1,5,0,89
2,false,loadout,fire,sustain,seed|spark|blaze|vine|nourish|inferno,sword,heavy,swift|expose|strike|guard|return|unity,balanced,balanced,2,1,0,7,67,0
2,false,loadout,fire,sustain,seed|spark|blaze|vine|ember|inferno,sword,quick,swift|expose|strike|guard|cut|unity,balanced,balanced,0,0,1,6,0,11
2,false,loadout,fire,sustain,seed|spark|blaze|vine|ember|inferno,sword,quick,swift|expose|strike|guard|cut|unity,balanced,balanced,0,1,0,4,8,0
2,false,loadout,fire,sustain,seed|spark|blaze|vine|ember|inferno,sword,quick,swift|expose|strike|guard|cut|unity,balanced,balanced,1,0,1,6,0,6
2,false,loadout,fire,sustain,seed|spark|blaze|vine|ember|inferno,sword,quick,swift|expose|strike|guard|cut|unity,balanced,balanced,1,1,0,6,10,0
2,false,loadout,fire,sustain,seed|spark|blaze|vine|ember|inferno,sword,quick,swift|expose|strike|guard|cut|unity,balanced,balanced,2,0,0,7,75,0
2,false,loadout,fire,sustain,seed|spark|blaze|vine|ember|inferno,sword,quick,swift|expose|strike|guard|cut|unity,balanced,balanced,2,1,0,6,45,0
2,false,loadout,fire,sustain,seed|spark|blaze|vine|ember|inferno,sword,heavy,swift|expose|strike|guard|return|unity,balanced,balanced,0,0,1,6,0,15
2,false,loadout,fire,sustain,seed|spark|blaze|vine|ember|inferno,sword,heavy,swift|expose|strike|guard|return|unity,balanced,balanced,0,1,1,5,0,48
2,false,loadout,fire,sustain,seed|spark|blaze|vine|ember|inferno,sword,heavy,swift|expose|strike|guard|return|unity,balanced,balanced,1,0,1,6,0,44
2,false,loadout,fire,sustain,seed|spark|blaze|vine|ember|inferno,sword,heavy,swift|expose|strike|guard|return|unity,balanced,balanced,1,1,1,6,0,38
2,false,loadout,fire,sustain,seed|spark|blaze|vine|ember|inferno,sword,heavy,swift|expose|strike|guard|return|unity,balanced,balanced,2,0,0,8,14,0
2,false,loadout,fire,sustain,seed|spark|blaze|vine|ember|inferno,sword,heavy,swift|expose|strike|guard|return|unity,balanced,balanced,2,1,0,6,38,0
2,false,loadout,fire,sustain,seed|spark|blaze|vine|ember|nourish,sword,quick,swift|expose|strike|guard|cut|unity,balanced,balanced,0,0,0,7,74,0
2,false,loadout,fire,sustain,seed|spark|blaze|vine|ember|nourish,sword,quick,swift|expose|strike|guard|cut|unity,balanced,balanced,0,1,1,5,0,60
2,false,loadout,fire,sustain,seed|spark|blaze|vine|ember|nourish,sword,quick,swift|expose|strike|guard|cut|unity,balanced,balanced,1,0,0,8,116,0
2,false,loadout,fire,sustain,seed|spark|blaze|vine|ember|nourish,sword,quick,swift|expose|strike|guard|cut|unity,balanced,balanced,1,1,0,8,81,0
2,false,loadout,fire,sustain,seed|spark|blaze|vine|ember|nourish,sword,quick,swift|expose|strike|guard|cut|unity,balanced,balanced,2,0,0,5,176,0
2,false,loadout,fire,sustain,seed|spark|blaze|vine|ember|nourish,sword,quick,swift|expose|strike|guard|cut|unity,balanced,balanced,2,1,0,10,137,0
2,false,loadout,fire,sustain,seed|spark|blaze|vine|ember|nourish,sword,heavy,swift|expose|strike|guard|return|unity,balanced,balanced,0,0,0,8,84,0
2,false,loadout,fire,sustain,seed|spark|blaze|vine|ember|nourish,sword,heavy,swift|expose|strike|guard|return|unity,balanced,balanced,0,1,1,6,0,75
2,false,loadout,fire,sustain,seed|spark|blaze|vine|ember|nourish,sword,heavy,swift|expose|strike|guard|return|unity,balanced,balanced,1,0,0,7,53,0
2,false,loadout,fire,sustain,seed|spark|blaze|vine|ember|nourish,sword,heavy,swift|expose|strike|guard|return|unity,balanced,balanced,1,1,0,8,57,0
2,false,loadout,fire,sustain,seed|spark|blaze|vine|ember|nourish,sword,heavy,swift|expose|strike|guard|return|unity,balanced,balanced,2,0,0,7,53,0
2,false,loadout,fire,sustain,seed|spark|blaze|vine|ember|nourish,sword,heavy,swift|expose|strike|guard|return|unity,balanced,balanced,2,1,1,7,0,22
2,false,loadout,fire,sustain,seed|spark|blaze|heal|nourish|inferno,sword,quick,swift|expose|strike|guard|cut|unity,balanced,balanced,0,0,0,8,12,0
2,false,loadout,fire,sustain,seed|spark|blaze|heal|nourish|inferno,sword,quick,swift|expose|strike|guard|cut|unity,balanced,balanced,0,1,1,5,0,50
2,false,loadout,fire,sustain,seed|spark|blaze|heal|nourish|inferno,sword,quick,swift|expose|strike|guard|cut|unity,balanced,balanced,1,0,0,9,70,0
2,false,loadout,fire,sustain,seed|spark|blaze|heal|nourish|inferno,sword,quick,swift|expose|strike|guard|cut|unity,balanced,balanced,1,1,0,9,208,0
2,false,loadout,fire,sustain,seed|spark|blaze|heal|nourish|inferno,sword,quick,swift|expose|strike|guard|cut|unity,balanced,balanced,2,0,1,7,0,55
2,false,loadout,fire,sustain,seed|spark|blaze|heal|nourish|inferno,sword,quick,swift|expose|strike|guard|cut|unity,balanced,balanced,2,1,1,7,0,53
2,false,loadout,fire,sustain,seed|spark|blaze|heal|nourish|inferno,sword,heavy,swift|expose|strike|guard|return|unity,balanced,balanced,0,0,0,8,52,0
2,false,loadout,fire,sustain,seed|spark|blaze|heal|nourish|inferno,sword,heavy,swift|expose|strike|guard|return|unity,balanced,balanced,0,1,1,5,0,81
2,false,loadout,fire,sustain,seed|spark|blaze|heal|nourish|inferno,sword,heavy,swift|expose|strike|guard|return|unity,balanced,balanced,1,0,0,7,59,0
2,false,loadout,fire,sustain,seed|spark|blaze|heal|nourish|inferno,sword,heavy,swift|expose|strike|guard|return|unity,balanced,balanced,1,1,1,7,0,57
2,false,loadout,fire,sustain,seed|spark|blaze|heal|nourish|inferno,sword,heavy,swift|expose|strike|guard|return|unity,balanced,balanced,2,0,0,9,105,0
2,false,loadout,fire,sustain,seed|spark|blaze|heal|nourish|inferno,sword,heavy,swift|expose|strike|guard|return|unity,balanced,balanced,2,1,1,7,0,60
2,false,loadout,fire,sustain,seed|spark|blaze|heal|ember|inferno,sword,quick,swift|expose|strike|guard|cut|unity,balanced,balanced,0,0,0,7,6,0
2,false,loadout,fire,sustain,seed|spark|blaze|heal|ember|inferno,sword,quick,swift|expose|strike|guard|cut|unity,balanced,balanced,0,1,0,4,8,0
2,false,loadout,fire,sustain,seed|spark|blaze|heal|ember|inferno,sword,quick,swift|expose|strike|guard|cut|unity,balanced,balanced,1,0,0,7,19,0
2,false,loadout,fire,sustain,seed|spark|blaze|heal|ember|inferno,sword,quick,swift|expose|strike|guard|cut|unity,balanced,balanced,1,1,0,8,168,0
2,false,loadout,fire,sustain,seed|spark|blaze|heal|ember|inferno,sword,quick,swift|expose|strike|guard|cut|unity,balanced,balanced,2,0,0,7,36,0
2,false,loadout,fire,sustain,seed|spark|blaze|heal|ember|inferno,sword,quick,swift|expose|strike|guard|cut|unity,balanced,balanced,2,1,1,6,0,59
2,false,loadout,fire,sustain,seed|spark|blaze|heal|ember|inferno,sword,heavy,swift|expose|strike|guard|return|unity,balanced,balanced,0,0,0,8,52,0
2,false,loadout,fire,sustain,seed|spark|blaze|heal|ember|inferno,sword,heavy,swift|expose|strike|guard|return|unity,balanced,balanced,0,1,1,5,0,48
2,false,loadout,fire,sustain,seed|spark|blaze|heal|ember|inferno,sword,heavy,swift|expose|strike|guard|return|unity,balanced,balanced,1,0,0,7,45,0
2,false,loadout,fire,sustain,seed|spark|blaze|heal|ember|inferno,sword,heavy,swift|expose|strike|guard|return|unity,balanced,balanced,1,1,0,9,128,0
2,false,loadout,fire,sustain,seed|spark|blaze|heal|ember|inferno,sword,heavy,swift|expose|strike|guard|return|unity,balanced,balanced,2,0,0,8,89,0
2,false,loadout,fire,sustain,seed|spark|blaze|heal|ember|inferno,sword,heavy,swift|expose|strike|guard|return|unity,balanced,balanced,2,1,0,7,9,0
2,false,loadout,fire,sustain,seed|spark|blaze|heal|ember|nourish,sword,quick,swift|expose|strike|guard|cut|unity,balanced,balanced,0,0,0,8,12,0
2,false,loadout,fire,sustain,seed|spark|blaze|heal|ember|nourish,sword,quick,swift|expose|strike|guard|cut|unity,balanced,balanced,0,1,1,5,0,26
2,false,loadout,fire,sustain,seed|spark|blaze|heal|ember|nourish,sword,quick,swift|expose|strike|guard|cut|unity,balanced,balanced,1,0,0,9,70,0
2,false,loadout,fire,sustain,seed|spark|blaze|heal|ember|nourish,sword,quick,swift|expose|strike|guard|cut|unity,balanced,balanced,1,1,0,9,208,0
2,false,loadout,fire,sustain,seed|spark|blaze|heal|ember|nourish,sword,quick,swift|expose|strike|guard|cut|unity,balanced,balanced,2,0,0,8,71,0
2,false,loadout,fire,sustain,seed|spark|blaze|heal|ember|nourish,sword,quick,swift|expose|strike|guard|cut|unity,balanced,balanced,2,1,1,7,0,17
2,false,loadout,fire,sustain,seed|spark|blaze|heal|ember|nourish,sword,heavy,swift|expose|strike|guard|return|unity,balanced,balanced,0,0,0,8,52,0
2,false,loadout,fire,sustain,seed|spark|blaze|heal|ember|nourish,sword,heavy,swift|expose|strike|guard|return|unity,balanced,balanced,0,1,1,5,0,57
2,false,loadout,fire,sustain,seed|spark|blaze|heal|ember|nourish,sword,heavy,swift|expose|strike|guard|return|unity,balanced,balanced,1,0,0,7,59,0
2,false,loadout,fire,sustain,seed|spark|blaze|heal|ember|nourish,sword,heavy,swift|expose|strike|guard|return|unity,balanced,balanced,1,1,0,8,44,0
2,false,loadout,fire,sustain,seed|spark|blaze|heal|ember|nourish,sword,heavy,swift|expose|strike|guard|return|unity,balanced,balanced,2,0,0,9,105,0
2,false,loadout,fire,sustain,seed|spark|blaze|heal|ember|nourish,sword,heavy,swift|expose|strike|guard|return|unity,balanced,balanced,2,1,0,8,131,0
2,false,loadout,fire,sustain,seed|spark|blaze|heal|vine|inferno,sword,quick,swift|expose|strike|guard|cut|unity,balanced,balanced,0,0,0,7,6,0
2,false,loadout,fire,sustain,seed|spark|blaze|heal|vine|inferno,sword,quick,swift|expose|strike|guard|cut|unity,balanced,balanced,0,1,0,4,8,0
2,false,loadout,fire,sustain,seed|spark|blaze|heal|vine|inferno,sword,quick,swift|expose|strike|guard|cut|unity,balanced,balanced,1,0,0,7,19,0
2,false,loadout,fire,sustain,seed|spark|blaze|heal|vine|inferno,sword,quick,swift|expose|strike|guard|cut|unity,balanced,balanced,1,1,1,8,0,14
2,false,loadout,fire,sustain,seed|spark|blaze|heal|vine|inferno,sword,quick,swift|expose|strike|guard|cut|unity,balanced,balanced,2,0,0,7,36,0
2,false,loadout,fire,sustain,seed|spark|blaze|heal|vine|inferno,sword,quick,swift|expose|strike|guard|cut|unity,balanced,balanced,2,1,0,8,153,0
2,false,loadout,fire,sustain,seed|spark|blaze|heal|vine|inferno,sword,heavy,swift|expose|strike|guard|return|unity,balanced,balanced,0,0,0,8,52,0
2,false,loadout,fire,sustain,seed|spark|blaze|heal|vine|inferno,sword,heavy,swift|expose|strike|guard|return|unity,balanced,balanced,0,1,1,5,0,48
2,false,loadout,fire,sustain,seed|spark|blaze|heal|vine|inferno,sword,heavy,swift|expose|strike|guard|return|unity,balanced,balanced,1,0,0,7,45,0
2,false,loadout,fire,sustain,seed|spark|blaze|heal|vine|inferno,sword,heavy,swift|expose|strike|guard|return|unity,balanced,balanced,1,1,0,11,207,0
2,false,loadout,fire,sustain,seed|spark|blaze|heal|vine|inferno,sword,heavy,swift|expose|strike|guard|return|unity,balanced,balanced,2,0,0,8,89,0
2,false,loadout,fire,sustain,seed|spark|blaze|heal|vine|inferno,sword,heavy,swift|expose|strike|guard|return|unity,balanced,balanced,2,1,0,7,76,0
2,false,loadout,fire,sustain,seed|spark|blaze|heal|vine|nourish,sword,quick,swift|expose|strike|guard|cut|unity,balanced,balanced,0,0,0,8,12,0
2,false,loadout,fire,sustain,seed|spark|blaze|heal|vine|nourish,sword,quick,swift|expose|strike|guard|cut|unity,balanced,balanced,0,1,1,5,0,26
2,false,loadout,fire,sustain,seed|spark|blaze|heal|vine|nourish,sword,quick,swift|expose|strike|guard|cut|unity,balanced,balanced,1,0,0,9,70,0
2,false,loadout,fire,sustain,seed|spark|blaze|heal|vine|nourish,sword,quick,swift|expose|strike|guard|cut|unity,balanced,balanced,1,1,0,7,168,0
2,false,loadout,fire,sustain,seed|spark|blaze|heal|vine|nourish,sword,quick,swift|expose|strike|guard|cut|unity,balanced,balanced,2,0,0,8,71,0
2,false,loadout,fire,sustain,seed|spark|blaze|heal|vine|nourish,sword,quick,swift|expose|strike|guard|cut|unity,balanced,balanced,2,1,0,7,114,0
2,false,loadout,fire,sustain,seed|spark|blaze|heal|vine|nourish,sword,heavy,swift|expose|strike|guard|return|unity,balanced,balanced,0,0,0,8,52,0
2,false,loadout,fire,sustain,seed|spark|blaze|heal|vine|nourish,sword,heavy,swift|expose|strike|guard|return|unity,balanced,balanced,0,1,1,5,0,57
2,false,loadout,fire,sustain,seed|spark|blaze|heal|vine|nourish,sword,heavy,swift|expose|strike|guard|return|unity,balanced,balanced,1,0,0,7,59,0
2,false,loadout,fire,sustain,seed|spark|blaze|heal|vine|nourish,sword,heavy,swift|expose|strike|guard|return|unity,balanced,balanced,1,1,0,6,46,0
2,false,loadout,fire,sustain,seed|spark|blaze|heal|vine|nourish,sword,heavy,swift|expose|strike|guard|return|unity,balanced,balanced,2,0,0,9,105,0
2,false,loadout,fire,sustain,seed|spark|blaze|heal|vine|nourish,sword,heavy,swift|expose|strike|guard|return|unity,balanced,balanced,2,1,1,6,0,16
2,false,loadout,fire,sustain,seed|spark|blaze|heal|vine|ember,sword,quick,swift|expose|strike|guard|cut|unity,balanced,balanced,0,0,0,7,6,0
2,false,loadout,fire,sustain,seed|spark|blaze|heal|vine|ember,sword,quick,swift|expose|strike|guard|cut|unity,balanced,balanced,0,1,0,4,8,0
2,false,loadout,fire,sustain,seed|spark|blaze|heal|vine|ember,sword,quick,swift|expose|strike|guard|cut|unity,balanced,balanced,1,0,0,7,19,0
2,false,loadout,fire,sustain,seed|spark|blaze|heal|vine|ember,sword,quick,swift|expose|strike|guard|cut|unity,balanced,balanced,1,1,0,7,154,0
2,false,loadout,fire,sustain,seed|spark|blaze|heal|vine|ember,sword,quick,swift|expose|strike|guard|cut|unity,balanced,balanced,2,0,0,7,36,0
2,false,loadout,fire,sustain,seed|spark|blaze|heal|vine|ember,sword,quick,swift|expose|strike|guard|cut|unity,balanced,balanced,2,1,0,7,114,0
2,false,loadout,fire,sustain,seed|spark|blaze|heal|vine|ember,sword,heavy,swift|expose|strike|guard|return|unity,balanced,balanced,0,0,0,8,52,0
2,false,loadout,fire,sustain,seed|spark|blaze|heal|vine|ember,sword,heavy,swift|expose|strike|guard|return|unity,balanced,balanced,0,1,1,5,0,11
2,false,loadout,fire,sustain,seed|spark|blaze|heal|vine|ember,sword,heavy,swift|expose|strike|guard|return|unity,balanced,balanced,1,0,0,7,45,0
2,false,loadout,fire,sustain,seed|spark|blaze|heal|vine|ember,sword,heavy,swift|expose|strike|guard|return|unity,balanced,balanced,1,1,0,11,207,0
2,false,loadout,fire,sustain,seed|spark|blaze|heal|vine|ember,sword,heavy,swift|expose|strike|guard|return|unity,balanced,balanced,2,0,0,8,89,0
2,false,loadout,fire,sustain,seed|spark|blaze|heal|vine|ember,sword,heavy,swift|expose|strike|guard|return|unity,balanced,balanced,2,1,0,6,46,0
2,false,loadout,sword,quick,strike|guard|cut|lunge|return|unity,fire,sustain,seed|spark|blaze|heal|nourish|vine,balanced,balanced,0,0,1,13,0,210
2,false,loadout,sword,quick,strike|guard|cut|lunge|return|unity,fire,sustain,seed|spark|blaze|heal|nourish|vine,balanced,balanced,0,1,1,11,0,210
2,false,loadout,sword,quick,strike|guard|cut|lunge|return|unity,fire,sustain,seed|spark|blaze|heal|nourish|vine,balanced,balanced,1,0,1,11,0,102
2,false,loadout,sword,quick,strike|guard|cut|lunge|return|unity,fire,sustain,seed|spark|blaze|heal|nourish|vine,balanced,balanced,1,1,1,13,0,191
2,false,loadout,sword,quick,strike|guard|cut|lunge|return|unity,fire,sustain,seed|spark|blaze|heal|nourish|vine,balanced,balanced,2,0,1,14,0,164
2,false,loadout,sword,quick,strike|guard|cut|lunge|return|unity,fire,sustain,seed|spark|blaze|heal|nourish|vine,balanced,balanced,2,1,1,8,0,207
2,false,loadout,sword,quick,expose|guard|cut|lunge|return|unity,fire,sustain,seed|spark|blaze|heal|nourish|vine,balanced,balanced,0,0,1,7,0,60
2,false,loadout,sword,quick,expose|guard|cut|lunge|return|unity,fire,sustain,seed|spark|blaze|heal|nourish|vine,balanced,balanced,0,1,1,11,0,210
2,false,loadout,sword,quick,expose|guard|cut|lunge|return|unity,fire,sustain,seed|spark|blaze|heal|nourish|vine,balanced,balanced,1,0,1,11,0,188
2,false,loadout,sword,quick,expose|guard|cut|lunge|return|unity,fire,sustain,seed|spark|blaze|heal|nourish|vine,balanced,balanced,1,1,1,11,0,210
2,false,loadout,sword,quick,expose|guard|cut|lunge|return|unity,fire,sustain,seed|spark|blaze|heal|nourish|vine,balanced,balanced,2,0,1,11,0,149
2,false,loadout,sword,quick,expose|guard|cut|lunge|return|unity,fire,sustain,seed|spark|blaze|heal|nourish|vine,balanced,balanced,2,1,1,7,0,189
2,false,loadout,sword,quick,expose|strike|cut|lunge|return|unity,fire,sustain,seed|spark|blaze|heal|nourish|vine,balanced,balanced,0,0,1,6,0,14
2,false,loadout,sword,quick,expose|strike|cut|lunge|return|unity,fire,sustain,seed|spark|blaze|heal|nourish|vine,balanced,balanced,0,1,1,6,0,89
2,false,loadout,sword,quick,expose|strike|cut|lunge|return|unity,fire,sustain,seed|spark|blaze|heal|nourish|vine,balanced,balanced,1,0,1,5,0,100
2,false,loadout,sword,quick,expose|strike|cut|lunge|return|unity,fire,sustain,seed|spark|blaze|heal|nourish|vine,balanced,balanced,1,1,1,10,0,99
2,false,loadout,sword,quick,expose|strike|cut|lunge|return|unity,fire,sustain,seed|spark|blaze|heal|nourish|vine,balanced,balanced,2,0,1,5,0,65
2,false,loadout,sword,quick,expose|strike|cut|lunge|return|unity,fire,sustain,seed|spark|blaze|heal|nourish|vine,balanced,balanced,2,1,1,8,0,89
2,false,loadout,sword,quick,expose|strike|guard|lunge|return|unity,fire,sustain,seed|spark|blaze|heal|nourish|vine,balanced,balanced,0,0,1,11,0,210
2,false,loadout,sword,quick,expose|strike|guard|lunge|return|unity,fire,sustain,seed|spark|blaze|heal|nourish|vine,balanced,balanced,0,1,1,10,0,119
2,false,loadout,sword,quick,expose|strike|guard|lunge|return|unity,fire,sustain,seed|spark|blaze|heal|nourish|vine,balanced,balanced,1,0,1,11,0,159
2,false,loadout,sword,quick,expose|strike|guard|lunge|return|unity,fire,sustain,seed|spark|blaze|heal|nourish|vine,balanced,balanced,1,1,1,7,0,51
2,false,loadout,sword,quick,expose|strike|guard|lunge|return|unity,fire,sustain,seed|spark|blaze|heal|nourish|vine,balanced,balanced,2,0,1,11,0,145
2,false,loadout,sword,quick,expose|strike|guard|lunge|return|unity,fire,sustain,seed|spark|blaze|heal|nourish|vine,balanced,balanced,2,1,1,7,0,92
2,false,loadout,sword,quick,expose|strike|guard|cut|return|unity,fire,sustain,seed|spark|blaze|heal|nourish|vine,balanced,balanced,0,0,1,10,0,128
2,false,loadout,sword,quick,expose|strike|guard|cut|return|unity,fire,sustain,seed|spark|blaze|heal|nourish|vine,balanced,balanced,0,1,1,10,0,119
2,false,loadout,sword,quick,expose|strike|guard|cut|return|unity,fire,sustain,seed|spark|blaze|heal|nourish|vine,balanced,balanced,1,0,1,11,0,159
2,false,loadout,sword,quick,expose|strike|guard|cut|return|unity,fire,sustain,seed|spark|blaze|heal|nourish|vine,balanced,balanced,1,1,1,7,0,51
2,false,loadout,sword,quick,expose|strike|guard|cut|return|unity,fire,sustain,seed|spark|blaze|heal|nourish|vine,balanced,balanced,2,0,1,11,0,145
2,false,loadout,sword,quick,expose|strike|guard|cut|return|unity,fire,sustain,seed|spark|blaze|heal|nourish|vine,balanced,balanced,2,1,1,7,0,92
2,false,loadout,sword,quick,expose|strike|guard|cut|lunge|unity,fire,sustain,seed|spark|blaze|heal|nourish|vine,balanced,balanced,0,0,1,11,0,203
2,false,loadout,sword,quick,expose|strike|guard|cut|lunge|unity,fire,sustain,seed|spark|blaze|heal|nourish|vine,balanced,balanced,0,1,1,10,0,79
2,false,loadout,sword,quick,expose|strike|guard|cut|lunge|unity,fire,sustain,seed|spark|blaze|heal|nourish|vine,balanced,balanced,1,0,1,11,0,159
2,false,loadout,sword,quick,expose|strike|guard|cut|lunge|unity,fire,sustain,seed|spark|blaze|heal|nourish|vine,balanced,balanced,1,1,1,8,0,141
2,false,loadout,sword,quick,expose|strike|guard|cut|lunge|unity,fire,sustain,seed|spark|blaze|heal|nourish|vine,balanced,balanced,2,0,1,11,0,145
2,false,loadout,sword,quick,expose|strike|guard|cut|lunge|unity,fire,sustain,seed|spark|blaze|heal|nourish|vine,balanced,balanced,2,1,1,8,0,155
2,false,loadout,sword,quick,expose|strike|guard|cut|lunge|return,fire,sustain,seed|spark|blaze|heal|nourish|vine,balanced,balanced,0,0,1,13,0,158
2,false,loadout,sword,quick,expose|strike|guard|cut|lunge|return,fire,sustain,seed|spark|blaze|heal|nourish|vine,balanced,balanced,0,1,1,10,0,119
2,false,loadout,sword,quick,expose|strike|guard|cut|lunge|return,fire,sustain,seed|spark|blaze|heal|nourish|vine,balanced,balanced,1,0,1,13,0,147
2,false,loadout,sword,quick,expose|strike|guard|cut|lunge|return,fire,sustain,seed|spark|blaze|heal|nourish|vine,balanced,balanced,1,1,1,8,0,130
2,false,loadout,sword,quick,expose|strike|guard|cut|lunge|return,fire,sustain,seed|spark|blaze|heal|nourish|vine,balanced,balanced,2,0,1,10,0,162
2,false,loadout,sword,quick,expose|strike|guard|cut|lunge|return,fire,sustain,seed|spark|blaze|heal|nourish|vine,balanced,balanced,2,1,1,7,0,111
2,false,loadout,sword,quick,swift|guard|cut|lunge|return|unity,fire,sustain,seed|spark|blaze|heal|nourish|vine,balanced,balanced,0,0,1,6,0,113
2,false,loadout,sword,quick,swift|guard|cut|lunge|return|unity,fire,sustain,seed|spark|blaze|heal|nourish|vine,balanced,balanced,0,1,1,7,0,64
2,false,loadout,sword,quick,swift|guard|cut|lunge|return|unity,fire,sustain,seed|spark|blaze|heal|nourish|vine,balanced,balanced,1,0,1,8,0,118
2,false,loadout,sword,quick,swift|guard|cut|lunge|return|unity,fire,sustain,seed|spark|blaze|heal|nourish|vine,balanced,balanced,1,1,1,7,0,148
2,false,loadout,sword,quick,swift|guard|cut|lunge|return|unity,fire,sustain,seed|spark|blaze|heal|nourish|vine,balanced,balanced,2,0,1,7,0,149
2,false,loadout,sword,quick,swift|guard|cut|lunge|return|unity,fire,sustain,seed|spark|blaze|heal|nourish|vine,balanced,balanced,2,1,1,7,0,148
2,false,loadout,sword,quick,swift|strike|cut|lunge|return|unity,fire,sustain,seed|spark|blaze|heal|nourish|vine,balanced,balanced,0,0,1,5,0,8
2,false,loadout,sword,quick,swift|strike|cut|lunge|return|unity,fire,sustain,seed|spark|blaze|heal|nourish|vine,balanced,balanced,0,1,1,8,0,60
2,false,loadout,sword,quick,swift|strike|cut|lunge|return|unity,fire,sustain,seed|spark|blaze|heal|nourish|vine,balanced,balanced,1,0,1,6,0,12
2,false,loadout,sword,quick,swift|strike|cut|lunge|return|unity,fire,sustain,seed|spark|blaze|heal|nourish|vine,balanced,balanced,1,1,1,8,0,47
2,false,loadout,sword,quick,swift|strike|cut|lunge|return|unity,fire,sustain,seed|spark|blaze|heal|nourish|vine,balanced,balanced,2,0,0,6,14,0
2,false,loadout,sword,quick,swift|strike|cut|lunge|return|unity,fire,sustain,seed|spark|blaze|heal|nourish|vine,balanced,balanced,2,1,1,8,0,78
2,false,loadout,sword,quick,swift|strike|guard|lunge|return|unity,fire,sustain,seed|spark|blaze|heal|nourish|vine,balanced,balanced,0,0,1,6,0,107
2,false,loadout,sword,quick,swift|strike|guard|lunge|return|unity,fire,sustain,seed|spark|blaze|heal|nourish|vine,balanced,balanced,0,1,1,8,0,60
2,false,loadout,sword,quick,swift|strike|guard|lunge|return|unity,fire,sustain,seed|spark|blaze|heal|nourish|vine,balanced,balanced,1,0,1,9,0,132
2,false,loadout,sword,quick,swift|strike|guard|lunge|return|unity,fire,sustain,seed|spark|blaze|heal|nourish|vine,balanced,balanced,1,1,1,8,0,47
2,false,loadout,sword,quick,swift|strike|guard|lunge|return|unity,fire,sustain,seed|spark|blaze|heal|nourish|vine,balanced,balanced,2,0,1,8,0,48
2,false,loadout,sword,quick,swift|strike|guard|lunge|return|unity,fire,sustain,seed|spark|blaze|heal|nourish|vine,balanced,balanced,2,1,1,8,0,78
2,false,loadout,sword,quick,swift|strike|guard|cut|return|unity,fire,sustain,seed|spark|blaze|heal|nourish|vine,balanced,balanced,0,0,0,5,54,0
2,false,loadout,sword,quick,swift|strike|guard|cut|return|unity,fire,sustain,seed|spark|blaze|heal|nourish|vine,balanced,balanced,0,1,1,7,0,65
2,false,loadout,sword,quick,swift|strike|guard|cut|return|unity,fire,sustain,seed|spark|blaze|heal|nourish|vine,balanced,balanced,1,0,1,9,0,132
2,false,loadout,sword,quick,swift|strike|guard|cut|return|unity,fire,sustain,seed|spark|blaze|heal|nourish|vine,balanced,balanced,1,1,1,8,0,47
2,false,loadout,sword,quick,swift|strike|guard|cut|return|unity,fire,sustain,seed|spark|blaze|heal|nourish|vine,balanced,balanced,2,0,1,8,0,48
2,false,loadout,sword,quick,swift|strike|guard|cut|return|unity,fire,sustain,seed|spark|blaze|heal|nourish|vine,balanced,balanced,2,1,1,8,0,78
2,false,loadout,sword,quick,swift|strike|guard|cut|lunge|unity,fire,sustain,seed|spark|blaze|heal|nourish|vine,balanced,balanced,0,0,1,6,0,107
2,false,loadout,sword,quick,swift|strike|guard|cut|lunge|unity,fire,sustain,seed|spark|blaze|heal|nourish|vine,balanced,balanced,0,1,1,8,0,60
2,false,loadout,sword,quick,swift|strike|guard|cut|lunge|unity,fire,sustain,seed|spark|blaze|heal|nourish|vine,balanced,balanced,1,0,1,9,0,132
2,false,loadout,sword,quick,swift|strike|guard|cut|lunge|unity,fire,sustain,seed|spark|blaze|heal|nourish|vine,balanced,balanced,1,1,1,8,0,47
2,false,loadout,sword,quick,swift|strike|guard|cut|lunge|unity,fire,sustain,seed|spark|blaze|heal|nourish|vine,balanced,balanced,2,0,1,8,0,48
2,false,loadout,sword,quick,swift|strike|guard|cut|lunge|unity,fire,sustain,seed|spark|blaze|heal|nourish|vine,balanced,balanced,2,1,1,8,0,78
2,false,loadout,sword,quick,swift|strike|guard|cut|lunge|return,fire,sustain,seed|spark|blaze|heal|nourish|vine,balanced,balanced,0,0,1,11,0,162
2,false,loadout,sword,quick,swift|strike|guard|cut|lunge|return,fire,sustain,seed|spark|blaze|heal|nourish|vine,balanced,balanced,0,1,1,8,0,60
2,false,loadout,sword,quick,swift|strike|guard|cut|lunge|return,fire,sustain,seed|spark|blaze|heal|nourish|vine,balanced,balanced,1,0,1,10,0,86
2,false,loadout,sword,quick,swift|strike|guard|cut|lunge|return,fire,sustain,seed|spark|blaze|heal|nourish|vine,balanced,balanced,1,1,1,8,0,47
2,false,loadout,sword,quick,swift|strike|guard|cut|lunge|return,fire,sustain,seed|spark|blaze|heal|nourish|vine,balanced,balanced,2,0,1,11,0,120
2,false,loadout,sword,quick,swift|strike|guard|cut|lunge|return,fire,sustain,seed|spark|blaze|heal|nourish|vine,balanced,balanced,2,1,1,8,0,78
2,false,loadout,sword,quick,swift|expose|cut|lunge|return|unity,fire,sustain,seed|spark|blaze|heal|nourish|vine,balanced,balanced,0,0,1,5,0,101
2,false,loadout,sword,quick,swift|expose|cut|lunge|return|unity,fire,sustain,seed|spark|blaze|heal|nourish|vine,balanced,balanced,0,1,1,7,0,64
2,false,loadout,sword,quick,swift|expose|cut|lunge|return|unity,fire,sustain,seed|spark|blaze|heal|nourish|vine,balanced,balanced,1,0,1,5,0,77
2,false,loadout,sword,quick,swift|expose|cut|lunge|return|unity,fire,sustain,seed|spark|blaze|heal|nourish|vine,balanced,balanced,1,1,1,7,0,148
2,false,loadout,sword,quick,swift|expose|cut|lunge|return|unity,fire,sustain,seed|spark|blaze|heal|nourish|vine,balanced,balanced,2,0,1,5,0,76
2,false,loadout,sword,quick,swift|expose|cut|lunge|return|unity,fire,sustain,seed|spark|blaze|heal|nourish|vine,balanced,balanced,2,1,1,7,0,148
2,false,loadout,sword,quick,swift|expose|guard|lunge|return|unity,fire,sustain,seed|spark|blaze|heal|nourish|vine,balanced,balanced,0,0,1,5,0,101
2,false,loadout,sword,quick,swift|expose|guard|lunge|return|unity,fire,sustain,seed|spark|blaze|heal|nourish|vine,balanced,balanced,0,1,1,7,0,64
2,false,loadout,sword,quick,swift|expose|guard|lunge|return|unity,fire,sustain,seed|spark|blaze|heal|nourish|vine,balanced,balanced,1,0,1,6,0,50
2,false,loadout,sword,quick,swift|expose|guard|lunge|return|unity,fire,sustain,seed|spark|blaze|heal|nourish|vine,balanced,balanced,1,1,1,7,0,148
2,false,loadout,sword,quick,swift|expose|guard|lunge|return|unity,fire,sustain,seed|spark|blaze|heal|nourish|vine,balanced,balanced,2,0,1,7,0,165
2,false,loadout,sword,quick,swift|expose|guard|lunge|return|unity,fire,sustain,seed|spark|blaze|heal|nourish|vine,balanced,balanced,2,1,1,7,0,148
2,false,loadout,sword,quick,swift|expose|guard|cut|return|unity,fire,sustain,seed|spark|blaze|heal|nourish|vine,balanced,balanced,0,0,1,5,0,115
2,false,loadout,sword,quick,swift|expose|guard|cut|return|unity,fire,sustain,seed|spark|blaze|heal|nourish|vine,balanced,balanced,0,1,1,7,0,148
2,false,loadout,sword,quick,swift|expose|guard|cut|return|unity,fire,sustain,seed|spark|blaze|heal|nourish|vine,balanced,balanced,1,0,1,6,0,50
2,false,loadout,sword,quick,swift|expose|guard|cut|return|unity,fire,sustain,seed|spark|blaze|heal|nourish|vine,balanced,balanced,1,1,1,7,0,148
2,false,loadout,sword,quick,swift|expose|guard|cut|return|unity,fire,sustain,seed|spark|blaze|heal|nourish|vine,balanced,balanced,2,0,1,7,0,179
2,false,loadout,sword,quick,swift|expose|guard|cut|return|unity,fire,sustain,seed|spark|blaze|heal|nourish|vine,balanced,balanced,2,1,1,7,0,148
2,false,loadout,sword,quick,swift|expose|guard|cut|lunge|unity,fire,sustain,seed|spark|blaze|heal|nourish|vine,balanced,balanced,0,0,1,5,0,101
2,false,loadout,sword,quick,swift|expose|guard|cut|lunge|unity,fire,sustain,seed|spark|blaze|heal|nourish|vine,balanced,balanced,0,1,1,7,0,64
2,false,loadout,sword,quick,swift|expose|guard|cut|lunge|unity,fire,sustain,seed|spark|blaze|heal|nourish|vine,balanced,balanced,1,0,1,6,0,58
2,false,loadout,sword,quick,swift|expose|guard|cut|lunge|unity,fire,sustain,seed|spark|blaze|heal|nourish|vine,balanced,balanced,1,1,1,7,0,148
2,false,loadout,sword,quick,swift|expose|guard|cut|lunge|unity,fire,sustain,seed|spark|blaze|heal|nourish|vine,balanced,balanced,2,0,1,7,0,165
2,false,loadout,sword,quick,swift|expose|guard|cut|lunge|unity,fire,sustain,seed|spark|blaze|heal|nourish|vine,balanced,balanced,2,1,1,7,0,148
2,false,loadout,sword,quick,swift|expose|guard|cut|lunge|return,fire,sustain,seed|spark|blaze|heal|nourish|vine,balanced,balanced,0,0,1,11,0,170
2,false,loadout,sword,quick,swift|expose|guard|cut|lunge|return,fire,sustain,seed|spark|blaze|heal|nourish|vine,balanced,balanced,0,1,1,7,0,64
2,false,loadout,sword,quick,swift|expose|guard|cut|lunge|return,fire,sustain,seed|spark|blaze|heal|nourish|vine,balanced,balanced,1,0,1,12,0,171
2,false,loadout,sword,quick,swift|expose|guard|cut|lunge|return,fire,sustain,seed|spark|blaze|heal|nourish|vine,balanced,balanced,1,1,1,7,0,148
2,false,loadout,sword,quick,swift|expose|guard|cut|lunge|return,fire,sustain,seed|spark|blaze|heal|nourish|vine,balanced,balanced,2,0,1,12,0,198
2,false,loadout,sword,quick,swift|expose|guard|cut|lunge|return,fire,sustain,seed|spark|blaze|heal|nourish|vine,balanced,balanced,2,1,1,7,0,148
2,false,loadout,sword,quick,swift|expose|strike|lunge|return|unity,fire,sustain,seed|spark|blaze|heal|nourish|vine,balanced,balanced,0,0,1,5,0,101
2,false,loadout,sword,quick,swift|expose|strike|lunge|return|unity,fire,sustain,seed|spark|blaze|heal|nourish|vine,balanced,balanced,0,1,1,8,0,25
2,false,loadout,sword,quick,swift|expose|strike|lunge|return|unity,fire,sustain,seed|spark|blaze|heal|nourish|vine,balanced,balanced,1,0,1,5,0,22
2,false,loadout,sword,quick,swift|expose|strike|lunge|return|unity,fire,sustain,seed|spark|blaze|heal|nourish|vine,balanced,balanced,1,1,1,9,0,70
2,false,loadout,sword,quick,swift|expose|strike|lunge|return|unity,fire,sustain,seed|spark|blaze|heal|nourish|vine,balanced,balanced,2,0,0,5,26,0
2,false,loadout,sword,quick,swift|expose|strike|lunge|return|unity,fire,sustain,seed|spark|blaze|heal|nourish|vine,balanced,balanced,2,1,1,8,0,71
2,false,loadout,sword,quick,swift|expose|strike|cut|return|unity,fire,sustain,seed|spark|blaze|heal|nourish|vine,balanced,balanced,0,0,0,5,26,0
2,false,loadout,sword,quick,swift|expose|strike|cut|return|unity,fire,sustain,seed|spark|blaze|heal|nourish|vine,balanced,balanced,0,1,1,8,0,12
2,false,loadout,sword,quick,swift|expose|strike|cut|return|unity,fire,sustain,seed|spark|blaze|heal|nourish|vine,balanced,balanced,1,0,1,5,0,22
2,false,loadout,sword,quick,swift|expose|strike|cut|return|unity,fire,sustain,seed|spark|blaze|heal|nourish|vine,balanced,balanced,1,1,1,9,0,70
2,false,loadout,sword,quick,swift|expose|strike|cut|return|unity,fire,sustain,seed|spark|blaze|heal|nourish|vine,balanced,balanced,2,0,0,5,26,0
2,false,loadout,sword,quick,swift|expose|strike|cut|return|unity,fire,sustain,seed|spark|blaze|heal|nourish|vine,balanced,balanced,2,1,1,8,0,71
2,false,loadout,sword,quick,swift|expose|strike|cut|lunge|unity,fire,sustain,seed|spark|blaze|heal|nourish|vine,balanced,balanced,0,0,1,5,0,101
2,false,loadout,sword,quick,swift|expose|strike|cut|lunge|unity,fire,sustain,seed|spark|blaze|heal|nourish|vine,balanced,balanced,0,1,1,8,0,25
2,false,loadout,sword,quick,swift|expose|strike|cut|lunge|unity,fire,sustain,seed|spark|blaze|heal|nourish|vine,balanced,balanced,1,0,1,5,0,22
2,false,loadout,sword,quick,swift|expose|strike|cut|lunge|unity,fire,sustain,seed|spark|blaze|heal|nourish|vine,balanced,balanced,1,1,1,9,0,70
2,false,loadout,sword,quick,swift|expose|strike|cut|lunge|unity,fire,sustain,seed|spark|blaze|heal|nourish|vine,balanced,balanced,2,0,0,5,26,0
2,false,loadout,sword,quick,swift|expose|strike|cut|lunge|unity,fire,sustain,seed|spark|blaze|heal|nourish|vine,balanced,balanced,2,1,1,8,0,71
2,false,loadout,sword,quick,swift|expose|strike|cut|lunge|return,fire,sustain,seed|spark|blaze|heal|nourish|vine,balanced,balanced,0,0,0,5,42,0
2,false,loadout,sword,quick,swift|expose|strike|cut|lunge|return,fire,sustain,seed|spark|blaze|heal|nourish|vine,balanced,balanced,0,1,1,8,0,25
2,false,loadout,sword,quick,swift|expose|strike|cut|lunge|return,fire,sustain,seed|spark|blaze|heal|nourish|vine,balanced,balanced,1,0,1,6,0,52
2,false,loadout,sword,quick,swift|expose|strike|cut|lunge|return,fire,sustain,seed|spark|blaze|heal|nourish|vine,balanced,balanced,1,1,1,9,0,70
2,false,loadout,sword,quick,swift|expose|strike|cut|lunge|return,fire,sustain,seed|spark|blaze|heal|nourish|vine,balanced,balanced,2,0,0,5,26,0
2,false,loadout,sword,quick,swift|expose|strike|cut|lunge|return,fire,sustain,seed|spark|blaze|heal|nourish|vine,balanced,balanced,2,1,1,8,0,71
2,false,loadout,sword,quick,swift|expose|strike|guard|return|unity,fire,sustain,seed|spark|blaze|heal|nourish|vine,balanced,balanced,0,0,0,5,26,0
2,false,loadout,sword,quick,swift|expose|strike|guard|return|unity,fire,sustain,seed|spark|blaze|heal|nourish|vine,balanced,balanced,0,1,1,8,0,12
2,false,loadout,sword,quick,swift|expose|strike|guard|return|unity,fire,sustain,seed|spark|blaze|heal|nourish|vine,balanced,balanced,1,0,1,7,0,168
2,false,loadout,sword,quick,swift|expose|strike|guard|return|unity,fire,sustain,seed|spark|blaze|heal|nourish|vine,balanced,balanced,1,1,1,9,0,70
2,false,loadout,sword,quick,swift|expose|strike|guard|return|unity,fire,sustain,seed|spark|blaze|heal|nourish|vine,balanced,balanced,2,0,1,7,0,114
2,false,loadout,sword,quick,swift|expose|strike|guard|return|unity,fire,sustain,seed|spark|blaze|heal|nourish|vine,balanced,balanced,2,1,1,8,0,71
2,false,loadout,sword,quick,swift|expose|strike|guard|lunge|unity,fire,sustain,seed|spark|blaze|heal|nourish|vine,balanced,balanced,0,0,1,5,0,101
2,false,loadout,sword,quick,swift|expose|strike|guard|lunge|unity,fire,sustain,seed|spark|blaze|heal|nourish|vine,balanced,balanced,0,1,1,8,0,25
2,false,loadout,sword,quick,swift|expose|strike|guard|lunge|unity,fire,sustain,seed|spark|blaze|heal|nourish|vine,balanced,balanced,1,0,1,7,0,168
2,false,loadout,sword,quick,swift|expose|strike|guard|lunge|unity,fire,sustain,seed|spark|blaze|heal|nourish|vine,balanced,balanced,1,1,1,9,0,70
2,false,loadout,sword,quick,swift|expose|strike|guard|lunge|unity,fire,sustain,seed|spark|blaze|heal|nourish|vine,balanced,balanced,2,0,1,7,0,114
2,false,loadout,sword,quick,swift|expose|strike|guard|lunge|unity,fire,sustain,seed|spark|blaze|heal|nourish|vine,balanced,balanced,2,1,1,8,0,71
2,false,loadout,sword,quick,swift|expose|strike|guard|lunge|return,fire,sustain,seed|spark|blaze|heal|nourish|vine,balanced,balanced,0,0,1,10,0,146
2,false,loadout,sword,quick,swift|expose|strike|guard|lunge|return,fire,sustain,seed|spark|blaze|heal|nourish|vine,balanced,balanced,0,1,1,8,0,25
2,false,loadout,sword,quick,swift|expose|strike|guard|lunge|return,fire,sustain,seed|spark|blaze|heal|nourish|vine,balanced,balanced,1,0,1,12,0,150
2,false,loadout,sword,quick,swift|expose|strike|guard|lunge|return,fire,sustain,seed|spark|blaze|heal|nourish|vine,balanced,balanced,1,1,1,9,0,70
2,false,loadout,sword,quick,swift|expose|strike|guard|lunge|return,fire,sustain,seed|spark|blaze|heal|nourish|vine,balanced,balanced,2,0,1,7,0,87
2,false,loadout,sword,quick,swift|expose|strike|guard|lunge|return,fire,sustain,seed|spark|blaze|heal|nourish|vine,balanced,balanced,2,1,1,8,0,71
2,false,loadout,sword,quick,swift|expose|strike|guard|cut|unity,fire,sustain,seed|spark|blaze|heal|nourish|vine,balanced,balanced,0,0,0,5,26,0
2,false,loadout,sword,quick,swift|expose|strike|guard|cut|unity,fire,sustain,seed|spark|blaze|heal|nourish|vine,balanced,balanced,0,1,1,8,0,12
2,false,loadout,sword,quick,swift|expose|strike|guard|cut|unity,fire,sustain,seed|spark|blaze|heal|nourish|vine,balanced,balanced,1,0,1,7,0,168
2,false,loadout,sword,quick,swift|expose|strike|guard|cut|unity,fire,sustain,seed|spark|blaze|heal|nourish|vine,balanced,balanced,1,1,1,9,0,70
2,false,loadout,sword,quick,swift|expose|strike|guard|cut|unity,fire,sustain,seed|spark|blaze|heal|nourish|vine,balanced,balanced,2,0,1,7,0,114
2,false,loadout,sword,quick,swift|expose|strike|guard|cut|unity,fire,sustain,seed|spark|blaze|heal|nourish|vine,balanced,balanced,2,1,1,8,0,71
2,false,loadout,sword,quick,swift|expose|strike|guard|cut|return,fire,sustain,seed|spark|blaze|heal|nourish|vine,balanced,balanced,0,0,0,5,26,0
2,false,loadout,sword,quick,swift|expose|strike|guard|cut|return,fire,sustain,seed|spark|blaze|heal|nourish|vine,balanced,balanced,0,1,1,8,0,12
2,false,loadout,sword,quick,swift|expose|strike|guard|cut|return,fire,sustain,seed|spark|blaze|heal|nourish|vine,balanced,balanced,1,0,1,12,0,150
2,false,loadout,sword,quick,swift|expose|strike|guard|cut|return,fire,sustain,seed|spark|blaze|heal|nourish|vine,balanced,balanced,1,1,1,9,0,70
2,false,loadout,sword,quick,swift|expose|strike|guard|cut|return,fire,sustain,seed|spark|blaze|heal|nourish|vine,balanced,balanced,2,0,1,7,0,87
2,false,loadout,sword,quick,swift|expose|strike|guard|cut|return,fire,sustain,seed|spark|blaze|heal|nourish|vine,balanced,balanced,2,1,1,8,0,71
2,false,loadout,sword,quick,swift|expose|strike|guard|cut|lunge,fire,sustain,seed|spark|blaze|heal|nourish|vine,balanced,balanced,0,0,1,10,0,146
2,false,loadout,sword,quick,swift|expose|strike|guard|cut|lunge,fire,sustain,seed|spark|blaze|heal|nourish|vine,balanced,balanced,0,1,1,8,0,25
2,false,loadout,sword,quick,swift|expose|strike|guard|cut|lunge,fire,sustain,seed|spark|blaze|heal|nourish|vine,balanced,balanced,1,0,1,12,0,150
2,false,loadout,sword,quick,swift|expose|strike|guard|cut|lunge,fire,sustain,seed|spark|blaze|heal|nourish|vine,balanced,balanced,1,1,1,9,0,70
2,false,loadout,sword,quick,swift|expose|strike|guard|cut|lunge,fire,sustain,seed|spark|blaze|heal|nourish|vine,balanced,balanced,2,0,1,7,0,87
2,false,loadout,sword,quick,swift|expose|strike|guard|cut|lunge,fire,sustain,seed|spark|blaze|heal|nourish|vine,balanced,balanced,2,1,1,8,0,71
2,false,loadout,sword,heavy,strike|guard|cut|lunge|return|unity,fire,sustain,seed|spark|blaze|heal|nourish|vine,balanced,balanced,0,0,1,13,0,149
2,false,loadout,sword,heavy,strike|guard|cut|lunge|return|unity,fire,sustain,seed|spark|blaze|heal|nourish|vine,balanced,balanced,0,1,1,7,0,48
2,false,loadout,sword,heavy,strike|guard|cut|lunge|return|unity,fire,sustain,seed|spark|blaze|heal|nourish|vine,balanced,balanced,1,0,1,13,0,176
2,false,loadout,sword,heavy,strike|guard|cut|lunge|return|unity,fire,sustain,seed|spark|blaze|heal|nourish|vine,balanced,balanced,1,1,1,11,0,58
2,false,loadout,sword,heavy,strike|guard|cut|lunge|return|unity,fire,sustain,seed|spark|blaze|heal|nourish|vine,balanced,balanced,2,0,1,12,0,136
2,false,loadout,sword,heavy,strike|guard|cut|lunge|return|unity,fire,sustain,seed|spark|blaze|heal|nourish|vine,balanced,balanced,2,1,1,10,0,38
2,false,loadout,sword,heavy,expose|guard|cut|lunge|return|unity,fire,sustain,seed|spark|blaze|heal|nourish|vine,balanced,balanced,0,0,1,10,0,100
2,false,loadout,sword,heavy,expose|guard|cut|lunge|return|unity,fire,sustain,seed|spark|blaze|heal|nourish|vine,balanced,balanced,0,1,1,6,0,210
2,false,loadout,sword,heavy,expose|guard|cut|lunge|return|unity,fire,sustain,seed|spark|blaze|heal|nourish|vine,balanced,balanced,1,0,1,11,0,171
2,false,loadout,sword,heavy,expose|guard|cut|lunge|return|unity,fire,sustain,seed|spark|blaze|heal|nourish|vine,balanced,balanced,1,1,1,8,0,210
2,false,loadout,sword,heavy,expose|guard|cut|lunge|return|unity,fire,sustain,seed|spark|blaze|heal|nourish|vine,balanced,balanced,2,0,1,11,0,132
2,false,loadout,sword,heavy,expose|guard|cut|lunge|return|unity,fire,sustain,seed|spark|blaze|heal|nourish|vine,balanced,balanced,2,1,1,9,0,210
2,false,loadout,sword,heavy,expose|strike|cut|lunge|return|unity,fire,sustain,seed|spark|blaze|heal|nourish|vine,balanced,balanced,0,0,1,7,0,26
2,false,loadout,sword,heavy,expose|strike|cut|lunge|return|unity,fire,sustain,seed|spark|blaze|heal|nourish|vine,balanced,balanced,0,1,1,8,0,26
2,false,loadout,sword,heavy,expose|strike|cut|lunge|return|unity,fire,sustain,seed|spark|blaze|heal|nourish|vine,balanced,balanced,1,0,1,5,0,94
2,false,loadout,sword,heavy,expose|strike|cut|lunge|return|unity,fire,sustain,seed|spark|blaze|heal|nourish|vine,balanced,balanced,1,1,1,9,0,8
2,false,loadout,sword,heavy,expose|strike|cut|lunge|return|unity,fire,sustain,seed|spark|blaze|heal|nourish|vine,balanced,balanced,2,0,1,5,0,71
2,false,loadout,sword,heavy,expose|strike|cut|lunge|return|unity,fire,sustain,seed|spark|blaze|heal|nourish|vine,balanced,balanced,2,1,1,7,0,118
2,false,loadout,sword,heavy,expose|strike|guard|lunge|return|unity,fire,sustain,seed|spark|blaze|heal|nourish|vine,balanced,balanced,0,0,1,10,0,125
2,false,loadout,sword,heavy,expose|strike|guard|lunge|return|unity,fire,sustain,seed|spark|blaze|heal|nourish|vine,balanced,balanced,0,1,1,8,0,26
2,false,loadout,sword,heavy,expose|strike|guard|lunge|return|unity,fire,sustain,seed|spark|blaze|heal|nourish|vine,balanced,balanced,1,0,1,11,0,153
2,false,loadout,sword,heavy,expose|strike|guard|lunge|return|unity,fire,sustain,seed|spark|blaze|heal|nourish|vine,balanced,balanced,1,1,0,8,34,0
2,false,loadout,sword,heavy,expose|strike|guard|lunge|return|unity,fire,sustain,seed|spark|blaze|heal|nourish|vine,balanced,balanced,2,0,1,11,0,133
2,false,loadout,sword,heavy,expose|strike|guard|lunge|return|unity,fire,sustain,seed|spark|blaze|heal|nourish|vine,balanced,balanced,2,1,1,6,0,195
2,false,loadout,sword,heavy,expose|strike|guard|cut|return|unity,fire,sustain,seed|spark|blaze|heal|nourish|vine,balanced,balanced,0,0,1,10,0,125
2,false,loadout,sword,heavy,expose|strike|guard|cut|return|unity,fire,sustain,seed|spark|blaze|heal|nourish|vine,balanced,balanced,0,1,1,8,0,26
2,false,loadout,sword,heavy,expose|strike|guard|cut|return|unity,fire,sustain,seed|spark|blaze|heal|nourish|vine,balanced,balanced,1,0,1,11,0,153
2,false,loadout,sword,heavy,expose|strike|guard|cut|return|unity,fire,sustain,seed|spark|blaze|heal|nourish|vine,balanced,balanced,1,1,0,8,34,0
2,false,loadout,sword,heavy,expose|strike|guard|cut|return|unity,fire,sustain,seed|spark|blaze|heal|nourish|vine,balanced,balanced,2,0,1,11,0,133
2,false,loadout,sword,heavy,expose|strike|guard|cut|return|unity,fire,sustain,seed|spark|blaze|heal|nourish|vine,balanced,balanced,2,1,1,6,0,195
2,false,loadout,sword,heavy,expose|strike|guard|cut|lunge|unity,fire,sustain,seed|spark|blaze|heal|nourish|vine,balanced,balanced,0,0,1,10,0,125
2,false,loadout,sword,heavy,expose|strike|guard|cut|lunge|unity,fire,sustain,seed|spark|blaze|heal|nourish|vine,balanced,balanced,0,1,1,8,0,26
2,false,loadout,sword,heavy,expose|strike|guard|cut|lunge|unity,fire,sustain,seed|spark|blaze|heal|nourish|vine,balanced,balanced,1,0,1,11,0,153
2,false,loadout,sword,heavy,expose|strike|guard|cut|lunge|unity,fire,sustain,seed|spark|blaze|heal|nourish|vine,balanced,balanced,1,1,0,8,34,0
2,false,loadout,sword,heavy,expose|strike|guard|cut|lunge|unity,fire,sustain,seed|spark|blaze|heal|nourish|vine,balanced,balanced,2,0,1,11,0,133
2,false,loadout,sword,heavy,expose|strike|guard|cut|lunge|unity,fire,sustain,seed|spark|blaze|heal|nourish|vine,balanced,balanced,2,1,1,6,0,195
2,false,loadout,sword,heavy,expose|strike|guard|cut|lunge|return,fire,sustain,seed|spark|blaze|heal|nourish|vine,balanced,balanced,0,0,1,12,0,190
2,false,loadout,sword,heavy,expose|strike|guard|cut|lunge|return,fire,sustain,seed|spark|blaze|heal|nourish|vine,balanced,balanced,0,1,1,8,0,26
2,false,loadout,sword,heavy,expose|strike|guard|cut|lunge|return,fire,sustain,seed|spark|blaze|heal|nourish|vine,balanced,balanced,1,0,1,11,0,151
2,false,loadout,sword,heavy,expose|strike|guard|cut|lunge|return,fire,sustain,seed|spark|blaze|heal|nourish|vine,balanced,balanced,1,1,1,16,0,159
2,false,loadout,sword,heavy,expose|strike|guard|cut|lunge|return,fire,sustain,seed|spark|blaze|heal|nourish|vine,balanced,balanced,2,0,1,11,0,161
2,false,loadout,sword,heavy,expose|strike|guard|cut|lunge|return,fire,sustain,seed|spark|blaze|heal|nourish|vine,balanced,balanced,2,1,1,8,0,59
2,false,loadout,sword,heavy,swift|guard|cut|lunge|return|unity,fire,sustain,seed|spark|blaze|heal|nourish|vine,balanced,balanced,0,0,1,9,0,210
2,false,loadout,sword,heavy,swift|guard|cut|lunge|return|unity,fire,sustain,seed|spark|blaze|heal|nourish|vine,balanced,balanced,0,1,1,7,0,78
2,false,loadout,sword,heavy,swift|guard|cut|lunge|return|unity,fire,sustain,seed|spark|blaze|heal|nourish|vine,balanced,balanced,1,0,1,10,0,168
2,false,loadout,sword,heavy,swift|guard|cut|lunge|return|unity,fire,sustain,seed|spark|blaze|heal|nourish|vine,balanced,balanced,1,1,1,7,0,148
2,false,loadout,sword,heavy,swift|guard|cut|lunge|return|unity,fire,sustain,seed|spark|blaze|heal|nourish|vine,balanced,balanced,2,0,1,9,0,168
2,false,loadout,sword,heavy,swift|guard|cut|lunge|return|unity,fire,sustain,seed|spark|blaze|heal|nourish|vine,balanced,balanced,2,1,1,7,0,148
2,false,loadout,sword,heavy,swift|strike|cut|lunge|return|unity,fire,sustain,seed|spark|blaze|heal|nourish|vine,balanced,balanced,0,0,0,6,12,0
2,false,loadout,sword,heavy,swift|strike|cut|lunge|return|unity,fire,sustain,seed|spark|blaze|heal|nourish|vine,balanced,balanced,0,1,1,10,0,4
2,false,loadout,sword,heavy,swift|strike|cut|lunge|return|unity,fire,sustain,seed|spark|blaze|heal|nourish|vine,balanced,balanced,1,0,1,6,0,16
2,false,loadout,sword,heavy,swift|strike|cut|lunge|return|unity,fire,sustain,seed|spark|blaze|heal|nourish|vine,balanced,balanced,1,1,1,10,0,50
2,false,loadout,sword,heavy,swift|strike|cut|lunge|return|unity,fire,sustain,seed|spark|blaze|heal|nourish|vine,balanced,balanced,2,0,1,6,0,5
2,false,loadout,sword,heavy,swift|strike|cut|lunge|return|unity,fire,sustain,seed|spark|blaze|heal|nourish|vine,balanced,balanced,2,1,1,10,0,50
2,false,loadout,sword,heavy,swift|strike|guard|lunge|return|unity,fire,sustain,seed|spark|blaze|heal|nourish|vine,balanced,balanced,0,0,1,7,0,71
2,false,loadout,sword,heavy,swift|strike|guard|lunge|return|unity,fire,sustain,seed|spark|blaze|heal|nourish|vine,balanced,balanced,0,1,1,7,0,78
2,false,loadout,sword,heavy,swift|strike|guard|lunge|return|unity,fire,sustain,seed|spark|blaze|heal|nourish|vine,balanced,balanced,1,0,1,10,0,157
2,false,loadout,sword,heavy,swift|strike|guard|lunge|return|unity,fire,sustain,seed|spark|blaze|heal|nourish|vine,balanced,balanced,1,1,1,10,0,50
2,false,loadout,sword,heavy,swift|strike|guard|lunge|return|unity,fire,sustain,seed|spark|blaze|heal|nourish|vine,balanced,balanced,2,0,1,7,0,106
2,false,loadout,sword,heavy,swift|strike|guard|lunge|return|unity,fire,sustain,seed|spark|blaze|heal|nourish|vine,balanced,balanced,2,1,1,10,0,50
2,false,loadout,sword,heavy,swift|strike|guard|cut|return|unity,fire,sustain,seed|spark|blaze|heal|nourish|vine,balanced,balanced,0,0,1,7,0,72
2,false,loadout,sword,heavy,swift|strike|guard|cut|return|unity,fire,sustain,seed|spark|blaze|heal|nourish|vine,balanced,balanced,0,1,1,7,0,78
2,false,loadout,sword,heavy,swift|strike|guard|cut|return|unity,fire,sustain,seed|spark|blaze|heal|nourish|vine,balanced,balanced,1,0,1,10,0,157
2,false,loadout,sword,heavy,swift|strike|guard|cut|return|unity,fire,sustain,seed|spark|blaze|heal|nourish|vine,balanced,balanced,1,1,1,10,0,50
2,false,loadout,sword,heavy,swift|strike|guard|cut|return|unity,fire,sustain,seed|spark|blaze|heal|nourish|vine,balanced,balanced,2,0,1,7,0,106
2,false,loadout,sword,heavy,swift|strike|guard|cut|return|unity,fire,sustain,seed|spark|blaze|heal|nourish|vine,balanced,balanced,2,1,1,10,0,50
2,false,loadout,sword,heavy,swift|strike|guard|cut|lunge|unity,fire,sustain,seed|spark|blaze|heal|nourish|vine,balanced,balanced,0,0,1,7,0,71
2,false,loadout,sword,heavy,swift|strike|guard|cut|lunge|unity,fire,sustain,seed|spark|blaze|heal|nourish|vine,balanced,balanced,0,1,1,7,0,78
2,false,loadout,sword,heavy,swift|strike|guard|cut|lunge|unity,fire,sustain,seed|spark|blaze|heal|nourish|vine,balanced,balanced,1,0,1,10,0,157
2,false,loadout,sword,heavy,swift|strike|guard|cut|lunge|unity,fire,sustain,seed|spark|blaze|heal|nourish|vine,balanced,balanced,1,1,1,10,0,50
2,false,loadout,sword,heavy,swift|strike|guard|cut|lunge|unity,fire,sustain,seed|spark|blaze|heal|nourish|vine,balanced,balanced,2,0,1,7,0,106
2,false,loadout,sword,heavy,swift|strike|guard|cut|lunge|unity,fire,sustain,seed|spark|blaze|heal|nourish|vine,balanced,balanced,2,1,1,10,0,50
2,false,loadout,sword,heavy,swift|strike|guard|cut|lunge|return,fire,sustain,seed|spark|blaze|heal|nourish|vine,balanced,balanced,0,0,1,11,0,150
2,false,loadout,sword,heavy,swift|strike|guard|cut|lunge|return,fire,sustain,seed|spark|blaze|heal|nourish|vine,balanced,balanced,0,1,1,7,0,78
2,false,loadout,sword,heavy,swift|strike|guard|cut|lunge|return,fire,sustain,seed|spark|blaze|heal|nourish|vine,balanced,balanced,1,0,1,11,0,76
2,false,loadout,sword,heavy,swift|strike|guard|cut|lunge|return,fire,sustain,seed|spark|blaze|heal|nourish|vine,balanced,balanced,1,1,1,10,0,50
2,false,loadout,sword,heavy,swift|strike|guard|cut|lunge|return,fire,sustain,seed|spark|blaze|heal|nourish|vine,balanced,balanced,2,0,1,10,0,114
2,false,loadout,sword,heavy,swift|strike|guard|cut|lunge|return,fire,sustain,seed|spark|blaze|heal|nourish|vine,balanced,balanced,2,1,1,10,0,50
2,false,loadout,sword,heavy,swift|expose|cut|lunge|return|unity,fire,sustain,seed|spark|blaze|heal|nourish|vine,balanced,balanced,0,0,0,5,20,0
2,false,loadout,sword,heavy,swift|expose|cut|lunge|return|unity,fire,sustain,seed|spark|blaze|heal|nourish|vine,balanced,balanced,0,1,1,7,0,78
2,false,loadout,sword,heavy,swift|expose|cut|lunge|return|unity,fire,sustain,seed|spark|blaze|heal|nourish|vine,balanced,balanced,1,0,1,5,0,77
2,false,loadout,sword,heavy,swift|expose|cut|lunge|return|unity,fire,sustain,seed|spark|blaze|heal|nourish|vine,balanced,balanced,1,1,1,7,0,148
2,false,loadout,sword,heavy,swift|expose|cut|lunge|return|unity,fire,sustain,seed|spark|blaze|heal|nourish|vine,balanced,balanced,2,0,1,6,0,4
2,false,loadout,sword,heavy,swift|expose|cut|lunge|return|unity,fire,sustain,seed|spark|blaze|heal|nourish|vine,balanced,balanced,2,1,1,7,0,148
2,false,loadout,sword,heavy,swift|expose|guard|lunge|return|unity,fire,sustain,seed|spark|blaze|heal|nourish|vine,balanced,balanced,0,0,1,11,0,141
2,false,loadout,sword,heavy,swift|expose|guard|lunge|return|unity,fire,sustain,seed|spark|blaze|heal|nourish|vine,balanced,balanced,0,1,1,7,0,78
2,false,loadout,sword,heavy,swift|expose|guard|lunge|return|unity,fire,sustain,seed|spark|blaze|heal|nourish|vine,balanced,balanced,1,0,1,10,0,139
2,false,loadout,sword,heavy,swift|expose|guard|lunge|return|unity,fire,sustain,seed|spark|blaze|heal|nourish|vine,balanced,balanced,1,1,1,7,0,148
2,false,loadout,sword,heavy,swift|expose|guard|lunge|return|unity,fire,sustain,seed|spark|blaze|heal|nourish|vine,balanced,balanced,2,0,1,8,0,203
2,false,loadout,sword,heavy,swift|expose|guard|lunge|return|unity,fire,sustain,seed|spark|blaze|heal|nourish|vine,balanced,balanced,2,1,1,7,0,148
2,false,loadout,sword,heavy,swift|expose|guard|cut|return|unity,fire,sustain,seed|spark|blaze|heal|nourish|vine,balanced,balanced,0,0,1,7,0,185
2,false,loadout,sword,heavy,swift|expose|guard|cut|return|unity,fire,sustain,seed|spark|blaze|heal|nourish|vine,balanced,balanced,0,1,1,7,0,148
2,false,loadout,sword,heavy,swift|expose|guard|cut|return|unity,fire,sustain,seed|spark|blaze|heal|nourish|vine,balanced,balanced,1,0,1,10,0,139
2,false,loadout,sword,heavy,swift|expose|guard|cut|return|unity,fire,sustain,seed|spark|blaze|heal|nourish|vine,balanced,balanced,1,1,1,7,0,148
2,false,loadout,sword,heavy,swift|expose|guard|cut|return|unity,fire,sustain,seed|spark|blaze|heal|nourish|vine,balanced,balanced,2,0,1,8,0,203
2,false,loadout,sword,heavy,swift|expose|guard|cut|return|unity,fire,sustain,seed|spark|blaze|heal|nourish|vine,balanced,balanced,2,1,1,7,0,148
2,false,loadout,sword,heavy,swift|expose|guard|cut|lunge|unity,fire,sustain,seed|spark|blaze|heal|nourish|vine,balanced,balanced,0,0,1,10,0,202
2,false,loadout,sword,heavy,swift|expose|guard|cut|lunge|unity,fire,sustain,seed|spark|blaze|heal|nourish|vine,balanced,balanced,0,1,1,7,0,78
2,false,loadout,sword,heavy,swift|expose|guard|cut|lunge|unity,fire,sustain,seed|spark|blaze|heal|nourish|vine,balanced,balanced,1,0,1,9,0,201
2,false,loadout,sword,heavy,swift|expose|guard|cut|lunge|unity,fire,sustain,seed|spark|blaze|heal|nourish|vine,balanced,balanced,1,1,1,7,0,148
2,false,loadout,sword,heavy,swift|expose|guard|cut|lunge|unity,fire,sustain,seed|spark|blaze|heal|nourish|vine,balanced,balanced,2,0,1,9,0,179
2,false,loadout,sword,heavy,swift|expose|guard|cut|lunge|unity,fire,sustain,seed|spark|blaze|heal|nourish|vine,balanced,balanced,2,1,1,7,0,148
2,false,loadout,sword,heavy,swift|expose|guard|cut|lunge|return,fire,sustain,seed|spark|blaze|heal|nourish|vine,balanced,balanced,0,0,1,13,0,151
2,false,loadout,sword,heavy,swift|expose|guard|cut|lunge|return,fire,sustain,seed|spark|blaze|heal|nourish|vine,balanced,balanced,0,1,1,7,0,78
2,false,loadout,sword,heavy,swift|expose|guard|cut|lunge|return,fire,sustain,seed|spark|blaze|heal|nourish|vine,balanced,balanced,1,0,1,14,0,151
2,false,loadout,sword,heavy,swift|expose|guard|cut|lunge|return,fire,sustain,seed|spark|blaze|heal|nourish|vine,balanced,balanced,1,1,1,7,0,148
2,false,loadout,sword,heavy,swift|expose|guard|cut|lunge|return,fire,sustain,seed|spark|blaze|heal|nourish|vine,balanced,balanced,2,0,1,13,0,151
2,false,loadout,sword,heavy,swift|expose|guard|cut|lunge|return,fire,sustain,seed|spark|blaze|heal|nourish|vine,balanced,balanced,2,1,1,7,0,148
2,false,loadout,sword,heavy,swift|expose|strike|lunge|return|unity,fire,sustain,seed|spark|blaze|heal|nourish|vine,balanced,balanced,0,0,0,5,20,0
2,false,loadout,sword,heavy,swift|expose|strike|lunge|return|unity,fire,sustain,seed|spark|blaze|heal|nourish|vine,balanced,balanced,0,1,1,8,0,52
2,false,loadout,sword,heavy,swift|expose|strike|lunge|return|unity,fire,sustain,seed|spark|blaze|heal|nourish|vine,balanced,balanced,1,0,1,6,0,29
2,false,loadout,sword,heavy,swift|expose|strike|lunge|return|unity,fire,sustain,seed|spark|blaze|heal|nourish|vine,balanced,balanced,1,1,1,7,0,59
2,false,loadout,sword,heavy,swift|expose|strike|lunge|return|unity,fire,sustain,seed|spark|blaze|heal|nourish|vine,balanced,balanced,2,0,1,5,0,23
2,false,loadout,sword,heavy,swift|expose|strike|lunge|return|unity,fire,sustain,seed|spark|blaze|heal|nourish|vine,balanced,balanced,2,1,1,9,0,105
2,false,loadout,sword,heavy,swift|expose|strike|cut|return|unity,fire,sustain,seed|spark|blaze|heal|nourish|vine,balanced,balanced,0,0,0,5,26,0
2,false,loadout,sword,heavy,swift|expose|strike|cut|return|unity,fire,sustain,seed|spark|blaze|heal|nourish|vine,balanced,balanced,0,1,1,8,0,52
2,false,loadout,sword,heavy,swift|expose|strike|cut|return|unity,fire,sustain,seed|spark|blaze|heal|nourish|vine,balanced,balanced,1,0,1,6,0,29
2,false,loadout,sword,heavy,swift|expose|strike|cut|return|unity,fire,sustain,seed|spark|blaze|heal|nourish|vine,balanced,balanced,1,1,1,7,0,59
2,false,loadout,sword,heavy,swift|expose|strike|cut|return|unity,fire,sustain,seed|spark|blaze|heal|nourish|vine,balanced,balanced,2,0,1,5,0,23
2,false,loadout,sword,heavy,swift|expose|strike|cut|return|unity,fire,sustain,seed|spark|blaze|heal|nourish|vine,balanced,balanced,2,1,1,9,0,105
2,false,loadout,sword,heavy,swift|expose|strike|cut|lunge|unity,fire,sustain,seed|spark|blaze|heal|nourish|vine,balanced,balanced,0,0,0,5,20,0
2,false,loadout,sword,heavy,swift|expose|strike|cut|lunge|unity,fire,sustain,seed|spark|blaze|heal|nourish|vine,balanced,balanced,0,1,1,8,0,52
2,false,loadout,sword,heavy,swift|expose|strike|cut|lunge|unity,fire,sustain,seed|spark|blaze|heal|nourish|vine,balanced,balanced,1,0,1,6,0,24
2,false,loadout,sword,heavy,swift|expose|strike|cut|lunge|unity,fire,sustain,seed|spark|blaze|heal|nourish|vine,balanced,balanced,1,1,1,7,0,59
2,false,loadout,sword,heavy,swift|expose|strike|cut|lunge|unity,fire,sustain,seed|spark|blaze|heal|nourish|vine,balanced,balanced,2,0,1,5,0,23
2,false,loadout,sword,heavy,swift|expose|strike|cut|lunge|unity,fire,sustain,seed|spark|blaze|heal|nourish|vine,balanced,balanced,2,1,1,9,0,105
2,false,loadout,sword,heavy,swift|expose|strike|cut|lunge|return,fire,sustain,seed|spark|blaze|heal|nourish|vine,balanced,balanced,0,0,1,6,0,20
2,false,loadout,sword,heavy,swift|expose|strike|cut|lunge|return,fire,sustain,seed|spark|blaze|heal|nourish|vine,balanced,balanced,0,1,1,8,0,17
2,false,loadout,sword,heavy,swift|expose|strike|cut|lunge|return,fire,sustain,seed|spark|blaze|heal|nourish|vine,balanced,balanced,1,0,1,6,0,43
2,false,loadout,sword,heavy,swift|expose|strike|cut|lunge|return,fire,sustain,seed|spark|blaze|heal|nourish|vine,balanced,balanced,1,1,1,7,0,73
2,false,loadout,sword,heavy,swift|expose|strike|cut|lunge|return,fire,sustain,seed|spark|blaze|heal|nourish|vine,balanced,balanced,2,0,1,5,0,23
2,false,loadout,sword,heavy,swift|expose|strike|cut|lunge|return,fire,sustain,seed|spark|blaze|heal|nourish|vine,balanced,balanced,2,1,1,9,0,105
2,false,loadout,sword,heavy,swift|expose|strike|guard|return|unity,fire,sustain,seed|spark|blaze|heal|nourish|vine,balanced,balanced,0,0,0,5,57,0
2,false,loadout,sword,heavy,swift|expose|strike|guard|return|unity,fire,sustain,seed|spark|blaze|heal|nourish|vine,balanced,balanced,0,1,1,8,0,52
2,false,loadout,sword,heavy,swift|expose|strike|guard|return|unity,fire,sustain,seed|spark|blaze|heal|nourish|vine,balanced,balanced,1,0,1,6,0,46
2,false,loadout,sword,heavy,swift|expose|strike|guard|return|unity,fire,sustain,seed|spark|blaze|heal|nourish|vine,balanced,balanced,1,1,1,7,0,59
2,false,loadout,sword,heavy,swift|expose|strike|guard|return|unity,fire,sustain,seed|spark|blaze|heal|nourish|vine,balanced,balanced,2,0,0,6,16,0
2,false,loadout,sword,heavy,swift|expose|strike|guard|return|unity,fire,sustain,seed|spark|blaze|heal|nourish|vine,balanced,balanced,2,1,1,9,0,105
2,false,loadout,sword,heavy,swift|expose|strike|guard|lunge|unity,fire,sustain,seed|spark|blaze|heal|nourish|vine,balanced,balanced,0,0,0,5,57,0
2,false,loadout,sword,heavy,swift|expose|strike|guard|lunge|unity,fire,sustain,seed|spark|blaze|heal|nourish|vine,balanced,balanced,0,1,1,8,0,52
2,false,loadout,sword,heavy,swift|expose|strike|guard|lunge|unity,fire,sustain,seed|spark|blaze|heal|nourish|vine,balanced,balanced,1,0,1,6,0,46
2,false,loadout,sword,heavy,swift|expose|strike|guard|lunge|unity,fire,sustain,seed|spark|blaze|heal|nourish|vine,balanced,balanced,1,1,1,7,0,59
2,false,loadout,sword,heavy,swift|expose|strike|guard|lunge|unity,fire,sustain,seed|spark|blaze|heal|nourish|vine,balanced,balanced,2,0,0,6,16,0
2,false,loadout,sword,heavy,swift|expose|strike|guard|lunge|unity,fire,sustain,seed|spark|blaze|heal|nourish|vine,balanced,balanced,2,1,1,9,0,105
2,false,loadout,sword,heavy,swift|expose|strike|guard|lunge|return,fire,sustain,seed|spark|blaze|heal|nourish|vine,balanced,balanced,0,0,0,5,57,0
2,false,loadout,sword,heavy,swift|expose|strike|guard|lunge|return,fire,sustain,seed|spark|blaze|heal|nourish|vine,balanced,balanced,0,1,1,8,0,17
2,false,loadout,sword,heavy,swift|expose|strike|guard|lunge|return,fire,sustain,seed|spark|blaze|heal|nourish|vine,balanced,balanced,1,0,1,11,0,62
2,false,loadout,sword,heavy,swift|expose|strike|guard|lunge|return,fire,sustain,seed|spark|blaze|heal|nourish|vine,balanced,balanced,1,1,1,7,0,73
2,false,loadout,sword,heavy,swift|expose|strike|guard|lunge|return,fire,sustain,seed|spark|blaze|heal|nourish|vine,balanced,balanced,2,0,1,12,0,108
2,false,loadout,sword,heavy,swift|expose|strike|guard|lunge|return,fire,sustain,seed|spark|blaze|heal|nourish|vine,balanced,balanced,2,1,1,9,0,105
2,false,loadout,sword,heavy,swift|expose|strike|guard|cut|unity,fire,sustain,seed|spark|blaze|heal|nourish|vine,balanced,balanced,0,0,0,5,57,0
2,false,loadout,sword,heavy,swift|expose|strike|guard|cut|unity,fire,sustain,seed|spark|blaze|heal|nourish|vine,balanced,balanced,0,1,1,8,0,52
2,false,loadout,sword,heavy,swift|expose|strike|guard|cut|unity,fire,sustain,seed|spark|blaze|heal|nourish|vine,balanced,balanced,1,0,1,6,0,46
2,false,loadout,sword,heavy,swift|expose|strike|guard|cut|unity,fire,sustain,seed|spark|blaze|heal|nourish|vine,balanced,balanced,1,1,1,7,0,59
2,false,loadout,sword,heavy,swift|expose|strike|guard|cut|unity,fire,sustain,seed|spark|blaze|heal|nourish|vine,balanced,balanced,2,0,0,6,16,0
2,false,loadout,sword,heavy,swift|expose|strike|guard|cut|unity,fire,sustain,seed|spark|blaze|heal|nourish|vine,balanced,balanced,2,1,1,9,0,105
2,false,loadout,sword,heavy,swift|expose|strike|guard|cut|return,fire,sustain,seed|spark|blaze|heal|nourish|vine,balanced,balanced,0,0,0,5,57,0
2,false,loadout,sword,heavy,swift|expose|strike|guard|cut|return,fire,sustain,seed|spark|blaze|heal|nourish|vine,balanced,balanced,0,1,1,8,0,17
2,false,loadout,sword,heavy,swift|expose|strike|guard|cut|return,fire,sustain,seed|spark|blaze|heal|nourish|vine,balanced,balanced,1,0,1,11,0,62
2,false,loadout,sword,heavy,swift|expose|strike|guard|cut|return,fire,sustain,seed|spark|blaze|heal|nourish|vine,balanced,balanced,1,1,1,7,0,73
2,false,loadout,sword,heavy,swift|expose|strike|guard|cut|return,fire,sustain,seed|spark|blaze|heal|nourish|vine,balanced,balanced,2,0,1,12,0,108
2,false,loadout,sword,heavy,swift|expose|strike|guard|cut|return,fire,sustain,seed|spark|blaze|heal|nourish|vine,balanced,balanced,2,1,1,9,0,105
2,false,loadout,sword,heavy,swift|expose|strike|guard|cut|lunge,fire,sustain,seed|spark|blaze|heal|nourish|vine,balanced,balanced,0,0,0,5,57,0
2,false,loadout,sword,heavy,swift|expose|strike|guard|cut|lunge,fire,sustain,seed|spark|blaze|heal|nourish|vine,balanced,balanced,0,1,1,8,0,17
2,false,loadout,sword,heavy,swift|expose|strike|guard|cut|lunge,fire,sustain,seed|spark|blaze|heal|nourish|vine,balanced,balanced,1,0,1,11,0,62
2,false,loadout,sword,heavy,swift|expose|strike|guard|cut|lunge,fire,sustain,seed|spark|blaze|heal|nourish|vine,balanced,balanced,1,1,1,7,0,73
2,false,loadout,sword,heavy,swift|expose|strike|guard|cut|lunge,fire,sustain,seed|spark|blaze|heal|nourish|vine,balanced,balanced,2,0,1,12,0,108
2,false,loadout,sword,heavy,swift|expose|strike|guard|cut|lunge,fire,sustain,seed|spark|blaze|heal|nourish|vine,balanced,balanced,2,1,1,9,0,105
