group,a_class,a_major,a_skills,b_class,b_major,b_skills,a_style,b_style,start_distance,first,winner,rounds,a_hp,b_hp
core,fire,ignite,seed|spark|blaze|heal|vine|inferno,sword,quick,swift|expose|strike|guard|cut|unity,balanced,balanced,0,0,0,5,61,0
core,fire,ignite,seed|spark|blaze|heal|vine|inferno,sword,quick,swift|expose|strike|guard|cut|unity,balanced,balanced,0,1,1,4,0,15
core,fire,ignite,seed|spark|blaze|heal|vine|inferno,sword,quick,swift|expose|strike|guard|cut|unity,balanced,balanced,1,0,0,7,1,0
core,fire,ignite,seed|spark|blaze|heal|vine|inferno,sword,quick,swift|expose|strike|guard|cut|unity,balanced,balanced,1,1,0,8,177,0
core,fire,ignite,seed|spark|blaze|heal|vine|inferno,sword,quick,swift|expose|strike|guard|cut|unity,balanced,balanced,2,0,0,5,109,0
core,fire,ignite,seed|spark|blaze|heal|vine|inferno,sword,quick,swift|expose|strike|guard|cut|unity,balanced,balanced,2,1,0,7,116,0
core,fire,ignite,seed|spark|blaze|heal|vine|inferno,sword,quick,swift|expose|strike|guard|cut|unity,balanced,aggressive,0,0,0,6,10,0
core,fire,ignite,seed|spark|blaze|heal|vine|inferno,sword,quick,swift|expose|strike|guard|cut|unity,balanced,aggressive,0,1,1,3,0,56
core,fire,ignite,seed|spark|blaze|heal|vine|inferno,sword,quick,swift|expose|strike|guard|cut|unity,balanced,aggressive,1,0,0,6,15,0
core,fire,ignite,seed|spark|blaze|heal|vine|inferno,sword,quick,swift|expose|strike|guard|cut|unity,balanced,aggressive,1,1,1,3,0,56
core,fire,ignite,seed|spark|blaze|heal|vine|inferno,sword,quick,swift|expose|strike|guard|cut|unity,balanced,aggressive,2,0,0,5,78,0
core,fire,ignite,seed|spark|blaze|heal|vine|inferno,sword,quick,swift|expose|strike|guard|cut|unity,balanced,aggressive,2,1,1,3,0,56
core,fire,ignite,seed|spark|blaze|heal|vine|inferno,sword,quick,swift|expose|strike|guard|cut|unity,balanced,defensive,0,0,0,5,61,0
core,fire,ignite,seed|spark|blaze|heal|vine|inferno,sword,quick,swift|expose|strike|guard|cut|unity,balanced,defensive,0,1,0,14,77,0
core,fire,ignite,seed|spark|blaze|heal|vine|inferno,sword,quick,swift|expose|strike|guard|cut|unity,balanced,defensive,1,0,0,8,186,0
core,fire,ignite,seed|spark|blaze|heal|vine|inferno,sword,quick,swift|expose|strike|guard|cut|unity,balanced,defensive,1,1,0,9,210,0
core,fire,ignite,seed|spark|blaze|heal|vine|inferno,sword,quick,swift|expose|strike|guard|cut|unity,balanced,defensive,2,0,0,8,210,0
core,fire,ignite,seed|spark|blaze|heal|vine|inferno,sword,quick,swift|expose|strike|guard|cut|unity,balanced,defensive,2,1,0,9,108,0
core,fire,ignite,seed|spark|blaze|heal|vine|inferno,sword,quick,swift|expose|strike|guard|cut|unity,balanced,burst,0,0,0,5,87,0
core,fire,ignite,seed|spark|blaze|heal|vine|inferno,sword,quick,swift|expose|strike|guard|cut|unity,balanced,burst,0,1,0,4,79,0
core,fire,ignite,seed|spark|blaze|heal|vine|inferno,sword,quick,swift|expose|strike|guard|cut|unity,balanced,burst,1,0,0,5,151,0
core,fire,ignite,seed|spark|blaze|heal|vine|inferno,sword,quick,swift|expose|strike|guard|cut|unity,balanced,burst,1,1,1,5,0,59
core,fire,ignite,seed|spark|blaze|heal|vine|inferno,sword,quick,swift|expose|strike|guard|cut|unity,balanced,burst,2,0,0,5,108,0
core,fire,ignite,seed|spark|blaze|heal|vine|inferno,sword,quick,swift|expose|strike|guard|cut|unity,balanced,burst,2,1,0,4,103,0
core,fire,ignite,seed|spark|blaze|heal|vine|inferno,sword,quick,swift|expose|strike|guard|cut|unity,aggressive,balanced,0,0,1,3,0,39
core,fire,ignite,seed|spark|blaze|heal|vine|inferno,sword,quick,swift|expose|strike|guard|cut|unity,aggressive,balanced,0,1,1,4,0,14
core,fire,ignite,seed|spark|blaze|heal|vine|inferno,sword,quick,swift|expose|strike|guard|cut|unity,aggressive,balanced,1,0,1,3,0,39
core,fire,ignite,seed|spark|blaze|heal|vine|inferno,sword,quick,swift|expose|strike|guard|cut|unity,aggressive,balanced,1,1,1,4,0,62
core,fire,ignite,seed|spark|blaze|heal|vine|inferno,sword,quick,swift|expose|strike|guard|cut|unity,aggressive,balanced,2,0,0,4,30,0
core,fire,ignite,seed|spark|blaze|heal|vine|inferno,sword,quick,swift|expose|strike|guard|cut|unity,aggressive,balanced,2,1,0,4,8,0
core,fire,ignite,seed|spark|blaze|heal|vine|inferno,sword,quick,swift|expose|strike|guard|cut|unity,aggressive,aggressive,0,0,1,3,0,15
core,fire,ignite,seed|spark|blaze|heal|vine|inferno,sword,quick,swift|expose|strike|guard|cut|unity,aggressive,aggressive,0,1,1,4,0,55
core,fire,ignite,seed|spark|blaze|heal|vine|inferno,sword,quick,swift|expose|strike|guard|cut|unity,aggressive,aggressive,1,0,1,3,0,68
core,fire,ignite,seed|spark|blaze|heal|vine|inferno,sword,quick,swift|expose|strike|guard|cut|unity,aggressive,aggressive,1,1,1,3,0,75
core,fire,ignite,seed|spark|blaze|heal|vine|inferno,sword,quick,swift|expose|strike|guard|cut|unity,aggressive,aggressive,2,0,1,3,0,68
core,fire,ignite,seed|spark|blaze|heal|vine|inferno,sword,quick,swift|expose|strike|guard|cut|unity,aggressive,aggressive,2,1,0,4,7,0
core,fire,ignite,seed|spark|blaze|heal|vine|inferno,sword,quick,swift|expose|strike|guard|cut|unity,aggressive,defensive,0,0,1,3,0,39
core,fire,ignite,seed|spark|blaze|heal|vine|inferno,sword,quick,swift|expose|strike|guard|cut|unity,aggressive,defensive,0,1,0,9,160,0
core,fire,ignite,seed|spark|blaze|heal|vine|inferno,sword,quick,swift|expose|strike|guard|cut|unity,aggressive,defensive,1,0,1,3,0,39
core,fire,ignite,seed|spark|blaze|heal|vine|inferno,sword,quick,swift|expose|strike|guard|cut|unity,aggressive,defensive,1,1,0,9,160,0
core,fire,ignite,seed|spark|blaze|heal|vine|inferno,sword,quick,swift|expose|strike|guard|cut|unity,aggressive,defensive,2,0,0,5,91,0
core,fire,ignite,seed|spark|blaze|heal|vine|inferno,sword,quick,swift|expose|strike|guard|cut|unity,aggressive,defensive,2,1,0,9,129,0
core,fire,ignite,seed|spark|blaze|heal|vine|inferno,sword,quick,swift|expose|strike|guard|cut|unity,aggressive,burst,0,0,1,3,0,39
core,fire,ignite,seed|spark|blaze|heal|vine|inferno,sword,quick,swift|expose|strike|guard|cut|unity,aggressive,burst,0,1,1,3,0,85
core,fire,ignite,seed|spark|blaze|heal|vine|inferno,sword,quick,swift|expose|strike|guard|cut|unity,aggressive,burst,1,0,1,3,0,39
core,fire,ignite,seed|spark|blaze|heal|vine|inferno,sword,quick,swift|expose|strike|guard|cut|unity,aggressive,burst,1,1,1,3,0,75
core,fire,ignite,seed|spark|blaze|heal|vine|inferno,sword,quick,swift|expose|strike|guard|cut|unity,aggressive,burst,2,0,0,5,2,0
core,fire,ignite,seed|spark|blaze|heal|vine|inferno,sword,quick,swift|expose|strike|guard|cut|unity,aggressive,burst,2,1,0,4,73,0
core,fire,ignite,seed|spark|blaze|heal|vine|inferno,sword,quick,swift|expose|strike|guard|cut|unity,defensive,balanced,0,0,0,8,83,0
core,fire,ignite,seed|spark|blaze|heal|vine|inferno,sword,quick,swift|expose|strike|guard|cut|unity,defensive,balanced,0,1,1,4,0,15
core,fire,ignite,seed|spark|blaze|heal|vine|inferno,sword,quick,swift|expose|strike|guard|cut|unity,defensive,balanced,1,0,0,8,82,0
core,fire,ignite,seed|spark|blaze|heal|vine|inferno,sword,quick,swift|expose|strike|guard|cut|unity,defensive,balanced,1,1,0,6,4,0
core,fire,ignite,seed|spark|blaze|heal|vine|inferno,sword,quick,swift|expose|strike|guard|cut|unity,defensive,balanced,2,0,0,6,204,0
core,fire,ignite,seed|spark|blaze|heal|vine|inferno,sword,quick,swift|expose|strike|guard|cut|unity,defensive,balanced,2,1,0,6,152,0
core,fire,ignite,seed|spark|blaze|heal|vine|inferno,sword,quick,swift|expose|strike|guard|cut|unity,defensive,aggressive,0,0,1,5,0,56
core,fire,ignite,seed|spark|blaze|heal|vine|inferno,sword,quick,swift|expose|strike|guard|cut|unity,defensive,aggressive,0,1,1,3,0,56
core,fire,ignite,seed|spark|blaze|heal|vine|inferno,sword,quick,swift|expose|strike|guard|cut|unity,defensive,aggressive,1,0,1,4,0,64
core,fire,ignite,seed|spark|blaze|heal|vine|inferno,sword,quick,swift|expose|strike|guard|cut|unity,defensive,aggressive,1,1,1,3,0,56
core,fire,ignite,seed|spark|blaze|heal|vine|inferno,sword,quick,swift|expose|strike|guard|cut|unity,defensive,aggressive,2,0,0,5,67,0
core,fire,ignite,seed|spark|blaze|heal|vine|inferno,sword,quick,swift|expose|strike|guard|cut|unity,defensive,aggressive,2,1,1,3,0,56
core,fire,ignite,seed|spark|blaze|heal|vine|inferno,sword,quick,swift|expose|strike|guard|cut|unity,defensive,defensive,0,0,0,18,169,0
core,fire,ignite,seed|spark|blaze|heal|vine|inferno,sword,quick,swift|expose|strike|guard|cut|unity,defensive,defensive,0,1,0,12,135,0
core,fire,ignite,seed|spark|blaze|heal|vine|inferno,sword,quick,swift|expose|strike|guard|cut|unity,defensive,defensive,1,0,0,9,210,0
core,fire,ignite,seed|spark|blaze|heal|vine|inferno,sword,quick,swift|expose|strike|guard|cut|unity,defensive,defensive,1,1,0,11,199,0
core,fire,ignite,seed|spark|blaze|heal|vine|inferno,sword,quick,swift|expose|strike|guard|cut|unity,defensive,defensive,2,0,0,8,210,0
core,fire,ignite,seed|spark|blaze|heal|vine|inferno,sword,quick,swift|expose|strike|guard|cut|unity,defensive,defensive,2,1,0,11,133,0
core,fire,ignite,seed|spark|blaze|heal|vine|inferno,sword,quick,swift|expose|strike|guard|cut|unity,defensive,burst,0,0,0,7,140,0
core,fire,ignite,seed|spark|blaze|heal|vine|inferno,sword,quick,swift|expose|strike|guard|cut|unity,defensive,burst,0,1,0,5,12,0
core,fire,ignite,seed|spark|blaze|heal|vine|inferno,sword,quick,swift|expose|strike|guard|cut|unity,defensive,burst,1,0,0,5,177,0
core,fire,ignite,seed|spark|blaze|heal|vine|inferno,sword,quick,swift|expose|strike|guard|cut|unity,defensive,burst,1,1,0,5,68,0
core,fire,ignite,seed|spark|blaze|heal|vine|inferno,sword,quick,swift|expose|strike|guard|cut|unity,defensive,burst,2,0,0,6,90,0
core,fire,ignite,seed|spark|blaze|heal|vine|inferno,sword,quick,swift|expose|strike|guard|cut|unity,defensive,burst,2,1,0,6,87,0
core,fire,ignite,seed|spark|blaze|heal|vine|inferno,sword,quick,swift|expose|strike|guard|cut|unity,burst,balanced,0,0,1,5,0,148
core,fire,ignite,seed|spark|blaze|heal|vine|inferno,sword,quick,swift|expose|strike|guard|cut|unity,burst,balanced,0,1,1,4,0,68
core,fire,ignite,seed|spark|blaze|heal|vine|inferno,sword,quick,swift|expose|strike|guard|cut|unity,burst,balanced,1,0,0,6,69,0
core,fire,ignite,seed|spark|blaze|heal|vine|inferno,sword,quick,swift|expose|strike|guard|cut|unity,burst,balanced,1,1,1,6,0,63
core,fire,ignite,seed|spark|blaze|heal|vine|inferno,sword,quick,swift|expose|strike|guard|cut|unity,burst,balanced,2,0,1,4,0,164
core,fire,ignite,seed|spark|blaze|heal|vine|inferno,sword,quick,swift|expose|strike|guard|cut|unity,burst,balanced,2,1,1,5,0,90
core,fire,ignite,seed|spark|blaze|heal|vine|inferno,sword,quick,swift|expose|strike|guard|cut|unity,burst,aggressive,0,0,0,4,68,0
core,fire,ignite,seed|spark|blaze|heal|vine|inferno,sword,quick,swift|expose|strike|guard|cut|unity,burst,aggressive,0,1,1,3,0,56
core,fire,ignite,seed|spark|blaze|heal|vine|inferno,sword,quick,swift|expose|strike|guard|cut|unity,burst,aggressive,1,0,0,7,10,0
core,fire,ignite,seed|spark|blaze|heal|vine|inferno,sword,quick,swift|expose|strike|guard|cut|unity,burst,aggressive,1,1,1,3,0,56
core,fire,ignite,seed|spark|blaze|heal|vine|inferno,sword,quick,swift|expose|strike|guard|cut|unity,burst,aggressive,2,0,1,5,0,35
core,fire,ignite,seed|spark|blaze|heal|vine|inferno,sword,quick,swift|expose|strike|guard|cut|unity,burst,aggressive,2,1,1,3,0,56
core,fire,ignite,seed|spark|blaze|heal|vine|inferno,sword,quick,swift|expose|strike|guard|cut|unity,burst,defensive,0,0,1,5,0,148
core,fire,ignite,seed|spark|blaze|heal|vine|inferno,sword,quick,swift|expose|strike|guard|cut|unity,burst,defensive,0,1,1,6,0,196
core,fire,ignite,seed|spark|blaze|heal|vine|inferno,sword,quick,swift|expose|strike|guard|cut|unity,burst,defensive,1,0,0,8,47,0
core,fire,ignite,seed|spark|blaze|heal|vine|inferno,sword,quick,swift|expose|strike|guard|cut|unity,burst,defensive,1,1,1,7,0,120
core,fire,ignite,seed|spark|blaze|heal|vine|inferno,sword,quick,swift|expose|strike|guard|cut|unity,burst,defensive,2,0,1,4,0,176
core,fire,ignite,seed|spark|blaze|heal|vine|inferno,sword,quick,swift|expose|strike|guard|cut|unity,burst,defensive,2,1,0,9,108,0
core,fire,ignite,seed|spark|blaze|heal|vine|inferno,sword,quick,swift|expose|strike|guard|cut|unity,burst,burst,0,0,1,4,0,95
core,fire,ignite,seed|spark|blaze|heal|vine|inferno,sword,quick,swift|expose|strike|guard|cut|unity,burst,burst,0,1,0,4,79,0
core,fire,ignite,seed|spark|blaze|heal|vine|inferno,sword,quick,swift|expose|strike|guard|cut|unity,burst,burst,1,0,0,6,79,0
core,fire,ignite,seed|spark|blaze|heal|vine|inferno,sword,quick,swift|expose|strike|guard|cut|unity,burst,burst,1,1,1,5,0,59
core,fire,ignite,seed|spark|blaze|heal|vine|inferno,sword,quick,swift|expose|strike|guard|cut|unity,burst,burst,2,0,0,7,96,0
core,fire,ignite,seed|spark|blaze|heal|vine|inferno,sword,quick,swift|expose|strike|guard|cut|unity,burst,burst,2,1,0,4,103,0
core,fire,ignite,seed|spark|blaze|heal|vine|inferno,sword,heavy,swift|expose|strike|guard|return|unity,balanced,balanced,0,0,0,4,78,0
core,fire,ignite,seed|spark|blaze|heal|vine|inferno,sword,heavy,swift|expose|strike|guard|return|unity,balanced,balanced,0,1,0,4,7,0
core,fire,ignite,seed|spark|blaze|heal|vine|inferno,sword,heavy,swift|expose|strike|guard|return|unity,balanced,balanced,1,0,0,8,96,0
core,fire,ignite,seed|spark|blaze|heal|vine|inferno,sword,heavy,swift|expose|strike|guard|return|unity,balanced,balanced,1,1,0,7,26,0
core,fire,ignite,seed|spark|blaze|heal|vine|inferno,sword,heavy,swift|expose|strike|guard|return|unity,balanced,balanced,2,0,0,7,65,0
core,fire,ignite,seed|spark|blaze|heal|vine|inferno,sword,heavy,swift|expose|strike|guard|return|unity,balanced,balanced,2,1,0,6,193,0
core,fire,ignite,seed|spark|blaze|heal|vine|inferno,sword,heavy,swift|expose|strike|guard|return|unity,balanced,aggressive,0,0,0,5,57,0
core,fire,ignite,seed|spark|blaze|heal|vine|inferno,sword,heavy,swift|expose|strike|guard|return|unity,balanced,aggressive,0,1,1,4,0,15
core,fire,ignite,seed|spark|blaze|heal|vine|inferno,sword,heavy,swift|expose|strike|guard|return|unity,balanced,aggressive,1,0,0,6,105,0
core,fire,ignite,seed|spark|blaze|heal|vine|inferno,sword,heavy,swift|expose|strike|guard|return|unity,balanced,aggressive,1,1,1,4,0,15
core,fire,ignite,seed|spark|blaze|heal|vine|inferno,sword,heavy,swift|expose|strike|guard|return|unity,balanced,aggressive,2,0,0,6,105,0
core,fire,ignite,seed|spark|blaze|heal|vine|inferno,sword,heavy,swift|expose|strike|guard|return|unity,balanced,aggressive,2,1,1,4,0,15
core,fire,ignite,seed|spark|blaze|heal|vine|inferno,sword,heavy,swift|expose|strike|guard|return|unity,balanced,defensive,0,0,0,6,131,0
core,fire,ignite,seed|spark|blaze|heal|vine|inferno,sword,heavy,swift|expose|strike|guard|return|unity,balanced,defensive,0,1,0,15,157,0
core,fire,ignite,seed|spark|blaze|heal|vine|inferno,sword,heavy,swift|expose|strike|guard|return|unity,balanced,defensive,1,0,0,8,186,0
core,fire,ignite,seed|spark|blaze|heal|vine|inferno,sword,heavy,swift|expose|strike|guard|return|unity,balanced,defensive,1,1,0,12,158,0
core,fire,ignite,seed|spark|blaze|heal|vine|inferno,sword,heavy,swift|expose|strike|guard|return|unity,balanced,defensive,2,0,0,8,210,0
core,fire,ignite,seed|spark|blaze|heal|vine|inferno,sword,heavy,swift|expose|strike|guard|return|unity,balanced,defensive,2,1,0,9,95,0
core,fire,ignite,seed|spark|blaze|heal|vine|inferno,sword,heavy,swift|expose|strike|guard|return|unity,balanced,burst,0,0,0,6,77,0
core,fire,ignite,seed|spark|blaze|heal|vine|inferno,sword,heavy,swift|expose|strike|guard|return|unity,balanced,burst,0,1,0,6,71,0
core,fire,ignite,seed|spark|blaze|heal|vine|inferno,sword,heavy,swift|expose|strike|guard|return|unity,balanced,burst,1,0,0,6,116,0
core,fire,ignite,seed|spark|blaze|heal|vine|inferno,sword,heavy,swift|expose|strike|guard|return|unity,balanced,burst,1,1,0,5,56,0
core,fire,ignite,seed|spark|blaze|heal|vine|inferno,sword,heavy,swift|expose|strike|guard|return|unity,balanced,burst,2,0,0,6,116,0
core,fire,ignite,seed|spark|blaze|heal|vine|inferno,sword,heavy,swift|expose|strike|guard|return|unity,balanced,burst,2,1,0,7,140,0
core,fire,ignite,seed|spark|blaze|heal|vine|inferno,sword,heavy,swift|expose|strike|guard|return|unity,aggressive,balanced,0,0,1,3,0,39
core,fire,ignite,seed|spark|blaze|heal|vine|inferno,sword,heavy,swift|expose|strike|guard|return|unity,aggressive,balanced,0,1,1,5,0,44
core,fire,ignite,seed|spark|blaze|heal|vine|inferno,sword,heavy,swift|expose|strike|guard|return|unity,aggressive,balanced,1,0,1,3,0,39
core,fire,ignite,seed|spark|blaze|heal|vine|inferno,sword,heavy,swift|expose|strike|guard|return|unity,aggressive,balanced,1,1,1,4,0,84
core,fire,ignite,seed|spark|blaze|heal|vine|inferno,sword,heavy,swift|expose|strike|guard|return|unity,aggressive,balanced,2,0,0,4,17,0
core,fire,ignite,seed|spark|blaze|heal|vine|inferno,sword,heavy,swift|expose|strike|guard|return|unity,aggressive,balanced,2,1,0,6,21,0
core,fire,ignite,seed|spark|blaze|heal|vine|inferno,sword,heavy,swift|expose|strike|guard|return|unity,aggressive,aggressive,0,0,1,3,0,15
core,fire,ignite,seed|spark|blaze|heal|vine|inferno,sword,heavy,swift|expose|strike|guard|return|unity,aggressive,aggressive,0,1,1,4,0,55
core,fire,ignite,seed|spark|blaze|heal|vine|inferno,sword,heavy,swift|expose|strike|guard|return|unity,aggressive,aggressive,1,0,0,4,36,0
core,fire,ignite,seed|spark|blaze|heal|vine|inferno,sword,heavy,swift|expose|strike|guard|return|unity,aggressive,aggressive,1,1,1,3,0,75
core,fire,ignite,seed|spark|blaze|heal|vine|inferno,sword,heavy,swift|expose|strike|guard|return|unity,aggressive,aggressive,2,0,0,4,46,0
core,fire,ignite,seed|spark|blaze|heal|vine|inferno,sword,heavy,swift|expose|strike|guard|return|unity,aggressive,aggressive,2,1,1,4,0,81
core,fire,ignite,seed|spark|blaze|heal|vine|inferno,sword,heavy,swift|expose|strike|guard|return|unity,aggressive,defensive,0,0,1,3,0,39
core,fire,ignite,seed|spark|blaze|heal|vine|inferno,sword,heavy,swift|expose|strike|guard|return|unity,aggressive,defensive,0,1,0,9,117,0
core,fire,ignite,seed|spark|blaze|heal|vine|inferno,sword,heavy,swift|expose|strike|guard|return|unity,aggressive,defensive,1,0,1,3,0,39
core,fire,ignite,seed|spark|blaze|heal|vine|inferno,sword,heavy,swift|expose|strike|guard|return|unity,aggressive,defensive,1,1,0,9,160,0
core,fire,ignite,seed|spark|blaze|heal|vine|inferno,sword,heavy,swift|expose|strike|guard|return|unity,aggressive,defensive,2,0,0,5,56,0
core,fire,ignite,seed|spark|blaze|heal|vine|inferno,sword,heavy,swift|expose|strike|guard|return|unity,aggressive,defensive,2,1,0,9,123,0
core,fire,ignite,seed|spark|blaze|heal|vine|inferno,sword,heavy,swift|expose|strike|guard|return|unity,aggressive,burst,0,0,1,3,0,39
core,fire,ignite,seed|spark|blaze|heal|vine|inferno,sword,heavy,swift|expose|strike|guard|return|unity,aggressive,burst,0,1,1,4,0,87
core,fire,ignite,seed|spark|blaze|heal|vine|inferno,sword,heavy,swift|expose|strike|guard|return|unity,aggressive,burst,1,0,1,3,0,39
core,fire,ignite,seed|spark|blaze|heal|vine|inferno,sword,heavy,swift|expose|strike|guard|return|unity,aggressive,burst,1,1,0,5,126,0
core,fire,ignite,seed|spark|blaze|heal|vine|inferno,sword,heavy,swift|expose|strike|guard|return|unity,aggressive,burst,2,0,0,4,108,0
core,fire,ignite,seed|spark|blaze|heal|vine|inferno,sword,heavy,swift|expose|strike|guard|return|unity,aggressive,burst,2,1,1,5,0,23
core,fire,ignite,seed|spark|blaze|heal|vine|inferno,sword,heavy,swift|expose|strike|guard|return|unity,defensive,balanced,0,0,1,8,0,66
core,fire,ignite,seed|spark|blaze|heal|vine|inferno,sword,heavy,swift|expose|strike|guard|return|unity,defensive,balanced,0,1,1,4,0,52
core,fire,ignite,seed|spark|blaze|heal|vine|inferno,sword,heavy,swift|expose|strike|guard|return|unity,defensive,balanced,1,0,0,8,136,0
core,fire,ignite,seed|spark|blaze|heal|vine|inferno,sword,heavy,swift|expose|strike|guard|return|unity,defensive,balanced,1,1,0,6,30,0
core,fire,ignite,seed|spark|blaze|heal|vine|inferno,sword,heavy,swift|expose|strike|guard|return|unity,defensive,balanced,2,0,0,7,93,0
core,fire,ignite,seed|spark|blaze|heal|vine|inferno,sword,heavy,swift|expose|strike|guard|return|unity,defensive,balanced,2,1,0,6,167,0
core,fire,ignite,seed|spark|blaze|heal|vine|inferno,sword,heavy,swift|expose|strike|guard|return|unity,defensive,aggressive,0,0,0,6,97,0
core,fire,ignite,seed|spark|blaze|heal|vine|inferno,sword,heavy,swift|expose|strike|guard|return|unity,defensive,aggressive,0,1,1,4,0,15
core,fire,ignite,seed|spark|blaze|heal|vine|inferno,sword,heavy,swift|expose|strike|guard|return|unity,defensive,aggressive,1,0,0,5,44,0
core,fire,ignite,seed|spark|blaze|heal|vine|inferno,sword,heavy,swift|expose|strike|guard|return|unity,defensive,aggressive,1,1,1,4,0,15
core,fire,ignite,seed|spark|blaze|heal|vine|inferno,sword,heavy,swift|expose|strike|guard|return|unity,defensive,aggressive,2,0,0,5,44,0
core,fire,ignite,seed|spark|blaze|heal|vine|inferno,sword,heavy,swift|expose|strike|guard|return|unity,defensive,aggressive,2,1,1,4,0,15
core,fire,ignite,seed|spark|blaze|heal|vine|inferno,sword,heavy,swift|expose|strike|guard|return|unity,defensive,defensive,0,0,0,18,159,0
core,fire,ignite,seed|spark|blaze|heal|vine|inferno,sword,heavy,swift|expose|strike|guard|return|unity,defensive,defensive,0,1,0,14,192,0
core,fire,ignite,seed|spark|blaze|heal|vine|inferno,sword,heavy,swift|expose|strike|guard|return|unity,defensive,defensive,1,0,0,9,210,0
core,fire,ignite,seed|spark|blaze|heal|vine|inferno,sword,heavy,swift|expose|strike|guard|return|unity,defensive,defensive,1,1,0,12,150,0
core,fire,ignite,seed|spark|blaze|heal|vine|inferno,sword,heavy,swift|expose|strike|guard|return|unity,defensive,defensive,2,0,0,8,210,0
core,fire,ignite,seed|spark|blaze|heal|vine|inferno,sword,heavy,swift|expose|strike|guard|return|unity,defensive,defensive,2,1,0,15,156,0
core,fire,ignite,seed|spark|blaze|heal|vine|inferno,sword,heavy,swift|expose|strike|guard|return|unity,defensive,burst,0,0,0,6,147,0
core,fire,ignite,seed|spark|blaze|heal|vine|inferno,sword,heavy,swift|expose|strike|guard|return|unity,defensive,burst,0,1,1,6,0,16
core,fire,ignite,seed|spark|blaze|heal|vine|inferno,sword,heavy,swift|expose|strike|guard|return|unity,defensive,burst,1,0,0,6,147,0
core,fire,ignite,seed|spark|blaze|heal|vine|inferno,sword,heavy,swift|expose|strike|guard|return|unity,defensive,burst,1,1,0,5,82,0
core,fire,ignite,seed|spark|blaze|heal|vine|inferno,sword,heavy,swift|expose|strike|guard|return|unity,defensive,burst,2,0,0,5,200,0
core,fire,ignite,seed|spark|blaze|heal|vine|inferno,sword,heavy,swift|expose|strike|guard|return|unity,defensive,burst,2,1,0,7,140,0
core,fire,ignite,seed|spark|blaze|heal|vine|inferno,sword,heavy,swift|expose|strike|guard|return|unity,burst,balanced,0,0,1,6,0,67
core,fire,ignite,seed|spark|blaze|heal|vine|inferno,sword,heavy,swift|expose|strike|guard|return|unity,burst,balanced,0,1,1,4,0,105
core,fire,ignite,seed|spark|blaze|heal|vine|inferno,sword,heavy,swift|expose|strike|guard|return|unity,burst,balanced,1,0,0,4,115,0
core,fire,ignite,seed|spark|blaze|heal|vine|inferno,sword,heavy,swift|expose|strike|guard|return|unity,burst,balanced,1,1,1,6,0,62
core,fire,ignite,seed|spark|blaze|heal|vine|inferno,sword,heavy,swift|expose|strike|guard|return|unity,burst,balanced,2,0,1,6,0,80
core,fire,ignite,seed|spark|blaze|heal|vine|inferno,sword,heavy,swift|expose|strike|guard|return|unity,burst,balanced,2,1,0,7,94,0
core,fire,ignite,seed|spark|blaze|heal|vine|inferno,sword,heavy,swift|expose|strike|guard|return|unity,burst,aggressive,0,0,0,4,74,0
core,fire,ignite,seed|spark|blaze|heal|vine|inferno,sword,heavy,swift|expose|strike|guard|return|unity,burst,aggressive,0,1,1,4,0,22
core,fire,ignite,seed|spark|blaze|heal|vine|inferno,sword,heavy,swift|expose|strike|guard|return|unity,burst,aggressive,1,0,1,6,0,38
core,fire,ignite,seed|spark|blaze|heal|vine|inferno,sword,heavy,swift|expose|strike|guard|return|unity,burst,aggressive,1,1,1,4,0,64
core,fire,ignite,seed|spark|blaze|heal|vine|inferno,sword,heavy,swift|expose|strike|guard|return|unity,burst,aggressive,2,0,0,4,84,0
core,fire,ignite,seed|spark|blaze|heal|vine|inferno,sword,heavy,swift|expose|strike|guard|return|unity,burst,aggressive,2,1,1,4,0,64
core,fire,ignite,seed|spark|blaze|heal|vine|inferno,sword,heavy,swift|expose|strike|guard|return|unity,burst,defensive,0,0,1,6,0,31
core,fire,ignite,seed|spark|blaze|heal|vine|inferno,sword,heavy,swift|expose|strike|guard|return|unity,burst,defensive,0,1,1,10,0,102
core,fire,ignite,seed|spark|blaze|heal|vine|inferno,sword,heavy,swift|expose|strike|guard|return|unity,burst,defensive,1,0,0,6,153,0
core,fire,ignite,seed|spark|blaze|heal|vine|inferno,sword,heavy,swift|expose|strike|guard|return|unity,burst,defensive,1,1,1,12,0,11
core,fire,ignite,seed|spark|blaze|heal|vine|inferno,sword,heavy,swift|expose|strike|guard|return|unity,burst,defensive,2,0,1,6,0,15
core,fire,ignite,seed|spark|blaze|heal|vine|inferno,sword,heavy,swift|expose|strike|guard|return|unity,burst,defensive,2,1,0,9,95,0
core,fire,ignite,seed|spark|blaze|heal|vine|inferno,sword,heavy,swift|expose|strike|guard|return|unity,burst,burst,0,0,0,5,118,0
core,fire,ignite,seed|spark|blaze|heal|vine|inferno,sword,heavy,swift|expose|strike|guard|return|unity,burst,burst,0,1,0,6,18,0
core,fire,ignite,seed|spark|blaze|heal|vine|inferno,sword,heavy,swift|expose|strike|guard|return|unity,burst,burst,1,0,0,6,36,0
core,fire,ignite,seed|spark|blaze|heal|vine|inferno,sword,heavy,swift|expose|strike|guard|return|unity,burst,burst,1,1,0,5,56,0
core,fire,ignite,seed|spark|blaze|heal|vine|inferno,sword,heavy,swift|expose|strike|guard|return|unity,burst,burst,2,0,0,5,76,0
core,fire,ignite,seed|spark|blaze|heal|vine|inferno,sword,heavy,swift|expose|strike|guard|return|unity,burst,burst,2,1,1,4,0,105
core,fire,sustain,seed|spark|blaze|heal|nourish|vine,sword,quick,swift|expose|strike|guard|cut|unity,balanced,balanced,0,0,0,8,32,0
core,fire,sustain,seed|spark|blaze|heal|nourish|vine,sword,quick,swift|expose|strike|guard|cut|unity,balanced,balanced,0,1,1,5,0,26
core,fire,sustain,seed|spark|blaze|heal|nourish|vine,sword,quick,swift|expose|strike|guard|cut|unity,balanced,balanced,1,0,0,9,98,0
core,fire,sustain,seed|spark|blaze|heal|nourish|vine,sword,quick,swift|expose|strike|guard|cut|unity,balanced,balanced,1,1,0,7,189,0
core,fire,sustain,seed|spark|blaze|heal|nourish|vine,sword,quick,swift|expose|strike|guard|cut|unity,balanced,balanced,2,0,0,8,95,0
core,fire,sustain,seed|spark|blaze|heal|nourish|vine,sword,quick,swift|expose|strike|guard|cut|unity,balanced,balanced,2,1,0,9,197,0
core,fire,sustain,seed|spark|blaze|heal|nourish|vine,sword,quick,swift|expose|strike|guard|cut|unity,balanced,aggressive,0,0,0,5,102,0
core,fire,sustain,seed|spark|blaze|heal|nourish|vine,sword,quick,swift|expose|strike|guard|cut|unity,balanced,aggressive,0,1,1,4,0,28
core,fire,sustain,seed|spark|blaze|heal|nourish|vine,sword,quick,swift|expose|strike|guard|cut|unity,balanced,aggressive,1,0,0,6,91,0
core,fire,sustain,seed|spark|blaze|heal|nourish|vine,sword,quick,swift|expose|strike|guard|cut|unity,balanced,aggressive,1,1,1,4,0,28
core,fire,sustain,seed|spark|blaze|heal|nourish|vine,sword,quick,swift|expose|strike|guard|cut|unity,balanced,aggressive,2,0,0,5,89,0
core,fire,sustain,seed|spark|blaze|heal|nourish|vine,sword,quick,swift|expose|strike|guard|cut|unity,balanced,aggressive,2,1,1,4,0,28
core,fire,sustain,seed|spark|blaze|heal|nourish|vine,sword,quick,swift|expose|strike|guard|cut|unity,balanced,defensive,0,0,0,18,195,0
core,fire,sustain,seed|spark|blaze|heal|nourish|vine,sword,quick,swift|expose|strike|guard|cut|unity,balanced,defensive,0,1,0,20,156,0
core,fire,sustain,seed|spark|blaze|heal|nourish|vine,sword,quick,swift|expose|strike|guard|cut|unity,balanced,defensive,1,0,0,16,210,0
core,fire,sustain,seed|spark|blaze|heal|nourish|vine,sword,quick,swift|expose|strike|guard|cut|unity,balanced,defensive,1,1,0,17,168,0
core,fire,sustain,seed|spark|blaze|heal|nourish|vine,sword,quick,swift|expose|strike|guard|cut|unity,balanced,defensive,2,0,0,14,189,0
core,fire,sustain,seed|spark|blaze|heal|nourish|vine,sword,quick,swift|expose|strike|guard|cut|unity,balanced,defensive,2,1,0,17,77,0
core,fire,sustain,seed|spark|blaze|heal|nourish|vine,sword,quick,swift|expose|strike|guard|cut|unity,balanced,burst,0,0,0,5,131,0
core,fire,sustain,seed|spark|blaze|heal|nourish|vine,sword,quick,swift|expose|strike|guard|cut|unity,balanced,burst,0,1,0,5,106,0
core,fire,sustain,seed|spark|blaze|heal|nourish|vine,sword,quick,swift|expose|strike|guard|cut|unity,balanced,burst,1,0,0,5,163,0
core,fire,sustain,seed|spark|blaze|heal|nourish|vine,sword,quick,swift|expose|strike|guard|cut|unity,balanced,burst,1,1,0,6,123,0
core,fire,sustain,seed|spark|blaze|heal|nourish|vine,sword,quick,swift|expose|strike|guard|cut|unity,balanced,burst,2,0,0,5,114,0
core,fire,sustain,seed|spark|blaze|heal|nourish|vine,sword,quick,swift|expose|strike|guard|cut|unity,balanced,burst,2,1,0,5,191,0
core,fire,sustain,seed|spark|blaze|heal|nourish|vine,sword,quick,swift|expose|strike|guard|cut|unity,aggressive,balanced,0,0,1,5,0,50
core,fire,sustain,seed|spark|blaze|heal|nourish|vine,sword,quick,swift|expose|strike|guard|cut|unity,aggressive,balanced,0,1,1,4,0,39
core,fire,sustain,seed|spark|blaze|heal|nourish|vine,sword,quick,swift|expose|strike|guard|cut|unity,aggressive,balanced,1,0,1,5,0,30
core,fire,sustain,seed|spark|blaze|heal|nourish|vine,sword,quick,swift|expose|strike|guard|cut|unity,aggressive,balanced,1,1,0,5,27,0
core,fire,sustain,seed|spark|blaze|heal|nourish|vine,sword,quick,swift|expose|strike|guard|cut|unity,aggressive,balanced,2,0,0,5,28,0
core,fire,sustain,seed|spark|blaze|heal|nourish|vine,sword,quick,swift|expose|strike|guard|cut|unity,aggressive,balanced,2,1,0,6,2,0
core,fire,sustain,seed|spark|blaze|heal|nourish|vine,sword,quick,swift|expose|strike|guard|cut|unity,aggressive,aggressive,0,0,0,5,33,0
core,fire,sustain,seed|spark|blaze|heal|nourish|vine,sword,quick,swift|expose|strike|guard|cut|unity,aggressive,aggressive,0,1,0,4,16,0
core,fire,sustain,seed|spark|blaze|heal|nourish|vine,sword,quick,swift|expose|strike|guard|cut|unity,aggressive,aggressive,1,0,0,4,108,0
core,fire,sustain,seed|spark|blaze|heal|nourish|vine,sword,quick,swift|expose|strike|guard|cut|unity,aggressive,aggressive,1,1,0,5,16,0
core,fire,sustain,seed|spark|blaze|heal|nourish|vine,sword,quick,swift|expose|strike|guard|cut|unity,aggressive,aggressive,2,0,0,5,36,0
core,fire,sustain,seed|spark|blaze|heal|nourish|vine,sword,quick,swift|expose|strike|guard|cut|unity,aggressive,aggressive,2,1,1,4,0,38
core,fire,sustain,seed|spark|blaze|heal|nourish|vine,sword,quick,swift|expose|strike|guard|cut|unity,aggressive,defensive,0,0,1,5,0,50
core,fire,sustain,seed|spark|blaze|heal|nourish|vine,sword,quick,swift|expose|strike|guard|cut|unity,aggressive,defensive,0,1,0,16,21,0
core,fire,sustain,seed|spark|blaze|heal|nourish|vine,sword,quick,swift|expose|strike|guard|cut|unity,aggressive,defensive,1,0,0,10,129,0
core,fire,sustain,seed|spark|blaze|heal|nourish|vine,sword,quick,swift|expose|strike|guard|cut|unity,aggressive,defensive,1,1,0,17,127,0
core,fire,sustain,seed|spark|blaze|heal|nourish|vine,sword,quick,swift|expose|strike|guard|cut|unity,aggressive,defensive,2,0,0,12,121,0
core,fire,sustain,seed|spark|blaze|heal|nourish|vine,sword,quick,swift|expose|strike|guard|cut|unity,aggressive,defensive,2,1,0,21,162,0
core,fire,sustain,seed|spark|blaze|heal|nourish|vine,sword,quick,swift|expose|strike|guard|cut|unity,aggressive,burst,0,0,1,4,0,42
core,fire,sustain,seed|spark|blaze|heal|nourish|vine,sword,quick,swift|expose|strike|guard|cut|unity,aggressive,burst,0,1,0,5,29,0
core,fire,sustain,seed|spark|blaze|heal|nourish|vine,sword,quick,swift|expose|strike|guard|cut|unity,aggressive,burst,1,0,0,5,2,0
core,fire,sustain,seed|spark|blaze|heal|nourish|vine,sword,quick,swift|expose|strike|guard|cut|unity,aggressive,burst,1,1,0,5,16,0
core,fire,sustain,seed|spark|blaze|heal|nourish|vine,sword,quick,swift|expose|strike|guard|cut|unity,aggressive,burst,2,0,0,5,38,0
core,fire,sustain,seed|spark|blaze|heal|nourish|vine,sword,quick,swift|expose|strike|guard|cut|unity,aggressive,burst,2,1,0,5,7,0
core,fire,sustain,seed|spark|blaze|heal|nourish|vine,sword,quick,swift|expose|strike|guard|cut|unity,defensive,balanced,0,0,0,9,111,0
core,fire,sustain,seed|spark|blaze|heal|nourish|vine,sword,quick,swift|expose|strike|guard|cut|unity,defensive,balanced,0,1,0,7,109,0
core,fire,sustain,seed|spark|blaze|heal|nourish|vine,sword,quick,swift|expose|strike|guard|cut|unity,defensive,balanced,1,0,0,9,84,0
core,fire,sustain,seed|spark|blaze|heal|nourish|vine,sword,quick,swift|expose|strike|guard|cut|unity,defensive,balanced,1,1,0,7,189,0
core,fire,sustain,seed|spark|blaze|heal|nourish|vine,sword,quick,swift|expose|strike|guard|cut|unity,defensive,balanced,2,0,0,6,210,0
core,fire,sustain,seed|spark|blaze|heal|nourish|vine,sword,quick,swift|expose|strike|guard|cut|unity,defensive,balanced,2,1,0,10,154,0
core,fire,sustain,seed|spark|blaze|heal|nourish|vine,sword,quick,swift|expose|strike|guard|cut|unity,defensive,aggressive,0,0,0,6,50,0
core,fire,sustain,seed|spark|blaze|heal|nourish|vine,sword,quick,swift|expose|strike|guard|cut|unity,defensive,aggressive,0,1,1,4,0,28
core,fire,sustain,seed|spark|blaze|heal|nourish|vine,sword,quick,swift|expose|strike|guard|cut|unity,defensive,aggressive,1,0,0,5,126,0
core,fire,sustain,seed|spark|blaze|heal|nourish|vine,sword,quick,swift|expose|strike|guard|cut|unity,defensive,aggressive,1,1,1,4,0,28
core,fire,sustain,seed|spark|blaze|heal|nourish|vine,sword,quick,swift|expose|strike|guard|cut|unity,defensive,aggressive,2,0,0,5,100,0
core,fire,sustain,seed|spark|blaze|heal|nourish|vine,sword,quick,swift|expose|strike|guard|cut|unity,defensive,aggressive,2,1,1,4,0,28
core,fire,sustain,seed|spark|blaze|heal|nourish|vine,sword,quick,swift|expose|strike|guard|cut|unity,defensive,defensive,0,0,0,14,189,0
core,fire,sustain,seed|spark|blaze|heal|nourish|vine,sword,quick,swift|expose|strike|guard|cut|unity,defensive,defensive,0,1,0,18,84,0
core,fire,sustain,seed|spark|blaze|heal|nourish|vine,sword,quick,swift|expose|strike|guard|cut|unity,defensive,defensive,1,0,0,14,189,0
core,fire,sustain,seed|spark|blaze|heal|nourish|vine,sword,quick,swift|expose|strike|guard|cut|unity,defensive,defensive,1,1,0,17,168,0
core,fire,sustain,seed|spark|blaze|heal|nourish|vine,sword,quick,swift|expose|strike|guard|cut|unity,defensive,defensive,2,0,0,14,189,0
core,fire,sustain,seed|spark|blaze|heal|nourish|vine,sword,quick,swift|expose|strike|guard|cut|unity,defensive,defensive,2,1,0,18,77,0
core,fire,sustain,seed|spark|blaze|heal|nourish|vine,sword,quick,swift|expose|strike|guard|cut|unity,defensive,burst,0,0,0,7,164,0
core,fire,sustain,seed|spark|blaze|heal|nourish|vine,sword,quick,swift|expose|strike|guard|cut|unity,defensive,burst,0,1,0,6,128,0
core,fire,sustain,seed|spark|blaze|heal|nourish|vine,sword,quick,swift|expose|strike|guard|cut|unity,defensive,burst,1,0,0,5,189,0
core,fire,sustain,seed|spark|blaze|heal|nourish|vine,sword,quick,swift|expose|strike|guard|cut|unity,defensive,burst,1,1,0,7,194,0
core,fire,sustain,seed|spark|blaze|heal|nourish|vine,sword,quick,swift|expose|strike|guard|cut|unity,defensive,burst,2,0,0,5,134,0
core,fire,sustain,seed|spark|blaze|heal|nourish|vine,sword,quick,swift|expose|strike|guard|cut|unity,defensive,burst,2,1,0,6,208,0
core,fire,sustain,seed|spark|blaze|heal|nourish|vine,sword,quick,swift|expose|strike|guard|cut|unity,burst,balanced,0,0,0,7,48,0
core,fire,sustain,seed|spark|blaze|heal|nourish|vine,sword,quick,swift|expose|strike|guard|cut|unity,burst,balanced,0,1,0,4,14,0
core,fire,sustain,seed|spark|blaze|heal|nourish|vine,sword,quick,swift|expose|strike|guard|cut|unity,burst,balanced,1,0,0,7,60,0
core,fire,sustain,seed|spark|blaze|heal|nourish|vine,sword,quick,swift|expose|strike|guard|cut|unity,burst,balanced,1,1,0,7,93,0
core,fire,sustain,seed|spark|blaze|heal|nourish|vine,sword,quick,swift|expose|strike|guard|cut|unity,burst,balanced,2,0,0,7,77,0
core,fire,sustain,seed|spark|blaze|heal|nourish|vine,sword,quick,swift|expose|strike|guard|cut|unity,burst,balanced,2,1,0,8,174,0
core,fire,sustain,seed|spark|blaze|heal|nourish|vine,sword,quick,swift|expose|strike|guard|cut|unity,burst,aggressive,0,0,0,4,54,0
core,fire,sustain,seed|spark|blaze|heal|nourish|vine,sword,quick,swift|expose|strike|guard|cut|unity,burst,aggressive,0,1,1,3,0,72
core,fire,sustain,seed|spark|blaze|heal|nourish|vine,sword,quick,swift|expose|strike|guard|cut|unity,burst,aggressive,1,0,0,5,79,0
core,fire,sustain,seed|spark|blaze|heal|nourish|vine,sword,quick,swift|expose|strike|guard|cut|unity,burst,aggressive,1,1,1,3,0,72
core,fire,sustain,seed|spark|blaze|heal|nourish|vine,sword,quick,swift|expose|strike|guard|cut|unity,burst,aggressive,2,0,0,5,76,0
core,fire,sustain,seed|spark|blaze|heal|nourish|vine,sword,quick,swift|expose|strike|guard|cut|unity,burst,aggressive,2,1,0,4,27,0
core,fire,sustain,seed|spark|blaze|heal|nourish|vine,sword,quick,swift|expose|strike|guard|cut|unity,burst,defensive,0,0,0,7,62,0
core,fire,sustain,seed|spark|blaze|heal|nourish|vine,sword,quick,swift|expose|strike|guard|cut|unity,burst,defensive,0,1,0,15,69,0
core,fire,sustain,seed|spark|blaze|heal|nourish|vine,sword,quick,swift|expose|strike|guard|cut|unity,burst,defensive,1,0,0,12,201,0
core,fire,sustain,seed|spark|blaze|heal|nourish|vine,sword,quick,swift|expose|strike|guard|cut|unity,burst,defensive,1,1,0,18,168,0
core,fire,sustain,seed|spark|blaze|heal|nourish|vine,sword,quick,swift|expose|strike|guard|cut|unity,burst,defensive,2,0,0,10,177,0
core,fire,sustain,seed|spark|blaze|heal|nourish|vine,sword,quick,swift|expose|strike|guard|cut|unity,burst,defensive,2,1,0,19,168,0
core,fire,sustain,seed|spark|blaze|heal|nourish|vine,sword,quick,swift|expose|strike|guard|cut|unity,burst,burst,0,0,0,5,131,0
core,fire,sustain,seed|spark|blaze|heal|nourish|vine,sword,quick,swift|expose|strike|guard|cut|unity,burst,burst,0,1,0,5,10,0
core,fire,sustain,seed|spark|blaze|heal|nourish|vine,sword,quick,swift|expose|strike|guard|cut|unity,burst,burst,1,0,0,5,99,0
core,fire,sustain,seed|spark|blaze|heal|nourish|vine,sword,quick,swift|expose|strike|guard|cut|unity,burst,burst,1,1,0,5,121,0
core,fire,sustain,seed|spark|blaze|heal|nourish|vine,sword,quick,swift|expose|strike|guard|cut|unity,burst,burst,2,0,0,5,93,0
core,fire,sustain,seed|spark|blaze|heal|nourish|vine,sword,quick,swift|expose|strike|guard|cut|unity,burst,burst,2,1,0,5,191,0
core,fire,sustain,seed|spark|blaze|heal|nourish|vine,sword,heavy,swift|expose|strike|guard|return|unity,balanced,balanced,0,0,0,8,72,0
core,fire,sustain,seed|spark|blaze|heal|nourish|vine,sword,heavy,swift|expose|strike|guard|return|unity,balanced,balanced,0,1,1,5,0,57
core,fire,sustain,seed|spark|blaze|heal|nourish|vine,sword,heavy,swift|expose|strike|guard|return|unity,balanced,balanced,1,0,0,7,75,0
core,fire,sustain,seed|spark|blaze|heal|nourish|vine,sword,heavy,swift|expose|strike|guard|return|unity,balanced,balanced,1,1,0,10,157,0
core,fire,sustain,seed|spark|blaze|heal|nourish|vine,sword,heavy,swift|expose|strike|guard|return|unity,balanced,balanced,2,0,0,9,133,0
core,fire,sustain,seed|spark|blaze|heal|nourish|vine,sword,heavy,swift|expose|strike|guard|return|unity,balanced,balanced,2,1,0,9,69,0
core,fire,sustain,seed|spark|blaze|heal|nourish|vine,sword,heavy,swift|expose|strike|guard|return|unity,balanced,aggressive,0,0,0,6,86,0
core,fire,sustain,seed|spark|blaze|heal|nourish|vine,sword,heavy,swift|expose|strike|guard|return|unity,balanced,aggressive,0,1,1,4,0,28
core,fire,sustain,seed|spark|blaze|heal|nourish|vine,sword,heavy,swift|expose|strike|guard|return|unity,balanced,aggressive,1,0,0,6,109,0
core,fire,sustain,seed|spark|blaze|heal|nourish|vine,sword,heavy,swift|expose|strike|guard|return|unity,balanced,aggressive,1,1,1,4,0,28
core,fire,sustain,seed|spark|blaze|heal|nourish|vine,sword,heavy,swift|expose|strike|guard|return|unity,balanced,aggressive,2,0,0,5,117,0
core,fire,sustain,seed|spark|blaze|heal|nourish|vine,sword,heavy,swift|expose|strike|guard|return|unity,balanced,aggressive,2,1,0,4,23,0
core,fire,sustain,seed|spark|blaze|heal|nourish|vine,sword,heavy,swift|expose|strike|guard|return|unity,balanced,defensive,0,0,0,18,190,0
core,fire,sustain,seed|spark|blaze|heal|nourish|vine,sword,heavy,swift|expose|strike|guard|return|unity,balanced,defensive,0,1,0,16,164,0
core,fire,sustain,seed|spark|blaze|heal|nourish|vine,sword,heavy,swift|expose|strike|guard|return|unity,balanced,defensive,1,0,0,17,207,0
core,fire,sustain,seed|spark|blaze|heal|nourish|vine,sword,heavy,swift|expose|strike|guard|return|unity,balanced,defensive,1,1,0,18,157,0
core,fire,sustain,seed|spark|blaze|heal|nourish|vine,sword,heavy,swift|expose|strike|guard|return|unity,balanced,defensive,2,0,0,14,169,0
core,fire,sustain,seed|spark|blaze|heal|nourish|vine,sword,heavy,swift|expose|strike|guard|return|unity,balanced,defensive,2,1,0,15,207,0
core,fire,sustain,seed|spark|blaze|heal|nourish|vine,sword,heavy,swift|expose|strike|guard|return|unity,balanced,burst,0,0,0,6,149,0
core,fire,sustain,seed|spark|blaze|heal|nourish|vine,sword,heavy,swift|expose|strike|guard|return|unity,balanced,burst,0,1,0,6,210,0
core,fire,sustain,seed|spark|blaze|heal|nourish|vine,sword,heavy,swift|expose|strike|guard|return|unity,balanced,burst,1,0,0,6,149,0
core,fire,sustain,seed|spark|blaze|heal|nourish|vine,sword,heavy,swift|expose|strike|guard|return|unity,balanced,burst,1,1,0,7,107,0
core,fire,sustain,seed|spark|blaze|heal|nourish|vine,sword,heavy,swift|expose|strike|guard|return|unity,balanced,burst,2,0,0,5,172,0
core,fire,sustain,seed|spark|blaze|heal|nourish|vine,sword,heavy,swift|expose|strike|guard|return|unity,balanced,burst,2,1,0,5,206,0
core,fire,sustain,seed|spark|blaze|heal|nourish|vine,sword,heavy,swift|expose|strike|guard|return|unity,aggressive,balanced,0,0,1,6,0,9
core,fire,sustain,seed|spark|blaze|heal|nourish|vine,sword,heavy,swift|expose|strike|guard|return|unity,aggressive,balanced,0,1,1,5,0,86
core,fire,sustain,seed|spark|blaze|heal|nourish|vine,sword,heavy,swift|expose|strike|guard|return|unity,aggressive,balanced,1,0,0,6,12,0
core,fire,sustain,seed|spark|blaze|heal|nourish|vine,sword,heavy,swift|expose|strike|guard|return|unity,aggressive,balanced,1,1,1,7,0,19
core,fire,sustain,seed|spark|blaze|heal|nourish|vine,sword,heavy,swift|expose|strike|guard|return|unity,aggressive,balanced,2,0,0,6,12,0
core,fire,sustain,seed|spark|blaze|heal|nourish|vine,sword,heavy,swift|expose|strike|guard|return|unity,aggressive,balanced,2,1,0,6,7,0
core,fire,sustain,seed|spark|blaze|heal|nourish|vine,sword,heavy,swift|expose|strike|guard|return|unity,aggressive,aggressive,0,0,0,5,65,0
core,fire,sustain,seed|spark|blaze|heal|nourish|vine,sword,heavy,swift|expose|strike|guard|return|unity,aggressive,aggressive,0,1,1,4,0,32
core,fire,sustain,seed|spark|blaze|heal|nourish|vine,sword,heavy,swift|expose|strike|guard|return|unity,aggressive,aggressive,1,0,0,5,9,0
core,fire,sustain,seed|spark|blaze|heal|nourish|vine,sword,heavy,swift|expose|strike|guard|return|unity,aggressive,aggressive,1,1,1,4,0,41
core,fire,sustain,seed|spark|blaze|heal|nourish|vine,sword,heavy,swift|expose|strike|guard|return|unity,aggressive,aggressive,2,0,0,5,18,0
core,fire,sustain,seed|spark|blaze|heal|nourish|vine,sword,heavy,swift|expose|strike|guard|return|unity,aggressive,aggressive,2,1,1,4,0,58
core,fire,sustain,seed|spark|blaze|heal|nourish|vine,sword,heavy,swift|expose|strike|guard|return|unity,aggressive,defensive,0,0,1,6,0,9
core,fire,sustain,seed|spark|blaze|heal|nourish|vine,sword,heavy,swift|expose|strike|guard|return|unity,aggressive,defensive,0,1,0,13,9,0
core,fire,sustain,seed|spark|blaze|heal|nourish|vine,sword,heavy,swift|expose|strike|guard|return|unity,aggressive,defensive,1,0,0,6,12,0
core,fire,sustain,seed|spark|blaze|heal|nourish|vine,sword,heavy,swift|expose|strike|guard|return|unity,aggressive,defensive,1,1,0,15,157,0
core,fire,sustain,seed|spark|blaze|heal|nourish|vine,sword,heavy,swift|expose|strike|guard|return|unity,aggressive,defensive,2,0,0,9,22,0
core,fire,sustain,seed|spark|blaze|heal|nourish|vine,sword,heavy,swift|expose|strike|guard|return|unity,aggressive,defensive,2,1,0,13,67,0
core,fire,sustain,seed|spark|blaze|heal|nourish|vine,sword,heavy,swift|expose|strike|guard|return|unity,aggressive,burst,0,0,1,4,0,42
core,fire,sustain,seed|spark|blaze|heal|nourish|vine,sword,heavy,swift|expose|strike|guard|return|unity,aggressive,burst,0,1,0,6,151,0
core,fire,sustain,seed|spark|blaze|heal|nourish|vine,sword,heavy,swift|expose|strike|guard|return|unity,aggressive,burst,1,0,0,5,74,0
core,fire,sustain,seed|spark|blaze|heal|nourish|vine,sword,heavy,swift|expose|strike|guard|return|unity,aggressive,burst,1,1,0,6,75,0
core,fire,sustain,seed|spark|blaze|heal|nourish|vine,sword,heavy,swift|expose|strike|guard|return|unity,aggressive,burst,2,0,0,5,74,0
core,fire,sustain,seed|spark|blaze|heal|nourish|vine,sword,heavy,swift|expose|strike|guard|return|unity,aggressive,burst,2,1,0,6,168,0
core,fire,sustain,seed|spark|blaze|heal|nourish|vine,sword,heavy,swift|expose|strike|guard|return|unity,defensive,balanced,0,0,0,8,105,0
core,fire,sustain,seed|spark|blaze|heal|nourish|vine,sword,heavy,swift|expose|strike|guard|return|unity,defensive,balanced,0,1,1,7,0,47
core,fire,sustain,seed|spark|blaze|heal|nourish|vine,sword,heavy,swift|expose|strike|guard|return|unity,defensive,balanced,1,0,0,10,210,0
core,fire,sustain,seed|spark|blaze|heal|nourish|vine,sword,heavy,swift|expose|strike|guard|return|unity,defensive,balanced,1,1,0,10,157,0
core,fire,sustain,seed|spark|blaze|heal|nourish|vine,sword,heavy,swift|expose|strike|guard|return|unity,defensive,balanced,2,0,0,8,210,0
core,fire,sustain,seed|spark|blaze|heal|nourish|vine,sword,heavy,swift|expose|strike|guard|return|unity,defensive,balanced,2,1,0,10,85,0
core,fire,sustain,seed|spark|blaze|heal|nourish|vine,sword,heavy,swift|expose|strike|guard|return|unity,defensive,aggressive,0,0,0,6,71,0
core,fire,sustain,seed|spark|blaze|heal|nourish|vine,sword,heavy,swift|expose|strike|guard|return|unity,defensive,aggressive,0,1,1,4,0,28
core,fire,sustain,seed|spark|blaze|heal|nourish|vine,sword,heavy,swift|expose|strike|guard|return|unity,defensive,aggressive,1,0,0,5,140,0
core,fire,sustain,seed|spark|blaze|heal|nourish|vine,sword,heavy,swift|expose|strike|guard|return|unity,defensive,aggressive,1,1,1,4,0,28
core,fire,sustain,seed|spark|blaze|heal|nourish|vine,sword,heavy,swift|expose|strike|guard|return|unity,defensive,aggressive,2,0,0,5,140,0
core,fire,sustain,seed|spark|blaze|heal|nourish|vine,sword,heavy,swift|expose|strike|guard|return|unity,defensive,aggressive,2,1,0,4,23,0
core,fire,sustain,seed|spark|blaze|heal|nourish|vine,sword,heavy,swift|expose|strike|guard|return|unity,defensive,defensive,0,0,0,16,207,0
core,fire,sustain,seed|spark|blaze|heal|nourish|vine,sword,heavy,swift|expose|strike|guard|return|unity,defensive,defensive,0,1,0,15,134,0
core,fire,sustain,seed|spark|blaze|heal|nourish|vine,sword,heavy,swift|expose|strike|guard|return|unity,defensive,defensive,1,0,0,16,207,0
core,fire,sustain,seed|spark|blaze|heal|nourish|vine,sword,heavy,swift|expose|strike|guard|return|unity,defensive,defensive,1,1,0,16,207,0
core,fire,sustain,seed|spark|blaze|heal|nourish|vine,sword,heavy,swift|expose|strike|guard|return|unity,defensive,defensive,2,0,0,14,169,0
core,fire,sustain,seed|spark|blaze|heal|nourish|vine,sword,heavy,swift|expose|strike|guard|return|unity,defensive,defensive,2,1,0,16,207,0
core,fire,sustain,seed|spark|blaze|heal|nourish|vine,sword,heavy,swift|expose|strike|guard|return|unity,defensive,burst,0,0,0,6,157,0
core,fire,sustain,seed|spark|blaze|heal|nourish|vine,sword,heavy,swift|expose|strike|guard|return|unity,defensive,burst,0,1,0,6,210,0
core,fire,sustain,seed|spark|blaze|heal|nourish|vine,sword,heavy,swift|expose|strike|guard|return|unity,defensive,burst,1,0,0,6,157,0
core,fire,sustain,seed|spark|blaze|heal|nourish|vine,sword,heavy,swift|expose|strike|guard|return|unity,defensive,burst,1,1,0,7,107,0
core,fire,sustain,seed|spark|blaze|heal|nourish|vine,sword,heavy,swift|expose|strike|guard|return|unity,defensive,burst,2,0,0,5,210,0
core,fire,sustain,seed|spark|blaze|heal|nourish|vine,sword,heavy,swift|expose|strike|guard|return|unity,defensive,burst,2,1,0,5,206,0
core,fire,sustain,seed|spark|blaze|heal|nourish|vine,sword,heavy,swift|expose|strike|guard|return|unity,burst,balanced,0,0,0,7,55,0
core,fire,sustain,seed|spark|blaze|heal|nourish|vine,sword,heavy,swift|expose|strike|guard|return|unity,burst,balanced,0,1,1,4,0,68
core,fire,sustain,seed|spark|blaze|heal|nourish|vine,sword,heavy,swift|expose|strike|guard|return|unity,burst,balanced,1,0,0,7,61,0
core,fire,sustain,seed|spark|blaze|heal|nourish|vine,sword,heavy,swift|expose|strike|guard|return|unity,burst,balanced,1,1,0,6,54,0
core,fire,sustain,seed|spark|blaze|heal|nourish|vine,sword,heavy,swift|expose|strike|guard|return|unity,burst,balanced,2,0,0,8,113,0
core,fire,sustain,seed|spark|blaze|heal|nourish|vine,sword,heavy,swift|expose|strike|guard|return|unity,burst,balanced,2,1,0,6,63,0
core,fire,sustain,seed|spark|blaze|heal|nourish|vine,sword,heavy,swift|expose|strike|guard|return|unity,burst,aggressive,0,0,0,6,86,0
core,fire,sustain,seed|spark|blaze|heal|nourish|vine,sword,heavy,swift|expose|strike|guard|return|unity,burst,aggressive,0,1,1,4,0,12
core,fire,sustain,seed|spark|blaze|heal|nourish|vine,sword,heavy,swift|expose|strike|guard|return|unity,burst,aggressive,1,0,0,5,95,0
core,fire,sustain,seed|spark|blaze|heal|nourish|vine,sword,heavy,swift|expose|strike|guard|return|unity,burst,aggressive,1,1,1,4,0,12
core,fire,sustain,seed|spark|blaze|heal|nourish|vine,sword,heavy,swift|expose|strike|guard|return|unity,burst,aggressive,2,0,0,5,80,0
core,fire,sustain,seed|spark|blaze|heal|nourish|vine,sword,heavy,swift|expose|strike|guard|return|unity,burst,aggressive,2,1,0,5,42,0
core,fire,sustain,seed|spark|blaze|heal|nourish|vine,sword,heavy,swift|expose|strike|guard|return|unity,burst,defensive,0,0,0,7,137,0
core,fire,sustain,seed|spark|blaze|heal|nourish|vine,sword,heavy,swift|expose|strike|guard|return|unity,burst,defensive,0,1,0,16,49,0
core,fire,sustain,seed|spark|blaze|heal|nourish|vine,sword,heavy,swift|expose|strike|guard|return|unity,burst,defensive,1,0,0,13,142,0
core,fire,sustain,seed|spark|blaze|heal|nourish|vine,sword,heavy,swift|expose|strike|guard|return|unity,burst,defensive,1,1,0,17,146,0
core,fire,sustain,seed|spark|blaze|heal|nourish|vine,sword,heavy,swift|expose|strike|guard|return|unity,burst,defensive,2,0,0,10,173,0
core,fire,sustain,seed|spark|blaze|heal|nourish|vine,sword,heavy,swift|expose|strike|guard|return|unity,burst,defensive,2,1,0,17,46,0
core,fire,sustain,seed|spark|blaze|heal|nourish|vine,sword,heavy,swift|expose|strike|guard|return|unity,burst,burst,0,0,0,6,176,0
core,fire,sustain,seed|spark|blaze|heal|nourish|vine,sword,heavy,swift|expose|strike|guard|return|unity,burst,burst,0,1,0,6,191,0
core,fire,sustain,seed|spark|blaze|heal|nourish|vine,sword,heavy,swift|expose|strike|guard|return|unity,burst,burst,1,0,0,5,148,0
core,fire,sustain,seed|spark|blaze|heal|nourish|vine,sword,heavy,swift|expose|strike|guard|return|unity,burst,burst,1,1,0,6,153,0
core,fire,sustain,seed|spark|blaze|heal|nourish|vine,sword,heavy,swift|expose|strike|guard|return|unity,burst,burst,2,0,0,5,142,0
core,fire,sustain,seed|spark|blaze|heal|nourish|vine,sword,heavy,swift|expose|strike|guard|return|unity,burst,burst,2,1,0,7,153,0
mirror,fire,ignite,seed|spark|blaze|heal|vine|inferno,fire,ignite,seed|spark|blaze|heal|vine|inferno,balanced,balanced,0,0,0,5,17,0
mirror,fire,ignite,seed|spark|blaze|heal|vine|inferno,fire,ignite,seed|spark|blaze|heal|vine|inferno,balanced,balanced,0,1,1,5,0,17
mirror,fire,ignite,seed|spark|blaze|heal|vine|inferno,fire,ignite,seed|spark|blaze|heal|vine|inferno,balanced,balanced,1,0,0,4,97,0
mirror,fire,ignite,seed|spark|blaze|heal|vine|inferno,fire,ignite,seed|spark|blaze|heal|vine|inferno,balanced,balanced,1,1,1,4,0,97
mirror,fire,ignite,seed|spark|blaze|heal|vine|inferno,fire,ignite,seed|spark|blaze|heal|vine|inferno,balanced,balanced,2,0,0,4,97,0
mirror,fire,ignite,seed|spark|blaze|heal|vine|inferno,fire,ignite,seed|spark|blaze|heal|vine|inferno,balanced,balanced,2,1,1,4,0,97
mirror,fire,ignite,seed|spark|blaze|heal|vine|inferno,fire,ignite,seed|spark|blaze|heal|vine|inferno,aggressive,aggressive,0,0,0,3,27,0
mirror,fire,ignite,seed|spark|blaze|heal|vine|inferno,fire,ignite,seed|spark|blaze|heal|vine|inferno,aggressive,aggressive,0,1,1,3,0,27
mirror,fire,ignite,seed|spark|blaze|heal|vine|inferno,fire,ignite,seed|spark|blaze|heal|vine|inferno,aggressive,aggressive,1,0,0,3,27,0
mirror,fire,ignite,seed|spark|blaze|heal|vine|inferno,fire,ignite,seed|spark|blaze|heal|vine|inferno,aggressive,aggressive,1,1,1,3,0,27
mirror,fire,ignite,seed|spark|blaze|heal|vine|inferno,fire,ignite,seed|spark|blaze|heal|vine|inferno,aggressive,aggressive,2,0,0,3,27,0
mirror,fire,ignite,seed|spark|blaze|heal|vine|inferno,fire,ignite,seed|spark|blaze|heal|vine|inferno,aggressive,aggressive,2,1,1,3,0,27
mirror,fire,ignite,seed|spark|blaze|heal|vine|inferno,fire,ignite,seed|spark|blaze|heal|vine|inferno,defensive,defensive,0,0,0,8,51,0
mirror,fire,ignite,seed|spark|blaze|heal|vine|inferno,fire,ignite,seed|spark|blaze|heal|vine|inferno,defensive,defensive,0,1,1,8,0,51
mirror,fire,ignite,seed|spark|blaze|heal|vine|inferno,fire,ignite,seed|spark|blaze|heal|vine|inferno,defensive,defensive,1,0,0,8,51,0
mirror,fire,ignite,seed|spark|blaze|heal|vine|inferno,fire,ignite,seed|spark|blaze|heal|vine|inferno,defensive,defensive,1,1,1,8,0,51
mirror,fire,ignite,seed|spark|blaze|heal|vine|inferno,fire,ignite,seed|spark|blaze|heal|vine|inferno,defensive,defensive,2,0,0,8,51,0
mirror,fire,ignite,seed|spark|blaze|heal|vine|inferno,fire,ignite,seed|spark|blaze|heal|vine|inferno,defensive,defensive,2,1,1,8,0,51
mirror,fire,ignite,seed|spark|blaze|heal|vine|inferno,fire,ignite,seed|spark|blaze|heal|vine|inferno,burst,burst,0,0,1,4,0,53
mirror,fire,ignite,seed|spark|blaze|heal|vine|inferno,fire,ignite,seed|spark|blaze|heal|vine|inferno,burst,burst,0,1,0,4,53,0
mirror,fire,ignite,seed|spark|blaze|heal|vine|inferno,fire,ignite,seed|spark|blaze|heal|vine|inferno,burst,burst,1,0,0,12,120,0
mirror,fire,ignite,seed|spark|blaze|heal|vine|inferno,fire,ignite,seed|spark|blaze|heal|vine|inferno,burst,burst,1,1,1,12,0,120
mirror,fire,ignite,seed|spark|blaze|heal|vine|inferno,fire,ignite,seed|spark|blaze|heal|vine|inferno,burst,burst,2,0,0,11,111,0
mirror,fire,ignite,seed|spark|blaze|heal|vine|inferno,fire,ignite,seed|spark|blaze|heal|vine|inferno,burst,burst,2,1,1,11,0,111
mirror,fire,sustain,seed|spark|blaze|heal|nourish|vine,fire,sustain,seed|spark|blaze|heal|nourish|vine,balanced,balanced,0,0,1,8,0,76
mirror,fire,sustain,seed|spark|blaze|heal|nourish|vine,fire,sustain,seed|spark|blaze|heal|nourish|vine,balanced,balanced,0,1,0,8,76,0
mirror,fire,sustain,seed|spark|blaze|heal|nourish|vine,fire,sustain,seed|spark|blaze|heal|nourish|vine,balanced,balanced,1,0,1,8,0,76
mirror,fire,sustain,seed|spark|blaze|heal|nourish|vine,fire,sustain,seed|spark|blaze|heal|nourish|vine,balanced,balanced,1,1,0,8,76,0
mirror,fire,sustain,seed|spark|blaze|heal|nourish|vine,fire,sustain,seed|spark|blaze|heal|nourish|vine,balanced,balanced,2,0,1,8,0,76
mirror,fire,sustain,seed|spark|blaze|heal|nourish|vine,fire,sustain,seed|spark|blaze|heal|nourish|vine,balanced,balanced,2,1,0,8,76,0
mirror,fire,sustain,seed|spark|blaze|heal|nourish|vine,fire,sustain,seed|spark|blaze|heal|nourish|vine,aggressive,aggressive,0,0,0,5,75,0
mirror,fire,sustain,seed|spark|blaze|heal|nourish|vine,fire,sustain,seed|spark|blaze|heal|nourish|vine,aggressive,aggressive,0,1,1,5,0,75
mirror,fire,sustain,seed|spark|blaze|heal|nourish|vine,fire,sustain,seed|spark|blaze|heal|nourish|vine,aggressive,aggressive,1,0,0,5,75,0
mirror,fire,sustain,seed|spark|blaze|heal|nourish|vine,fire,sustain,seed|spark|blaze|heal|nourish|vine,aggressive,aggressive,1,1,1,5,0,75
mirror,fire,sustain,seed|spark|blaze|heal|nourish|vine,fire,sustain,seed|spark|blaze|heal|nourish|vine,aggressive,aggressive,2,0,0,5,75,0
mirror,fire,sustain,seed|spark|blaze|heal|nourish|vine,fire,sustain,seed|spark|blaze|heal|nourish|vine,aggressive,aggressive,2,1,1,5,0,75
mirror,fire,sustain,seed|spark|blaze|heal|nourish|vine,fire,sustain,seed|spark|blaze|heal|nourish|vine,defensive,defensive,0,0,1,18,0,116
mirror,fire,sustain,seed|spark|blaze|heal|nourish|vine,fire,sustain,seed|spark|blaze|heal|nourish|vine,defensive,defensive,0,1,0,18,116,0
mirror,fire,sustain,seed|spark|blaze|heal|nourish|vine,fire,sustain,seed|spark|blaze|heal|nourish|vine,defensive,defensive,1,0,1,18,0,116
mirror,fire,sustain,seed|spark|blaze|heal|nourish|vine,fire,sustain,seed|spark|blaze|heal|nourish|vine,defensive,defensive,1,1,0,18,116,0
mirror,fire,sustain,seed|spark|blaze|heal|nourish|vine,fire,sustain,seed|spark|blaze|heal|nourish|vine,defensive,defensive,2,0,1,18,0,116
mirror,fire,sustain,seed|spark|blaze|heal|nourish|vine,fire,sustain,seed|spark|blaze|heal|nourish|vine,defensive,defensive,2,1,0,18,116,0
mirror,fire,sustain,seed|spark|blaze|heal|nourish|vine,fire,sustain,seed|spark|blaze|heal|nourish|vine,burst,burst,0,0,1,6,0,15
mirror,fire,sustain,seed|spark|blaze|heal|nourish|vine,fire,sustain,seed|spark|blaze|heal|nourish|vine,burst,burst,0,1,0,6,15,0
mirror,fire,sustain,seed|spark|blaze|heal|nourish|vine,fire,sustain,seed|spark|blaze|heal|nourish|vine,burst,burst,1,0,1,6,0,15
mirror,fire,sustain,seed|spark|blaze|heal|nourish|vine,fire,sustain,seed|spark|blaze|heal|nourish|vine,burst,burst,1,1,0,6,15,0
mirror,fire,sustain,seed|spark|blaze|heal|nourish|vine,fire,sustain,seed|spark|blaze|heal|nourish|vine,burst,burst,2,0,1,6,0,15
mirror,fire,sustain,seed|spark|blaze|heal|nourish|vine,fire,sustain,seed|spark|blaze|heal|nourish|vine,burst,burst,2,1,0,6,15,0
mirror,sword,quick,swift|expose|strike|guard|cut|unity,sword,quick,swift|expose|strike|guard|cut|unity,balanced,balanced,0,0,0,5,53,0
mirror,sword,quick,swift|expose|strike|guard|cut|unity,sword,quick,swift|expose|strike|guard|cut|unity,balanced,balanced,0,1,1,5,0,53
mirror,sword,quick,swift|expose|strike|guard|cut|unity,sword,quick,swift|expose|strike|guard|cut|unity,balanced,balanced,1,0,1,6,0,86
mirror,sword,quick,swift|expose|strike|guard|cut|unity,sword,quick,swift|expose|strike|guard|cut|unity,balanced,balanced,1,1,0,6,86,0
mirror,sword,quick,swift|expose|strike|guard|cut|unity,sword,quick,swift|expose|strike|guard|cut|unity,balanced,balanced,2,0,1,8,0,106
mirror,sword,quick,swift|expose|strike|guard|cut|unity,sword,quick,swift|expose|strike|guard|cut|unity,balanced,balanced,2,1,0,8,106,0
mirror,sword,quick,swift|expose|strike|guard|cut|unity,sword,quick,swift|expose|strike|guard|cut|unity,aggressive,aggressive,0,0,0,5,18,0
mirror,sword,quick,swift|expose|strike|guard|cut|unity,sword,quick,swift|expose|strike|guard|cut|unity,aggressive,aggressive,0,1,1,5,0,18
mirror,sword,quick,swift|expose|strike|guard|cut|unity,sword,quick,swift|expose|strike|guard|cut|unity,aggressive,aggressive,1,0,1,4,0,15
mirror,sword,quick,swift|expose|strike|guard|cut|unity,sword,quick,swift|expose|strike|guard|cut|unity,aggressive,aggressive,1,1,0,4,15,0
mirror,sword,quick,swift|expose|strike|guard|cut|unity,sword,quick,swift|expose|strike|guard|cut|unity,aggressive,aggressive,2,0,0,4,83,0
mirror,sword,quick,swift|expose|strike|guard|cut|unity,sword,quick,swift|expose|strike|guard|cut|unity,aggressive,aggressive,2,1,1,4,0,83
mirror,sword,quick,swift|expose|strike|guard|cut|unity,sword,quick,swift|expose|strike|guard|cut|unity,defensive,defensive,0,0,1,24,0,121
mirror,sword,quick,swift|expose|strike|guard|cut|unity,sword,quick,swift|expose|strike|guard|cut|unity,defensive,defensive,0,1,0,24,121,0
mirror,sword,quick,swift|expose|strike|guard|cut|unity,sword,quick,swift|expose|strike|guard|cut|unity,defensive,defensive,1,0,1,17,0,58
mirror,sword,quick,swift|expose|strike|guard|cut|unity,sword,quick,swift|expose|strike|guard|cut|unity,defensive,defensive,1,1,0,17,58,0
mirror,sword,quick,swift|expose|strike|guard|cut|unity,sword,quick,swift|expose|strike|guard|cut|unity,defensive,defensive,2,0,1,18,0,159
mirror,sword,quick,swift|expose|strike|guard|cut|unity,sword,quick,swift|expose|strike|guard|cut|unity,defensive,defensive,2,1,0,18,159,0
mirror,sword,quick,swift|expose|strike|guard|cut|unity,sword,quick,swift|expose|strike|guard|cut|unity,burst,burst,0,0,1,6,0,111
mirror,sword,quick,swift|expose|strike|guard|cut|unity,sword,quick,swift|expose|strike|guard|cut|unity,burst,burst,0,1,0,6,111,0
mirror,sword,quick,swift|expose|strike|guard|cut|unity,sword,quick,swift|expose|strike|guard|cut|unity,burst,burst,1,0,1,5,0,98
mirror,sword,quick,swift|expose|strike|guard|cut|unity,sword,quick,swift|expose|strike|guard|cut|unity,burst,burst,1,1,0,5,98,0
mirror,sword,quick,swift|expose|strike|guard|cut|unity,sword,quick,swift|expose|strike|guard|cut|unity,burst,burst,2,0,1,6,0,133
mirror,sword,quick,swift|expose|strike|guard|cut|unity,sword,quick,swift|expose|strike|guard|cut|unity,burst,burst,2,1,0,6,133,0
mirror,sword,heavy,swift|expose|strike|guard|return|unity,sword,heavy,swift|expose|strike|guard|return|unity,balanced,balanced,0,0,1,7,0,115
mirror,sword,heavy,swift|expose|strike|guard|return|unity,sword,heavy,swift|expose|strike|guard|return|unity,balanced,balanced,0,1,0,7,115,0
mirror,sword,heavy,swift|expose|strike|guard|return|unity,sword,heavy,swift|expose|strike|guard|return|unity,balanced,balanced,1,0,1,6,0,28
mirror,sword,heavy,swift|expose|strike|guard|return|unity,sword,heavy,swift|expose|strike|guard|return|unity,balanced,balanced,1,1,0,6,28,0
mirror,sword,heavy,swift|expose|strike|guard|return|unity,sword,heavy,swift|expose|strike|guard|return|unity,balanced,balanced,2,0,0,10,52,0
mirror,sword,heavy,swift|expose|strike|guard|return|unity,sword,heavy,swift|expose|strike|guard|return|unity,balanced,balanced,2,1,1,10,0,52
mirror,sword,heavy,swift|expose|strike|guard|return|unity,sword,heavy,swift|expose|strike|guard|return|unity,aggressive,aggressive,0,0,1,4,0,14
mirror,sword,heavy,swift|expose|strike|guard|return|unity,sword,heavy,swift|expose|strike|guard|return|unity,aggressive,aggressive,0,1,0,4,14,0
mirror,sword,heavy,swift|expose|strike|guard|return|unity,sword,heavy,swift|expose|strike|guard|return|unity,aggressive,aggressive,1,0,0,5,7,0
mirror,sword,heavy,swift|expose|strike|guard|return|unity,sword,heavy,swift|expose|strike|guard|return|unity,aggressive,aggressive,1,1,1,5,0,7
mirror,sword,heavy,swift|expose|strike|guard|return|unity,sword,heavy,swift|expose|strike|guard|return|unity,aggressive,aggressive,2,0,0,4,35,0
mirror,sword,heavy,swift|expose|strike|guard|return|unity,sword,heavy,swift|expose|strike|guard|return|unity,aggressive,aggressive,2,1,1,4,0,35
mirror,sword,heavy,swift|expose|strike|guard|return|unity,sword,heavy,swift|expose|strike|guard|return|unity,defensive,defensive,0,0,0,16,4,0
mirror,sword,heavy,swift|expose|strike|guard|return|unity,sword,heavy,swift|expose|strike|guard|return|unity,defensive,defensive,0,1,1,16,0,4
mirror,sword,heavy,swift|expose|strike|guard|return|unity,sword,heavy,swift|expose|strike|guard|return|unity,defensive,defensive,1,0,0,18,19,0
mirror,sword,heavy,swift|expose|strike|guard|return|unity,sword,heavy,swift|expose|strike|guard|return|unity,defensive,defensive,1,1,1,18,0,19
mirror,sword,heavy,swift|expose|strike|guard|return|unity,sword,heavy,swift|expose|strike|guard|return|unity,defensive,defensive,2,0,1,13,0,43
mirror,sword,heavy,swift|expose|strike|guard|return|unity,sword,heavy,swift|expose|strike|guard|return|unity,defensive,defensive,2,1,0,13,43,0
mirror,sword,heavy,swift|expose|strike|guard|return|unity,sword,heavy,swift|expose|strike|guard|return|unity,burst,burst,0,0,0,8,108,0
mirror,sword,heavy,swift|expose|strike|guard|return|unity,sword,heavy,swift|expose|strike|guard|return|unity,burst,burst,0,1,1,8,0,108
mirror,sword,heavy,swift|expose|strike|guard|return|unity,sword,heavy,swift|expose|strike|guard|return|unity,burst,burst,1,0,1,6,0,96
mirror,sword,heavy,swift|expose|strike|guard|return|unity,sword,heavy,swift|expose|strike|guard|return|unity,burst,burst,1,1,0,6,96,0
mirror,sword,heavy,swift|expose|strike|guard|return|unity,sword,heavy,swift|expose|strike|guard|return|unity,burst,burst,2,0,0,7,115,0
mirror,sword,heavy,swift|expose|strike|guard|return|unity,sword,heavy,swift|expose|strike|guard|return|unity,burst,burst,2,1,1,7,0,115
loadout,fire,ignite,blaze|heal|vine|ember|nourish|inferno,sword,quick,swift|expose|strike|guard|cut|unity,balanced,balanced,0,0,1,10,0,26
loadout,fire,ignite,blaze|heal|vine|ember|nourish|inferno,sword,quick,swift|expose|strike|guard|cut|unity,balanced,balanced,0,1,1,4,0,140
loadout,fire,ignite,blaze|heal|vine|ember|nourish|inferno,sword,quick,swift|expose|strike|guard|cut|unity,balanced,balanced,1,0,1,10,0,17
loadout,fire,ignite,blaze|heal|vine|ember|nourish|inferno,sword,quick,swift|expose|strike|guard|cut|unity,balanced,balanced,1,1,1,6,0,44
loadout,fire,ignite,blaze|heal|vine|ember|nourish|inferno,sword,quick,swift|expose|strike|guard|cut|unity,balanced,balanced,2,0,0,10,183,0
loadout,fire,ignite,blaze|heal|vine|ember|nourish|inferno,sword,quick,swift|expose|strike|guard|cut|unity,balanced,balanced,2,1,1,4,0,230
loadout,fire,ignite,blaze|heal|vine|ember|nourish|inferno,sword,heavy,swift|expose|strike|guard|return|unity,balanced,balanced,0,0,1,6,0,73
loadout,fire,ignite,blaze|heal|vine|ember|nourish|inferno,sword,heavy,swift|expose|strike|guard|return|unity,balanced,balanced,0,1,1,4,0,117
loadout,fire,ignite,blaze|heal|vine|ember|nourish|inferno,sword,heavy,swift|expose|strike|guard|return|unity,balanced,balanced,1,0,1,6,0,64
loadout,fire,ignite,blaze|heal|vine|ember|nourish|inferno,sword,heavy,swift|expose|strike|guard|return|unity,balanced,balanced,1,1,1,4,0,157
loadout,fire,ignite,blaze|heal|vine|ember|nourish|inferno,sword,heavy,swift|expose|strike|guard|return|unity,balanced,balanced,2,0,1,9,0,41
loadout,fire,ignite,blaze|heal|vine|ember|nourish|inferno,sword,heavy,swift|expose|strike|guard|return|unity,balanced,balanced,2,1,1,5,0,165
loadout,fire,ignite,spark|heal|vine|ember|nourish|inferno,sword,quick,swift|expose|strike|guard|cut|unity,balanced,balanced,0,0,1,8,0,117
loadout,fire,ignite,spark|heal|vine|ember|nourish|inferno,sword,quick,swift|expose|strike|guard|cut|unity,balanced,balanced,0,1,1,4,0,143
loadout,fire,ignite,spark|heal|vine|ember|nourish|inferno,sword,quick,swift|expose|strike|guard|cut|unity,balanced,balanced,1,0,1,12,0,18
loadout,fire,ignite,spark|heal|vine|ember|nourish|inferno,sword,quick,swift|expose|strike|guard|cut|unity,balanced,balanced,1,1,1,4,0,131
loadout,fire,ignite,spark|heal|vine|ember|nourish|inferno,sword,quick,swift|expose|strike|guard|cut|unity,balanced,balanced,2,0,1,11,0,21
loadout,fire,ignite,spark|heal|vine|ember|nourish|inferno,sword,quick,swift|expose|strike|guard|cut|unity,balanced,balanced,2,1,1,4,0,131
loadout,fire,ignite,spark|heal|vine|ember|nourish|inferno,sword,heavy,swift|expose|strike|guard|return|unity,balanced,balanced,0,0,1,8,0,117
loadout,fire,ignite,spark|heal|vine|ember|nourish|inferno,sword,heavy,swift|expose|strike|guard|return|unity,balanced,balanced,0,1,1,5,0,153
loadout,fire,ignite,spark|heal|vine|ember|nourish|inferno,sword,heavy,swift|expose|strike|guard|return|unity,balanced,balanced,1,0,1,11,0,73
loadout,fire,ignite,spark|heal|vine|ember|nourish|inferno,sword,heavy,swift|expose|strike|guard|return|unity,balanced,balanced,1,1,1,7,0,100
loadout,fire,ignite,spark|heal|vine|ember|nourish|inferno,sword,heavy,swift|expose|strike|guard|return|unity,balanced,balanced,2,0,1,11,0,64
loadout,fire,ignite,spark|heal|vine|ember|nourish|inferno,sword,heavy,swift|expose|strike|guard|return|unity,balanced,balanced,2,1,1,5,0,116
loadout,fire,ignite,spark|blaze|vine|ember|nourish|inferno,sword,quick,swift|expose|strike|guard|cut|unity,balanced,balanced,0,0,0,8,6,0
loadout,fire,ignite,spark|blaze|vine|ember|nourish|inferno,sword,quick,swift|expose|strike|guard|cut|unity,balanced,balanced,0,1,1,4,0,70
loadout,fire,ignite,spark|blaze|vine|ember|nourish|inferno,sword,quick,swift|expose|strike|guard|cut|unity,balanced,balanced,1,0,0,8,92,0
loadout,fire,ignite,spark|blaze|vine|ember|nourish|inferno,sword,quick,swift|expose|strike|guard|cut|unity,balanced,balanced,1,1,1,6,0,5
loadout,fire,ignite,spark|blaze|vine|ember|nourish|inferno,sword,quick,swift|expose|strike|guard|cut|unity,balanced,balanced,2,0,0,8,116,0
loadout,fire,ignite,spark|blaze|vine|ember|nourish|inferno,sword,quick,swift|expose|strike|guard|cut|unity,balanced,balanced,2,1,1,4,0,112
loadout,fire,ignite,spark|blaze|vine|ember|nourish|inferno,sword,heavy,swift|expose|strike|guard|return|unity,balanced,balanced,0,0,0,9,19,0
loadout,fire,ignite,spark|blaze|vine|ember|nourish|inferno,sword,heavy,swift|expose|strike|guard|return|unity,balanced,balanced,0,1,1,4,0,88
loadout,fire,ignite,spark|blaze|vine|ember|nourish|inferno,sword,heavy,swift|expose|strike|guard|return|unity,balanced,balanced,1,0,1,8,0,22
loadout,fire,ignite,spark|blaze|vine|ember|nourish|inferno,sword,heavy,swift|expose|strike|guard|return|unity,balanced,balanced,1,1,1,4,0,88
loadout,fire,ignite,spark|blaze|vine|ember|nourish|inferno,sword,heavy,swift|expose|strike|guard|return|unity,balanced,balanced,2,0,0,8,26,0
loadout,fire,ignite,spark|blaze|vine|ember|nourish|inferno,sword,heavy,swift|expose|strike|guard|return|unity,balanced,balanced,2,1,1,5,0,68
loadout,fire,ignite,spark|blaze|heal|ember|nourish|inferno,sword,quick,swift|expose|strike|guard|cut|unity,balanced,balanced,0,0,0,10,71,0
loadout,fire,ignite,spark|blaze|heal|ember|nourish|inferno,sword,quick,swift|expose|strike|guard|cut|unity,balanced,balanced,0,1,1,4,0,70
loadout,fire,ignite,spark|blaze|heal|ember|nourish|inferno,sword,quick,swift|expose|strike|guard|cut|unity,balanced,balanced,1,0,0,8,154,0
loadout,fire,ignite,spark|blaze|heal|ember|nourish|inferno,sword,quick,swift|expose|strike|guard|cut|unity,balanced,balanced,1,1,0,6,6,0
loadout,fire,ignite,spark|blaze|heal|ember|nourish|inferno,sword,quick,swift|expose|strike|guard|cut|unity,balanced,balanced,2,0,0,8,178,0
loadout,fire,ignite,spark|blaze|heal|ember|nourish|inferno,sword,quick,swift|expose|strike|guard|cut|unity,balanced,balanced,2,1,1,4,0,112
loadout,fire,ignite,spark|blaze|heal|ember|nourish|inferno,sword,heavy,swift|expose|strike|guard|return|unity,balanced,balanced,0,0,0,8,29,0
loadout,fire,ignite,spark|blaze|heal|ember|nourish|inferno,sword,heavy,swift|expose|strike|guard|return|unity,balanced,balanced,0,1,1,4,0,88
loadout,fire,ignite,spark|blaze|heal|ember|nourish|inferno,sword,heavy,swift|expose|strike|guard|return|unity,balanced,balanced,1,0,0,9,35,0
loadout,fire,ignite,spark|blaze|heal|ember|nourish|inferno,sword,heavy,swift|expose|strike|guard|return|unity,balanced,balanced,1,1,1,4,0,88
loadout,fire,ignite,spark|blaze|heal|ember|nourish|inferno,sword,heavy,swift|expose|strike|guard|return|unity,balanced,balanced,2,0,1,6,0,50
loadout,fire,ignite,spark|blaze|heal|ember|nourish|inferno,sword,heavy,swift|expose|strike|guard|return|unity,balanced,balanced,2,1,1,5,0,68
loadout,fire,ignite,spark|blaze|heal|vine|nourish|inferno,sword,quick,swift|expose|strike|guard|cut|unity,balanced,balanced,0,0,0,10,71,0
loadout,fire,ignite,spark|blaze|heal|vine|nourish|inferno,sword,quick,swift|expose|strike|guard|cut|unity,balanced,balanced,0,1,1,4,0,70
loadout,fire,ignite,spark|blaze|heal|vine|nourish|inferno,sword,quick,swift|expose|strike|guard|cut|unity,balanced,balanced,1,0,0,7,152,0
loadout,fire,ignite,spark|blaze|heal|vine|nourish|inferno,sword,quick,swift|expose|strike|guard|cut|unity,balanced,balanced,1,1,1,6,0,5
loadout,fire,ignite,spark|blaze|heal|vine|nourish|inferno,sword,quick,swift|expose|strike|guard|cut|unity,balanced,balanced,2,0,0,7,150,0
loadout,fire,ignite,spark|blaze|heal|vine|nourish|inferno,sword,quick,swift|expose|strike|guard|cut|unity,balanced,balanced,2,1,1,4,0,112
loadout,fire,ignite,spark|blaze|heal|vine|nourish|inferno,sword,heavy,swift|expose|strike|guard|return|unity,balanced,balanced,0,0,0,8,29,0
loadout,fire,ignite,spark|blaze|heal|vine|nourish|inferno,sword,heavy,swift|expose|strike|guard|return|unity,balanced,balanced,0,1,1,4,0,88
loadout,fire,ignite,spark|blaze|heal|vine|nourish|inferno,sword,heavy,swift|expose|strike|guard|return|unity,balanced,balanced,1,0,0,9,35,0
loadout,fire,ignite,spark|blaze|heal|vine|nourish|inferno,sword,heavy,swift|expose|strike|guard|return|unity,balanced,balanced,1,1,1,4,0,88
loadout,fire,ignite,spark|blaze|heal|vine|nourish|inferno,sword,heavy,swift|expose|strike|guard|return|unity,balanced,balanced,2,0,0,9,19,0
loadout,fire,ignite,spark|blaze|heal|vine|nourish|inferno,sword,heavy,swift|expose|strike|guard|return|unity,balanced,balanced,2,1,1,5,0,68
loadout,fire,ignite,spark|blaze|heal|vine|ember|inferno,sword,quick,swift|expose|strike|guard|cut|unity,balanced,balanced,0,0,0,7,131,0
loadout,fire,ignite,spark|blaze|heal|vine|ember|inferno,sword,quick,swift|expose|strike|guard|cut|unity,balanced,balanced,0,1,1,4,0,78
loadout,fire,ignite,spark|blaze|heal|vine|ember|inferno,sword,quick,swift|expose|strike|guard|cut|unity,balanced,balanced,1,0,0,14,112,0
loadout,fire,ignite,spark|blaze|heal|vine|ember|inferno,sword,quick,swift|expose|strike|guard|cut|unity,balanced,balanced,1,1,1,5,0,58
loadout,fire,ignite,spark|blaze|heal|vine|ember|inferno,sword,quick,swift|expose|strike|guard|cut|unity,balanced,balanced,2,0,0,7,150,0
loadout,fire,ignite,spark|blaze|heal|vine|ember|inferno,sword,quick,swift|expose|strike|guard|cut|unity,balanced,balanced,2,1,1,4,0,112
loadout,fire,ignite,spark|blaze|heal|vine|ember|inferno,sword,heavy,swift|expose|strike|guard|return|unity,balanced,balanced,0,0,0,9,32,0
loadout,fire,ignite,spark|blaze|heal|vine|ember|inferno,sword,heavy,swift|expose|strike|guard|return|unity,balanced,balanced,0,1,1,4,0,96
loadout,fire,ignite,spark|blaze|heal|vine|ember|inferno,sword,heavy,swift|expose|strike|guard|return|unity,balanced,balanced,1,0,0,11,55,0
loadout,fire,ignite,spark|blaze|heal|vine|ember|inferno,sword,heavy,swift|expose|strike|guard|return|unity,balanced,balanced,1,1,1,5,0,76
loadout,fire,ignite,spark|blaze|heal|vine|ember|inferno,sword,heavy,swift|expose|strike|guard|return|unity,balanced,balanced,2,0,0,9,19,0
loadout,fire,ignite,spark|blaze|heal|vine|ember|inferno,sword,heavy,swift|expose|strike|guard|return|unity,balanced,balanced,2,1,1,4,0,112
loadout,fire,ignite,spark|blaze|heal|vine|ember|nourish,sword,quick,swift|expose|strike|guard|cut|unity,balanced,balanced,0,0,0,10,71,0
loadout,fire,ignite,spark|blaze|heal|vine|ember|nourish,sword,quick,swift|expose|strike|guard|cut|unity,balanced,balanced,0,1,1,4,0,70
loadout,fire,ignite,spark|blaze|heal|vine|ember|nourish,sword,quick,swift|expose|strike|guard|cut|unity,balanced,balanced,1,0,0,7,152,0
loadout,fire,ignite,spark|blaze|heal|vine|ember|nourish,sword,quick,swift|expose|strike|guard|cut|unity,balanced,balanced,1,1,0,7,30,0
loadout,fire,ignite,spark|blaze|heal|vine|ember|nourish,sword,quick,swift|expose|strike|guard|cut|unity,balanced,balanced,2,0,0,7,150,0
loadout,fire,ignite,spark|blaze|heal|vine|ember|nourish,sword,quick,swift|expose|strike|guard|cut|unity,balanced,balanced,2,1,1,4,0,88
loadout,fire,ignite,spark|blaze|heal|vine|ember|nourish,sword,heavy,swift|expose|strike|guard|return|unity,balanced,balanced,0,0,0,8,29,0
loadout,fire,ignite,spark|blaze|heal|vine|ember|nourish,sword,heavy,swift|expose|strike|guard|return|unity,balanced,balanced,0,1,1,4,0,88
loadout,fire,ignite,spark|blaze|heal|vine|ember|nourish,sword,heavy,swift|expose|strike|guard|return|unity,balanced,balanced,1,0,0,9,35,0
loadout,fire,ignite,spark|blaze|heal|vine|ember|nourish,sword,heavy,swift|expose|strike|guard|return|unity,balanced,balanced,1,1,1,4,0,88
loadout,fire,ignite,spark|blaze|heal|vine|ember|nourish,sword,heavy,swift|expose|strike|guard|return|unity,balanced,balanced,2,0,0,7,51,0
loadout,fire,ignite,spark|blaze|heal|vine|ember|nourish,sword,heavy,swift|expose|strike|guard|return|unity,balanced,balanced,2,1,1,5,0,26
loadout,fire,ignite,seed|heal|vine|ember|nourish|inferno,sword,quick,swift|expose|strike|guard|cut|unity,balanced,balanced,0,0,1,5,0,191
loadout,fire,ignite,seed|heal|vine|ember|nourish|inferno,sword,quick,swift|expose|strike|guard|cut|unity,balanced,balanced,0,1,1,3,0,204
loadout,fire,ignite,seed|heal|vine|ember|nourish|inferno,sword,quick,swift|expose|strike|guard|cut|unity,balanced,balanced,1,0,1,5,0,178
loadout,fire,ignite,seed|heal|vine|ember|nourish|inferno,sword,quick,swift|expose|strike|guard|cut|unity,balanced,balanced,1,1,1,4,0,204
loadout,fire,ignite,seed|heal|vine|ember|nourish|inferno,sword,quick,swift|expose|strike|guard|cut|unity,balanced,balanced,2,0,1,12,0,93
loadout,fire,ignite,seed|heal|vine|ember|nourish|inferno,sword,quick,swift|expose|strike|guard|cut|unity,balanced,balanced,2,1,1,5,0,208
loadout,fire,ignite,seed|heal|vine|ember|nourish|inferno,sword,heavy,swift|expose|strike|guard|return|unity,balanced,balanced,0,0,1,12,0,46
loadout,fire,ignite,seed|heal|vine|ember|nourish|inferno,sword,heavy,swift|expose|strike|guard|return|unity,balanced,balanced,0,1,1,4,0,178
loadout,fire,ignite,seed|heal|vine|ember|nourish|inferno,sword,heavy,swift|expose|strike|guard|return|unity,balanced,balanced,1,0,1,8,0,156
loadout,fire,ignite,seed|heal|vine|ember|nourish|inferno,sword,heavy,swift|expose|strike|guard|return|unity,balanced,balanced,1,1,1,4,0,204
loadout,fire,ignite,seed|heal|vine|ember|nourish|inferno,sword,heavy,swift|expose|strike|guard|return|unity,balanced,balanced,2,0,1,7,0,167
loadout,fire,ignite,seed|heal|vine|ember|nourish|inferno,sword,heavy,swift|expose|strike|guard|return|unity,balanced,balanced,2,1,1,6,0,182
loadout,fire,ignite,seed|blaze|vine|ember|nourish|inferno,sword,quick,swift|expose|strike|guard|cut|unity,balanced,balanced,0,0,0,6,31,0
loadout,fire,ignite,seed|blaze|vine|ember|nourish|inferno,sword,quick,swift|expose|strike|guard|cut|unity,balanced,balanced,0,1,1,4,0,140
loadout,fire,ignite,seed|blaze|vine|ember|nourish|inferno,sword,quick,swift|expose|strike|guard|cut|unity,balanced,balanced,1,0,1,5,0,34
loadout,fire,ignite,seed|blaze|vine|ember|nourish|inferno,sword,quick,swift|expose|strike|guard|cut|unity,balanced,balanced,1,1,1,6,0,73
loadout,fire,ignite,seed|blaze|vine|ember|nourish|inferno,sword,quick,swift|expose|strike|guard|cut|unity,balanced,balanced,2,0,1,6,0,5
loadout,fire,ignite,seed|blaze|vine|ember|nourish|inferno,sword,quick,swift|expose|strike|guard|cut|unity,balanced,balanced,2,1,0,6,5,0
loadout,fire,ignite,seed|blaze|vine|ember|nourish|inferno,sword,heavy,swift|expose|strike|guard|return|unity,balanced,balanced,0,0,0,7,123,0
loadout,fire,ignite,seed|blaze|vine|ember|nourish|inferno,sword,heavy,swift|expose|strike|guard|return|unity,balanced,balanced,0,1,1,5,0,122
loadout,fire,ignite,seed|blaze|vine|ember|nourish|inferno,sword,heavy,swift|expose|strike|guard|return|unity,balanced,balanced,1,0,1,5,0,34
loadout,fire,ignite,seed|blaze|vine|ember|nourish|inferno,sword,heavy,swift|expose|strike|guard|return|unity,balanced,balanced,1,1,1,6,0,44
loadout,fire,ignite,seed|blaze|vine|ember|nourish|inferno,sword,heavy,swift|expose|strike|guard|return|unity,balanced,balanced,2,0,0,7,28,0
loadout,fire,ignite,seed|blaze|vine|ember|nourish|inferno,sword,heavy,swift|expose|strike|guard|return|unity,balanced,balanced,2,1,1,5,0,87
loadout,fire,ignite,seed|blaze|heal|ember|nourish|inferno,sword,quick,swift|expose|strike|guard|cut|unity,balanced,balanced,0,0,1,6,0,18
loadout,fire,ignite,seed|blaze|heal|ember|nourish|inferno,sword,quick,swift|expose|strike|guard|cut|unity,balanced,balanced,0,1,1,4,0,140
loadout,fire,ignite,seed|blaze|heal|ember|nourish|inferno,sword,quick,swift|expose|strike|guard|cut|unity,balanced,balanced,1,0,0,5,29,0
loadout,fire,ignite,seed|blaze|heal|ember|nourish|inferno,sword,quick,swift|expose|strike|guard|cut|unity,balanced,balanced,1,1,1,6,0,41
loadout,fire,ignite,seed|blaze|heal|ember|nourish|inferno,sword,quick,swift|expose|strike|guard|cut|unity,balanced,balanced,2,0,1,6,0,6
loadout,fire,ignite,seed|blaze|heal|ember|nourish|inferno,sword,quick,swift|expose|strike|guard|cut|unity,balanced,balanced,2,1,1,6,0,56
loadout,fire,ignite,seed|blaze|heal|ember|nourish|inferno,sword,heavy,swift|expose|strike|guard|return|unity,balanced,balanced,0,0,1,6,0,73
loadout,fire,ignite,seed|blaze|heal|ember|nourish|inferno,sword,heavy,swift|expose|strike|guard|return|unity,balanced,balanced,0,1,1,5,0,122
loadout,fire,ignite,seed|blaze|heal|ember|nourish|inferno,sword,heavy,swift|expose|strike|guard|return|unity,balanced,balanced,1,0,0,5,29,0
loadout,fire,ignite,seed|blaze|heal|ember|nourish|inferno,sword,heavy,swift|expose|strike|guard|return|unity,balanced,balanced,1,1,0,8,123,0
loadout,fire,ignite,seed|blaze|heal|ember|nourish|inferno,sword,heavy,swift|expose|strike|guard|return|unity,balanced,balanced,2,0,0,9,41,0
loadout,fire,ignite,seed|blaze|heal|ember|nourish|inferno,sword,heavy,swift|expose|strike|guard|return|unity,balanced,balanced,2,1,1,5,0,87
loadout,fire,ignite,seed|blaze|heal|vine|nourish|inferno,sword,quick,swift|expose|strike|guard|cut|unity,balanced,balanced,0,0,1,6,0,18
loadout,fire,ignite,seed|blaze|heal|vine|nourish|inferno,sword,quick,swift|expose|strike|guard|cut|unity,balanced,balanced,0,1,1,4,0,104
loadout,fire,ignite,seed|blaze|heal|vine|nourish|inferno,sword,quick,swift|expose|strike|guard|cut|unity,balanced,balanced,1,0,0,5,29,0
loadout,fire,ignite,seed|blaze|heal|vine|nourish|inferno,sword,quick,swift|expose|strike|guard|cut|unity,balanced,balanced,1,1,1,6,0,58
loadout,fire,ignite,seed|blaze|heal|vine|nourish|inferno,sword,quick,swift|expose|strike|guard|cut|unity,balanced,balanced,2,0,1,6,0,6
loadout,fire,ignite,seed|blaze|heal|vine|nourish|inferno,sword,quick,swift|expose|strike|guard|cut|unity,balanced,balanced,2,1,0,6,7,0
loadout,fire,ignite,seed|blaze|heal|vine|nourish|inferno,sword,heavy,swift|expose|strike|guard|return|unity,balanced,balanced,0,0,1,6,0,73
loadout,fire,ignite,seed|blaze|heal|vine|nourish|inferno,sword,heavy,swift|expose|strike|guard|return|unity,balanced,balanced,0,1,1,5,0,101
loadout,fire,ignite,seed|blaze|heal|vine|nourish|inferno,sword,heavy,swift|expose|strike|guard|return|unity,balanced,balanced,1,0,0,5,29,0
loadout,fire,ignite,seed|blaze|heal|vine|nourish|inferno,sword,heavy,swift|expose|strike|guard|return|unity,balanced,balanced,1,1,1,6,0,54
loadout,fire,ignite,seed|blaze|heal|vine|nourish|inferno,sword,heavy,swift|expose|strike|guard|return|unity,balanced,balanced,2,0,0,7,124,0
loadout,fire,ignite,seed|blaze|heal|vine|nourish|inferno,sword,heavy,swift|expose|strike|guard|return|unity,balanced,balanced,2,1,1,5,0,87
loadout,fire,ignite,seed|blaze|heal|vine|ember|inferno,sword,quick,swift|expose|strike|guard|cut|unity,balanced,balanced,0,0,1,6,0,18
loadout,fire,ignite,seed|blaze|heal|vine|ember|inferno,sword,quick,swift|expose|strike|guard|cut|unity,balanced,balanced,0,1,1,4,0,35
loadout,fire,ignite,seed|blaze|heal|vine|ember|inferno,sword,quick,swift|expose|strike|guard|cut|unity,balanced,balanced,1,0,0,5,29,0
loadout,fire,ignite,seed|blaze|heal|vine|ember|inferno,sword,quick,swift|expose|strike|guard|cut|unity,balanced,balanced,1,1,0,6,54,0
loadout,fire,ignite,seed|blaze|heal|vine|ember|inferno,sword,quick,swift|expose|strike|guard|cut|unity,balanced,balanced,2,0,0,6,59,0
loadout,fire,ignite,seed|blaze|heal|vine|ember|inferno,sword,quick,swift|expose|strike|guard|cut|unity,balanced,balanced,2,1,0,6,7,0
loadout,fire,ignite,seed|blaze|heal|vine|ember|inferno,sword,heavy,swift|expose|strike|guard|return|unity,balanced,balanced,0,0,1,6,0,60
loadout,fire,ignite,seed|blaze|heal|vine|ember|inferno,sword,heavy,swift|expose|strike|guard|return|unity,balanced,balanced,0,1,1,5,0,41
loadout,fire,ignite,seed|blaze|heal|vine|ember|inferno,sword,heavy,swift|expose|strike|guard|return|unity,balanced,balanced,1,0,0,5,29,0
loadout,fire,ignite,seed|blaze|heal|vine|ember|inferno,sword,heavy,swift|expose|strike|guard|return|unity,balanced,balanced,1,1,0,9,104,0
loadout,fire,ignite,seed|blaze|heal|vine|ember|inferno,sword,heavy,swift|expose|strike|guard|return|unity,balanced,balanced,2,0,0,7,124,0
loadout,fire,ignite,seed|blaze|heal|vine|ember|inferno,sword,heavy,swift|expose|strike|guard|return|unity,balanced,balanced,2,1,1,5,0,87
loadout,fire,ignite,seed|blaze|heal|vine|ember|nourish,sword,quick,swift|expose|strike|guard|cut|unity,balanced,balanced,0,0,1,6,0,18
loadout,fire,ignite,seed|blaze|heal|vine|ember|nourish,sword,quick,swift|expose|strike|guard|cut|unity,balanced,balanced,0,1,1,4,0,108
loadout,fire,ignite,seed|blaze|heal|vine|ember|nourish,sword,quick,swift|expose|strike|guard|cut|unity,balanced,balanced,1,0,0,5,29,0
loadout,fire,ignite,seed|blaze|heal|vine|ember|nourish,sword,quick,swift|expose|strike|guard|cut|unity,balanced,balanced,1,1,0,6,45,0
loadout,fire,ignite,seed|blaze|heal|vine|ember|nourish,sword,quick,swift|expose|strike|guard|cut|unity,balanced,balanced,2,0,0,6,103,0
loadout,fire,ignite,seed|blaze|heal|vine|ember|nourish,sword,quick,swift|expose|strike|guard|cut|unity,balanced,balanced,2,1,1,6,0,3
loadout,fire,ignite,seed|blaze|heal|vine|ember|nourish,sword,heavy,swift|expose|strike|guard|return|unity,balanced,balanced,0,0,0,7,131,0
loadout,fire,ignite,seed|blaze|heal|vine|ember|nourish,sword,heavy,swift|expose|strike|guard|return|unity,balanced,balanced,0,1,1,5,0,84
loadout,fire,ignite,seed|blaze|heal|vine|ember|nourish,sword,heavy,swift|expose|strike|guard|return|unity,balanced,balanced,1,0,0,5,29,0
loadout,fire,ignite,seed|blaze|heal|vine|ember|nourish,sword,heavy,swift|expose|strike|guard|return|unity,balanced,balanced,1,1,0,8,123,0
loadout,fire,ignite,seed|blaze|heal|vine|ember|nourish,sword,heavy,swift|expose|strike|guard|return|unity,balanced,balanced,2,0,0,6,55,0
loadout,fire,ignite,seed|blaze|heal|vine|ember|nourish,sword,heavy,swift|expose|strike|guard|return|unity,balanced,balanced,2,1,1,6,0,32
loadout,fire,ignite,seed|spark|vine|ember|nourish|inferno,sword,quick,swift|expose|strike|guard|cut|unity,balanced,balanced,0,0,1,6,0,101
loadout,fire,ignite,seed|spark|vine|ember|nourish|inferno,sword,quick,swift|expose|strike|guard|cut|unity,balanced,balanced,0,1,1,4,0,143
loadout,fire,ignite,seed|spark|vine|ember|nourish|inferno,sword,quick,swift|expose|strike|guard|cut|unity,balanced,balanced,1,0,0,11,41,0
loadout,fire,ignite,seed|spark|vine|ember|nourish|inferno,sword,quick,swift|expose|strike|guard|cut|unity,balanced,balanced,1,1,1,4,0,131
loadout,fire,ignite,seed|spark|vine|ember|nourish|inferno,sword,quick,swift|expose|strike|guard|cut|unity,balanced,balanced,2,0,0,11,41,0
loadout,fire,ignite,seed|spark|vine|ember|nourish|inferno,sword,quick,swift|expose|strike|guard|cut|unity,balanced,balanced,2,1,1,4,0,131
loadout,fire,ignite,seed|spark|vine|ember|nourish|inferno,sword,heavy,swift|expose|strike|guard|return|unity,balanced,balanced,0,0,1,10,0,21
loadout,fire,ignite,seed|spark|vine|ember|nourish|inferno,sword,heavy,swift|expose|strike|guard|return|unity,balanced,balanced,0,1,1,4,0,161
loadout,fire,ignite,seed|spark|vine|ember|nourish|inferno,sword,heavy,swift|expose|strike|guard|return|unity,balanced,balanced,1,0,1,8,0,85
loadout,fire,ignite,seed|spark|vine|ember|nourish|inferno,sword,heavy,swift|expose|strike|guard|return|unity,balanced,balanced,1,1,1,4,0,161
loadout,fire,ignite,seed|spark|vine|ember|nourish|inferno,sword,heavy,swift|expose|strike|guard|return|unity,balanced,balanced,2,0,1,8,0,76
loadout,fire,ignite,seed|spark|vine|ember|nourish|inferno,sword,heavy,swift|expose|strike|guard|return|unity,balanced,balanced,2,1,1,5,0,116
loadout,fire,ignite,seed|spark|heal|ember|nourish|inferno,sword,quick,swift|expose|strike|guard|cut|unity,balanced,balanced,0,0,1,8,0,122
loadout,fire,ignite,seed|spark|heal|ember|nourish|inferno,sword,quick,swift|expose|strike|guard|cut|unity,balanced,balanced,0,1,1,4,0,143
loadout,fire,ignite,seed|spark|heal|ember|nourish|inferno,sword,quick,swift|expose|strike|guard|cut|unity,balanced,balanced,1,0,1,12,0,18
loadout,fire,ignite,seed|spark|heal|ember|nourish|inferno,sword,quick,swift|expose|strike|guard|cut|unity,balanced,balanced,1,1,1,4,0,131
loadout,fire,ignite,seed|spark|heal|ember|nourish|inferno,sword,quick,swift|expose|strike|guard|cut|unity,balanced,balanced,2,0,1,11,0,21
loadout,fire,ignite,seed|spark|heal|ember|nourish|inferno,sword,quick,swift|expose|strike|guard|cut|unity,balanced,balanced,2,1,1,4,0,131
loadout,fire,ignite,seed|spark|heal|ember|nourish|inferno,sword,heavy,swift|expose|strike|guard|return|unity,balanced,balanced,0,0,1,6,0,138
loadout,fire,ignite,seed|spark|heal|ember|nourish|inferno,sword,heavy,swift|expose|strike|guard|return|unity,balanced,balanced,0,1,1,5,0,153
loadout,fire,ignite,seed|spark|heal|ember|nourish|inferno,sword,heavy,swift|expose|strike|guard|return|unity,balanced,balanced,1,0,1,11,0,73
loadout,fire,ignite,seed|spark|heal|ember|nourish|inferno,sword,heavy,swift|expose|strike|guard|return|unity,balanced,balanced,1,1,1,7,0,100
loadout,fire,ignite,seed|spark|heal|ember|nourish|inferno,sword,heavy,swift|expose|strike|guard|return|unity,balanced,balanced,2,0,1,11,0,64
loadout,fire,ignite,seed|spark|heal|ember|nourish|inferno,sword,heavy,swift|expose|strike|guard|return|unity,balanced,balanced,2,1,1,5,0,116
loadout,fire,ignite,seed|spark|heal|vine|nourish|inferno,sword,quick,swift|expose|strike|guard|cut|unity,balanced,balanced,0,0,1,8,0,117
loadout,fire,ignite,seed|spark|heal|vine|nourish|inferno,sword,quick,swift|expose|strike|guard|cut|unity,balanced,balanced,0,1,1,4,0,143
loadout,fire,ignite,seed|spark|heal|vine|nourish|inferno,sword,quick,swift|expose|strike|guard|cut|unity,balanced,balanced,1,0,1,12,0,18
loadout,fire,ignite,seed|spark|heal|vine|nourish|inferno,sword,quick,swift|expose|strike|guard|cut|unity,balanced,balanced,1,1,1,4,0,131
loadout,fire,ignite,seed|spark|heal|vine|nourish|inferno,sword,quick,swift|expose|strike|guard|cut|unity,balanced,balanced,2,0,1,11,0,21
loadout,fire,ignite,seed|spark|heal|vine|nourish|inferno,sword,quick,swift|expose|strike|guard|cut|unity,balanced,balanced,2,1,1,4,0,131
loadout,fire,ignite,seed|spark|heal|vine|nourish|inferno,sword,heavy,swift|expose|strike|guard|return|unity,balanced,balanced,0,0,1,8,0,117
loadout,fire,ignite,seed|spark|heal|vine|nourish|inferno,sword,heavy,swift|expose|strike|guard|return|unity,balanced,balanced,0,1,1,5,0,153
loadout,fire,ignite,seed|spark|heal|vine|nourish|inferno,sword,heavy,swift|expose|strike|guard|return|unity,balanced,balanced,1,0,1,11,0,73
loadout,fire,ignite,seed|spark|heal|vine|nourish|inferno,sword,heavy,swift|expose|strike|guard|return|unity,balanced,balanced,1,1,1,7,0,100
loadout,fire,ignite,seed|spark|heal|vine|nourish|inferno,sword,heavy,swift|expose|strike|guard|return|unity,balanced,balanced,2,0,1,11,0,64
loadout,fire,ignite,seed|spark|heal|vine|nourish|inferno,sword,heavy,swift|expose|strike|guard|return|unity,balanced,balanced,2,1,1,5,0,116
loadout,fire,ignite,seed|spark|heal|vine|ember|inferno,sword,quick,swift|expose|strike|guard|cut|unity,balanced,balanced,0,0,1,8,0,117
loadout,fire,ignite,seed|spark|heal|vine|ember|inferno,sword,quick,swift|expose|strike|guard|cut|unity,balanced,balanced,0,1,1,4,0,118
loadout,fire,ignite,seed|spark|heal|vine|ember|inferno,sword,quick,swift|expose|strike|guard|cut|unity,balanced,balanced,1,0,0,15,175,0
loadout,fire,ignite,seed|spark|heal|vine|ember|inferno,sword,quick,swift|expose|strike|guard|cut|unity,balanced,balanced,1,1,1,4,0,118
loadout,fire,ignite,seed|spark|heal|vine|ember|inferno,sword,quick,swift|expose|strike|guard|cut|unity,balanced,balanced,2,0,0,15,175,0
loadout,fire,ignite,seed|spark|heal|vine|ember|inferno,sword,quick,swift|expose|strike|guard|cut|unity,balanced,balanced,2,1,1,5,0,88
loadout,fire,ignite,seed|spark|heal|vine|ember|inferno,sword,heavy,swift|expose|strike|guard|return|unity,balanced,balanced,0,0,1,8,0,117
loadout,fire,ignite,seed|spark|heal|vine|ember|inferno,sword,heavy,swift|expose|strike|guard|return|unity,balanced,balanced,0,1,1,4,0,152
loadout,fire,ignite,seed|spark|heal|vine|ember|inferno,sword,heavy,swift|expose|strike|guard|return|unity,balanced,balanced,1,0,0,12,26,0
loadout,fire,ignite,seed|spark|heal|vine|ember|inferno,sword,heavy,swift|expose|strike|guard|return|unity,balanced,balanced,1,1,1,4,0,136
loadout,fire,ignite,seed|spark|heal|vine|ember|inferno,sword,heavy,swift|expose|strike|guard|return|unity,balanced,balanced,2,0,0,11,134,0
loadout,fire,ignite,seed|spark|heal|vine|ember|inferno,sword,heavy,swift|expose|strike|guard|return|unity,balanced,balanced,2,1,1,5,0,128
loadout,fire,ignite,seed|spark|heal|vine|ember|nourish,sword,quick,swift|expose|strike|guard|cut|unity,balanced,balanced,0,0,1,8,0,117
loadout,fire,ignite,seed|spark|heal|vine|ember|nourish,sword,quick,swift|expose|strike|guard|cut|unity,balanced,balanced,0,1,1,4,0,143
loadout,fire,ignite,seed|spark|heal|vine|ember|nourish,sword,quick,swift|expose|strike|guard|cut|unity,balanced,balanced,1,0,0,12,25,0
loadout,fire,ignite,seed|spark|heal|vine|ember|nourish,sword,quick,swift|expose|strike|guard|cut|unity,balanced,balanced,1,1,1,4,0,123
loadout,fire,ignite,seed|spark|heal|vine|ember|nourish,sword,quick,swift|expose|strike|guard|cut|unity,balanced,balanced,2,0,1,11,0,21
loadout,fire,ignite,seed|spark|heal|vine|ember|nourish,sword,quick,swift|expose|strike|guard|cut|unity,balanced,balanced,2,1,1,4,0,123
loadout,fire,ignite,seed|spark|heal|vine|ember|nourish,sword,heavy,swift|expose|strike|guard|return|unity,balanced,balanced,0,0,1,8,0,117
loadout,fire,ignite,seed|spark|heal|vine|ember|nourish,sword,heavy,swift|expose|strike|guard|return|unity,balanced,balanced,0,1,1,5,0,153
loadout,fire,ignite,seed|spark|heal|vine|ember|nourish,sword,heavy,swift|expose|strike|guard|return|unity,balanced,balanced,1,0,0,14,32,0
loadout,fire,ignite,seed|spark|heal|vine|ember|nourish,sword,heavy,swift|expose|strike|guard|return|unity,balanced,balanced,1,1,1,7,0,100
loadout,fire,ignite,seed|spark|heal|vine|ember|nourish,sword,heavy,swift|expose|strike|guard|return|unity,balanced,balanced,2,0,0,14,32,0
loadout,fire,ignite,seed|spark|heal|vine|ember|nourish,sword,heavy,swift|expose|strike|guard|return|unity,balanced,balanced,2,1,1,5,0,116
loadout,fire,ignite,seed|spark|blaze|ember|nourish|inferno,sword,quick,swift|expose|strike|guard|cut|unity,balanced,balanced,0,0,0,5,75,0
loadout,fire,ignite,seed|spark|blaze|ember|nourish|inferno,sword,quick,swift|expose|strike|guard|cut|unity,balanced,balanced,0,1,1,4,0,70
loadout,fire,ignite,seed|spark|blaze|ember|nourish|inferno,sword,quick,swift|expose|strike|guard|cut|unity,balanced,balanced,1,0,0,5,75,0
loadout,fire,ignite,seed|spark|blaze|ember|nourish|inferno,sword,quick,swift|expose|strike|guard|cut|unity,balanced,balanced,1,1,0,6,3,0
loadout,fire,ignite,seed|spark|blaze|ember|nourish|inferno,sword,quick,swift|expose|strike|guard|cut|unity,balanced,balanced,2,0,0,5,168,0
loadout,fire,ignite,seed|spark|blaze|ember|nourish|inferno,sword,quick,swift|expose|strike|guard|cut|unity,balanced,balanced,2,1,1,5,0,100
loadout,fire,ignite,seed|spark|blaze|ember|nourish|inferno,sword,heavy,swift|expose|strike|guard|return|unity,balanced,balanced,0,0,0,4,78,0
loadout,fire,ignite,seed|spark|blaze|ember|nourish|inferno,sword,heavy,swift|expose|strike|guard|return|unity,balanced,balanced,0,1,1,5,0,48
loadout,fire,ignite,seed|spark|blaze|ember|nourish|inferno,sword,heavy,swift|expose|strike|guard|return|unity,balanced,balanced,1,0,0,5,76,0
loadout,fire,ignite,seed|spark|blaze|ember|nourish|inferno,sword,heavy,swift|expose|strike|guard|return|unity,balanced,balanced,1,1,1,6,0,21
loadout,fire,ignite,seed|spark|blaze|ember|nourish|inferno,sword,heavy,swift|expose|strike|guard|return|unity,balanced,balanced,2,0,0,6,87,0
loadout,fire,ignite,seed|spark|blaze|ember|nourish|inferno,sword,heavy,swift|expose|strike|guard|return|unity,balanced,balanced,2,1,1,5,0,53
loadout,fire,ignite,seed|spark|blaze|vine|nourish|inferno,sword,quick,swift|expose|strike|guard|cut|unity,balanced,balanced,0,0,0,5,75,0
loadout,fire,ignite,seed|spark|blaze|vine|nourish|inferno,sword,quick,swift|expose|strike|guard|cut|unity,balanced,balanced,0,1,1,4,0,70
loadout,fire,ignite,seed|spark|blaze|vine|nourish|inferno,sword,quick,swift|expose|strike|guard|cut|unity,balanced,balanced,1,0,0,5,75,0
loadout,fire,ignite,seed|spark|blaze|vine|nourish|inferno,sword,quick,swift|expose|strike|guard|cut|unity,balanced,balanced,1,1,1,8,0,17
loadout,fire,ignite,seed|spark|blaze|vine|nourish|inferno,sword,quick,swift|expose|strike|guard|cut|unity,balanced,balanced,2,0,0,5,109,0
loadout,fire,ignite,seed|spark|blaze|vine|nourish|inferno,sword,quick,swift|expose|strike|guard|cut|unity,balanced,balanced,2,1,0,8,49,0
loadout,fire,ignite,seed|spark|blaze|vine|nourish|inferno,sword,heavy,swift|expose|strike|guard|return|unity,balanced,balanced,0,0,0,4,78,0
loadout,fire,ignite,seed|spark|blaze|vine|nourish|inferno,sword,heavy,swift|expose|strike|guard|return|unity,balanced,balanced,0,1,1,5,0,39
loadout,fire,ignite,seed|spark|blaze|vine|nourish|inferno,sword,heavy,swift|expose|strike|guard|return|unity,balanced,balanced,1,0,0,5,76,0
loadout,fire,ignite,seed|spark|blaze|vine|nourish|inferno,sword,heavy,swift|expose|strike|guard|return|unity,balanced,balanced,1,1,1,6,0,11
loadout,fire,ignite,seed|spark|blaze|vine|nourish|inferno,sword,heavy,swift|expose|strike|guard|return|unity,balanced,balanced,2,0,0,6,87,0
loadout,fire,ignite,seed|spark|blaze|vine|nourish|inferno,sword,heavy,swift|expose|strike|guard|return|unity,balanced,balanced,2,1,0,6,181,0
loadout,fire,ignite,seed|spark|blaze|vine|ember|inferno,sword,quick,swift|expose|strike|guard|cut|unity,balanced,balanced,0,0,0,5,61,0
loadout,fire,ignite,seed|spark|blaze|vine|ember|inferno,sword,quick,swift|expose|strike|guard|cut|unity,balanced,balanced,0,1,1,4,0,15
loadout,fire,ignite,seed|spark|blaze|vine|ember|inferno,sword,quick,swift|expose|strike|guard|cut|unity,balanced,balanced,1,0,0,5,61,0
loadout,fire,ignite,seed|spark|blaze|vine|ember|inferno,sword,quick,swift|expose|strike|guard|cut|unity,balanced,balanced,1,1,0,6,64,0
loadout,fire,ignite,seed|spark|blaze|vine|ember|inferno,sword,quick,swift|expose|strike|guard|cut|unity,balanced,balanced,2,0,0,5,109,0
loadout,fire,ignite,seed|spark|blaze|vine|ember|inferno,sword,quick,swift|expose|strike|guard|cut|unity,balanced,balanced,2,1,1,5,0,64
loadout,fire,ignite,seed|spark|blaze|vine|ember|inferno,sword,heavy,swift|expose|strike|guard|return|unity,balanced,balanced,0,0,0,4,78,0
loadout,fire,ignite,seed|spark|blaze|vine|ember|inferno,sword,heavy,swift|expose|strike|guard|return|unity,balanced,balanced,0,1,0,4,7,0
loadout,fire,ignite,seed|spark|blaze|vine|ember|inferno,sword,heavy,swift|expose|strike|guard|return|unity,balanced,balanced,1,0,0,5,76,0
loadout,fire,ignite,seed|spark|blaze|vine|ember|inferno,sword,heavy,swift|expose|strike|guard|return|unity,balanced,balanced,1,1,0,6,22,0
loadout,fire,ignite,seed|spark|blaze|vine|ember|inferno,sword,heavy,swift|expose|strike|guard|return|unity,balanced,balanced,2,0,1,5,0,45
loadout,fire,ignite,seed|spark|blaze|vine|ember|inferno,sword,heavy,swift|expose|strike|guard|return|unity,balanced,balanced,2,1,0,6,167,0
loadout,fire,ignite,seed|spark|blaze|vine|ember|nourish,sword,quick,swift|expose|strike|guard|cut|unity,balanced,balanced,0,0,0,5,75,0
loadout,fire,ignite,seed|spark|blaze|vine|ember|nourish,sword,quick,swift|expose|strike|guard|cut|unity,balanced,balanced,0,1,1,4,0,70
loadout,fire,ignite,seed|spark|blaze|vine|ember|nourish,sword,quick,swift|expose|strike|guard|cut|unity,balanced,balanced,1,0,0,5,75,0
loadout,fire,ignite,seed|spark|blaze|vine|ember|nourish,sword,quick,swift|expose|strike|guard|cut|unity,balanced,balanced,1,1,1,8,0,17
loadout,fire,ignite,seed|spark|blaze|vine|ember|nourish,sword,quick,swift|expose|strike|guard|cut|unity,balanced,balanced,2,0,0,5,154,0
loadout,fire,ignite,seed|spark|blaze|vine|ember|nourish,sword,quick,swift|expose|strike|guard|cut|unity,balanced,balanced,2,1,0,6,32,0
loadout,fire,ignite,seed|spark|blaze|vine|ember|nourish,sword,heavy,swift|expose|strike|guard|return|unity,balanced,balanced,0,0,0,4,78,0
loadout,fire,ignite,seed|spark|blaze|vine|ember|nourish,sword,heavy,swift|expose|strike|guard|return|unity,balanced,balanced,0,1,1,5,0,39
loadout,fire,ignite,seed|spark|blaze|vine|ember|nourish,sword,heavy,swift|expose|strike|guard|return|unity,balanced,balanced,1,0,0,5,76,0
loadout,fire,ignite,seed|spark|blaze|vine|ember|nourish,sword,heavy,swift|expose|strike|guard|return|unity,balanced,balanced,1,1,0,6,2,0
loadout,fire,ignite,seed|spark|blaze|vine|ember|nourish,sword,heavy,swift|expose|strike|guard|return|unity,balanced,balanced,2,0,0,6,87,0
loadout,fire,ignite,seed|spark|blaze|vine|ember|nourish,sword,heavy,swift|expose|strike|guard|return|unity,balanced,balanced,2,1,0,7,9,0
loadout,fire,ignite,seed|spark|blaze|heal|nourish|inferno,sword,quick,swift|expose|strike|guard|cut|unity,balanced,balanced,0,0,0,5,75,0
loadout,fire,ignite,seed|spark|blaze|heal|nourish|inferno,sword,quick,swift|expose|strike|guard|cut|unity,balanced,balanced,0,1,1,4,0,70
loadout,fire,ignite,seed|spark|blaze|heal|nourish|inferno,sword,quick,swift|expose|strike|guard|cut|unity,balanced,balanced,1,0,0,7,15,0
loadout,fire,ignite,seed|spark|blaze|heal|nourish|inferno,sword,quick,swift|expose|strike|guard|cut|unity,balanced,balanced,1,1,0,7,42,0
loadout,fire,ignite,seed|spark|blaze|heal|nourish|inferno,sword,quick,swift|expose|strike|guard|cut|unity,balanced,balanced,2,0,0,5,180,0
loadout,fire,ignite,seed|spark|blaze|heal|nourish|inferno,sword,quick,swift|expose|strike|guard|cut|unity,balanced,balanced,2,1,1,6,0,38
loadout,fire,ignite,seed|spark|blaze|heal|nourish|inferno,sword,heavy,swift|expose|strike|guard|return|unity,balanced,balanced,0,0,0,4,78,0
loadout,fire,ignite,seed|spark|blaze|heal|nourish|inferno,sword,heavy,swift|expose|strike|guard|return|unity,balanced,balanced,0,1,1,5,0,81
loadout,fire,ignite,seed|spark|blaze|heal|nourish|inferno,sword,heavy,swift|expose|strike|guard|return|unity,balanced,balanced,1,0,0,8,96,0
loadout,fire,ignite,seed|spark|blaze|heal|nourish|inferno,sword,heavy,swift|expose|strike|guard|return|unity,balanced,balanced,1,1,1,7,0,40
loadout,fire,ignite,seed|spark|blaze|heal|nourish|inferno,sword,heavy,swift|expose|strike|guard|return|unity,balanced,balanced,2,0,0,7,65,0
loadout,fire,ignite,seed|spark|blaze|heal|nourish|inferno,sword,heavy,swift|expose|strike|guard|return|unity,balanced,balanced,2,1,1,6,0,72
loadout,fire,ignite,seed|spark|blaze|heal|ember|inferno,sword,quick,swift|expose|strike|guard|cut|unity,balanced,balanced,0,0,0,5,61,0
loadout,fire,ignite,seed|spark|blaze|heal|ember|inferno,sword,quick,swift|expose|strike|guard|cut|unity,balanced,balanced,0,1,1,4,0,15
loadout,fire,ignite,seed|spark|blaze|heal|ember|inferno,sword,quick,swift|expose|strike|guard|cut|unity,balanced,balanced,1,0,0,7,1,0
loadout,fire,ignite,seed|spark|blaze|heal|ember|inferno,sword,quick,swift|expose|strike|guard|cut|unity,balanced,balanced,1,1,0,6,4,0
loadout,fire,ignite,seed|spark|blaze|heal|ember|inferno,sword,quick,swift|expose|strike|guard|cut|unity,balanced,balanced,2,0,0,5,180,0
loadout,fire,ignite,seed|spark|blaze|heal|ember|inferno,sword,quick,swift|expose|strike|guard|cut|unity,balanced,balanced,2,1,1,6,0,25
loadout,fire,ignite,seed|spark|blaze|heal|ember|inferno,sword,heavy,swift|expose|strike|guard|return|unity,balanced,balanced,0,0,0,4,78,0
loadout,fire,ignite,seed|spark|blaze|heal|ember|inferno,sword,heavy,swift|expose|strike|guard|return|unity,balanced,balanced,0,1,0,4,7,0
loadout,fire,ignite,seed|spark|blaze|heal|ember|inferno,sword,heavy,swift|expose|strike|guard|return|unity,balanced,balanced,1,0,0,8,96,0
loadout,fire,ignite,seed|spark|blaze|heal|ember|inferno,sword,heavy,swift|expose|strike|guard|return|unity,balanced,balanced,1,1,1,6,0,37
loadout,fire,ignite,seed|spark|blaze|heal|ember|inferno,sword,heavy,swift|expose|strike|guard|return|unity,balanced,balanced,2,0,0,7,65,0
loadout,fire,ignite,seed|spark|blaze|heal|ember|inferno,sword,heavy,swift|expose|strike|guard|return|unity,balanced,balanced,2,1,1,6,0,72
loadout,fire,ignite,seed|spark|blaze|heal|ember|nourish,sword,quick,swift|expose|strike|guard|cut|unity,balanced,balanced,0,0,0,5,75,0
loadout,fire,ignite,seed|spark|blaze|heal|ember|nourish,sword,quick,swift|expose|strike|guard|cut|unity,balanced,balanced,0,1,1,4,0,70
loadout,fire,ignite,seed|spark|blaze|heal|ember|nourish,sword,quick,swift|expose|strike|guard|cut|unity,balanced,balanced,1,0,0,7,15,0
loadout,fire,ignite,seed|spark|blaze|heal|ember|nourish,sword,quick,swift|expose|strike|guard|cut|unity,balanced,balanced,1,1,0,7,42,0
loadout,fire,ignite,seed|spark|blaze|heal|ember|nourish,sword,quick,swift|expose|strike|guard|cut|unity,balanced,balanced,2,0,0,5,180,0
loadout,fire,ignite,seed|spark|blaze|heal|ember|nourish,sword,quick,swift|expose|strike|guard|cut|unity,balanced,balanced,2,1,1,6,0,1
loadout,fire,ignite,seed|spark|blaze|heal|ember|nourish,sword,heavy,swift|expose|strike|guard|return|unity,balanced,balanced,0,0,0,4,78,0
loadout,fire,ignite,seed|spark|blaze|heal|ember|nourish,sword,heavy,swift|expose|strike|guard|return|unity,balanced,balanced,0,1,1,5,0,57
loadout,fire,ignite,seed|spark|blaze|heal|ember|nourish,sword,heavy,swift|expose|strike|guard|return|unity,balanced,balanced,1,0,0,8,96,0
loadout,fire,ignite,seed|spark|blaze|heal|ember|nourish,sword,heavy,swift|expose|strike|guard|return|unity,balanced,balanced,1,1,0,7,30,0
loadout,fire,ignite,seed|spark|blaze|heal|ember|nourish,sword,heavy,swift|expose|strike|guard|return|unity,balanced,balanced,2,0,0,6,65,0
loadout,fire,ignite,seed|spark|blaze|heal|ember|nourish,sword,heavy,swift|expose|strike|guard|return|unity,balanced,balanced,2,1,1,6,0,48
loadout,fire,ignite,seed|spark|blaze|heal|vine|inferno,sword,quick,swift|expose|strike|guard|cut|unity,balanced,balanced,0,0,0,5,61,0
loadout,fire,ignite,seed|spark|blaze|heal|vine|inferno,sword,quick,swift|expose|strike|guard|cut|unity,balanced,balanced,0,1,1,4,0,15
loadout,fire,ignite,seed|spark|blaze|heal|vine|inferno,sword,quick,swift|expose|strike|guard|cut|unity,balanced,balanced,1,0,0,7,1,0
loadout,fire,ignite,seed|spark|blaze|heal|vine|inferno,sword,quick,swift|expose|strike|guard|cut|unity,balanced,balanced,1,1,0,8,177,0
loadout,fire,ignite,seed|spark|blaze|heal|vine|inferno,sword,quick,swift|expose|strike|guard|cut|unity,balanced,balanced,2,0,0,5,109,0
loadout,fire,ignite,seed|spark|blaze|heal|vine|inferno,sword,quick,swift|expose|strike|guard|cut|unity,balanced,balanced,2,1,0,7,116,0
loadout,fire,ignite,seed|spark|blaze|heal|vine|inferno,sword,heavy,swift|expose|strike|guard|return|unity,balanced,balanced,0,0,0,4,78,0
loadout,fire,ignite,seed|spark|blaze|heal|vine|inferno,sword,heavy,swift|expose|strike|guard|return|unity,balanced,balanced,0,1,0,4,7,0
loadout,fire,ignite,seed|spark|blaze|heal|vine|inferno,sword,heavy,swift|expose|strike|guard|return|unity,balanced,balanced,1,0,0,8,96,0
loadout,fire,ignite,seed|spark|blaze|heal|vine|inferno,sword,heavy,swift|expose|strike|guard|return|unity,balanced,balanced,1,1,0,7,26,0
loadout,fire,ignite,seed|spark|blaze|heal|vine|inferno,sword,heavy,swift|expose|strike|guard|return|unity,balanced,balanced,2,0,0,7,65,0
loadout,fire,ignite,seed|spark|blaze|heal|vine|inferno,sword,heavy,swift|expose|strike|guard|return|unity,balanced,balanced,2,1,0,6,193,0
loadout,fire,ignite,seed|spark|blaze|heal|vine|nourish,sword,quick,swift|expose|strike|guard|cut|unity,balanced,balanced,0,0,0,5,75,0
loadout,fire,ignite,seed|spark|blaze|heal|vine|nourish,sword,quick,swift|expose|strike|guard|cut|unity,balanced,balanced,0,1,1,4,0,70
loadout,fire,ignite,seed|spark|blaze|heal|vine|nourish,sword,quick,swift|expose|strike|guard|cut|unity,balanced,balanced,1,0,0,7,15,0
loadout,fire,ignite,seed|spark|blaze|heal|vine|nourish,sword,quick,swift|expose|strike|guard|cut|unity,balanced,balanced,1,1,0,7,156,0
loadout,fire,ignite,seed|spark|blaze|heal|vine|nourish,sword,quick,swift|expose|strike|guard|cut|unity,balanced,balanced,2,0,0,5,192,0
loadout,fire,ignite,seed|spark|blaze|heal|vine|nourish,sword,quick,swift|expose|strike|guard|cut|unity,balanced,balanced,2,1,0,6,92,0
loadout,fire,ignite,seed|spark|blaze|heal|vine|nourish,sword,heavy,swift|expose|strike|guard|return|unity,balanced,balanced,0,0,0,4,78,0
loadout,fire,ignite,seed|spark|blaze|heal|vine|nourish,sword,heavy,swift|expose|strike|guard|return|unity,balanced,balanced,0,1,1,5,0,57
loadout,fire,ignite,seed|spark|blaze|heal|vine|nourish,sword,heavy,swift|expose|strike|guard|return|unity,balanced,balanced,1,0,0,8,96,0
loadout,fire,ignite,seed|spark|blaze|heal|vine|nourish,sword,heavy,swift|expose|strike|guard|return|unity,balanced,balanced,1,1,0,6,20,0
loadout,fire,ignite,seed|spark|blaze|heal|vine|nourish,sword,heavy,swift|expose|strike|guard|return|unity,balanced,balanced,2,0,0,6,65,0
loadout,fire,ignite,seed|spark|blaze|heal|vine|nourish,sword,heavy,swift|expose|strike|guard|return|unity,balanced,balanced,2,1,0,6,26,0
loadout,fire,ignite,seed|spark|blaze|heal|vine|ember,sword,quick,swift|expose|strike|guard|cut|unity,balanced,balanced,0,0,0,5,61,0
loadout,fire,ignite,seed|spark|blaze|heal|vine|ember,sword,quick,swift|expose|strike|guard|cut|unity,balanced,balanced,0,1,1,4,0,15
loadout,fire,ignite,seed|spark|blaze|heal|vine|ember,sword,quick,swift|expose|strike|guard|cut|unity,balanced,balanced,1,0,0,7,1,0
loadout,fire,ignite,seed|spark|blaze|heal|vine|ember,sword,quick,swift|expose|strike|guard|cut|unity,balanced,balanced,1,1,0,8,177,0
loadout,fire,ignite,seed|spark|blaze|heal|vine|ember,sword,quick,swift|expose|strike|guard|cut|unity,balanced,balanced,2,0,0,5,192,0
loadout,fire,ignite,seed|spark|blaze|heal|vine|ember,sword,quick,swift|expose|strike|guard|cut|unity,balanced,balanced,2,1,0,6,92,0
loadout,fire,ignite,seed|spark|blaze|heal|vine|ember,sword,heavy,swift|expose|strike|guard|return|unity,balanced,balanced,0,0,0,4,78,0
loadout,fire,ignite,seed|spark|blaze|heal|vine|ember,sword,heavy,swift|expose|strike|guard|return|unity,balanced,balanced,0,1,0,4,7,0
loadout,fire,ignite,seed|spark|blaze|heal|vine|ember,sword,heavy,swift|expose|strike|guard|return|unity,balanced,balanced,1,0,0,8,96,0
loadout,fire,ignite,seed|spark|blaze|heal|vine|ember,sword,heavy,swift|expose|strike|guard|return|unity,balanced,balanced,1,1,0,6,48,0
loadout,fire,ignite,seed|spark|blaze|heal|vine|ember,sword,heavy,swift|expose|strike|guard|return|unity,balanced,balanced,2,0,0,6,65,0
loadout,fire,ignite,seed|spark|blaze|heal|vine|ember,sword,heavy,swift|expose|strike|guard|return|unity,balanced,balanced,2,1,0,6,26,0
loadout,fire,sustain,blaze|heal|vine|ember|nourish|inferno,sword,quick,swift|expose|strike|guard|cut|unity,balanced,balanced,0,0,0,11,42,0
loadout,fire,sustain,blaze|heal|vine|ember|nourish|inferno,sword,quick,swift|expose|strike|guard|cut|unity,balanced,balanced,0,1,1,5,0,124
loadout,fire,sustain,blaze|heal|vine|ember|nourish|inferno,sword,quick,swift|expose|strike|guard|cut|unity,balanced,balanced,1,0,0,11,42,0
loadout,fire,sustain,blaze|heal|vine|ember|nourish|inferno,sword,quick,swift|expose|strike|guard|cut|unity,balanced,balanced,1,1,1,6,0,44
loadout,fire,sustain,blaze|heal|vine|ember|nourish|inferno,sword,quick,swift|expose|strike|guard|cut|unity,balanced,balanced,2,0,0,10,187,0
loadout,fire,sustain,blaze|heal|vine|ember|nourish|inferno,sword,quick,swift|expose|strike|guard|cut|unity,balanced,balanced,2,1,1,6,0,161
loadout,fire,sustain,blaze|heal|vine|ember|nourish|inferno,sword,heavy,swift|expose|strike|guard|return|unity,balanced,balanced,0,0,1,6,0,73
loadout,fire,sustain,blaze|heal|vine|ember|nourish|inferno,sword,heavy,swift|expose|strike|guard|return|unity,balanced,balanced,0,1,1,4,0,117
loadout,fire,sustain,blaze|heal|vine|ember|nourish|inferno,sword,heavy,swift|expose|strike|guard|return|unity,balanced,balanced,1,0,1,6,0,64
loadout,fire,sustain,blaze|heal|vine|ember|nourish|inferno,sword,heavy,swift|expose|strike|guard|return|unity,balanced,balanced,1,1,1,5,0,165
loadout,fire,sustain,blaze|heal|vine|ember|nourish|inferno,sword,heavy,swift|expose|strike|guard|return|unity,balanced,balanced,2,0,0,9,76,0
loadout,fire,sustain,blaze|heal|vine|ember|nourish|inferno,sword,heavy,swift|expose|strike|guard|return|unity,balanced,balanced,2,1,1,6,0,137
loadout,fire,sustain,spark|heal|vine|ember|nourish|inferno,sword,quick,swift|expose|strike|guard|cut|unity,balanced,balanced,0,0,0,16,60,0
loadout,fire,sustain,spark|heal|vine|ember|nourish|inferno,sword,quick,swift|expose|strike|guard|cut|unity,balanced,balanced,0,1,1,5,0,98
loadout,fire,sustain,spark|heal|vine|ember|nourish|inferno,sword,quick,swift|expose|strike|guard|cut|unity,balanced,balanced,1,0,0,14,27,0
loadout,fire,sustain,spark|heal|vine|ember|nourish|inferno,sword,quick,swift|expose|strike|guard|cut|unity,balanced,balanced,1,1,1,5,0,85
loadout,fire,sustain,spark|heal|vine|ember|nourish|inferno,sword,quick,swift|expose|strike|guard|cut|unity,balanced,balanced,2,0,1,12,0,41
loadout,fire,sustain,spark|heal|vine|ember|nourish|inferno,sword,quick,swift|expose|strike|guard|cut|unity,balanced,balanced,2,1,1,6,0,56
loadout,fire,sustain,spark|heal|vine|ember|nourish|inferno,sword,heavy,swift|expose|strike|guard|return|unity,balanced,balanced,0,0,0,15,77,0
loadout,fire,sustain,spark|heal|vine|ember|nourish|inferno,sword,heavy,swift|expose|strike|guard|return|unity,balanced,balanced,0,1,1,5,0,116
loadout,fire,sustain,spark|heal|vine|ember|nourish|inferno,sword,heavy,swift|expose|strike|guard|return|unity,balanced,balanced,1,0,1,14,0,21
loadout,fire,sustain,spark|heal|vine|ember|nourish|inferno,sword,heavy,swift|expose|strike|guard|return|unity,balanced,balanced,1,1,1,5,0,116
loadout,fire,sustain,spark|heal|vine|ember|nourish|inferno,sword,heavy,swift|expose|strike|guard|return|unity,balanced,balanced,2,0,1,14,0,12
loadout,fire,sustain,spark|heal|vine|ember|nourish|inferno,sword,heavy,swift|expose|strike|guard|return|unity,balanced,balanced,2,1,1,5,0,116
loadout,fire,sustain,spark|blaze|vine|ember|nourish|inferno,sword,quick,swift|expose|strike|guard|cut|unity,balanced,balanced,0,0,0,8,80,0
loadout,fire,sustain,spark|blaze|vine|ember|nourish|inferno,sword,quick,swift|expose|strike|guard|cut|unity,balanced,balanced,0,1,1,5,0,50
loadout,fire,sustain,spark|blaze|vine|ember|nourish|inferno,sword,quick,swift|expose|strike|guard|cut|unity,balanced,balanced,1,0,0,8,138,0
loadout,fire,sustain,spark|blaze|vine|ember|nourish|inferno,sword,quick,swift|expose|strike|guard|cut|unity,balanced,balanced,1,1,0,5,70,0
loadout,fire,sustain,spark|blaze|vine|ember|nourish|inferno,sword,quick,swift|expose|strike|guard|cut|unity,balanced,balanced,2,0,0,7,140,0
loadout,fire,sustain,spark|blaze|vine|ember|nourish|inferno,sword,quick,swift|expose|strike|guard|cut|unity,balanced,balanced,2,1,1,5,0,68
loadout,fire,sustain,spark|blaze|vine|ember|nourish|inferno,sword,heavy,swift|expose|strike|guard|return|unity,balanced,balanced,0,0,0,8,84,0
loadout,fire,sustain,spark|blaze|vine|ember|nourish|inferno,sword,heavy,swift|expose|strike|guard|return|unity,balanced,balanced,0,1,1,4,0,88
loadout,fire,sustain,spark|blaze|vine|ember|nourish|inferno,sword,heavy,swift|expose|strike|guard|return|unity,balanced,balanced,1,0,0,8,63,0
loadout,fire,sustain,spark|blaze|vine|ember|nourish|inferno,sword,heavy,swift|expose|strike|guard|return|unity,balanced,balanced,1,1,1,5,0,26
loadout,fire,sustain,spark|blaze|vine|ember|nourish|inferno,sword,heavy,swift|expose|strike|guard|return|unity,balanced,balanced,2,0,1,6,0,42
loadout,fire,sustain,spark|blaze|vine|ember|nourish|inferno,sword,heavy,swift|expose|strike|guard|return|unity,balanced,balanced,2,1,1,6,0,6
loadout,fire,sustain,spark|blaze|heal|ember|nourish|inferno,sword,quick,swift|expose|strike|guard|cut|unity,balanced,balanced,0,0,0,10,113,0
loadout,fire,sustain,spark|blaze|heal|ember|nourish|inferno,sword,quick,swift|expose|strike|guard|cut|unity,balanced,balanced,0,1,1,5,0,50
loadout,fire,sustain,spark|blaze|heal|ember|nourish|inferno,sword,quick,swift|expose|strike|guard|cut|unity,balanced,balanced,1,0,0,10,210,0
loadout,fire,sustain,spark|blaze|heal|ember|nourish|inferno,sword,quick,swift|expose|strike|guard|cut|unity,balanced,balanced,1,1,0,6,30,0
loadout,fire,sustain,spark|blaze|heal|ember|nourish|inferno,sword,quick,swift|expose|strike|guard|cut|unity,balanced,balanced,2,0,0,8,194,0
loadout,fire,sustain,spark|blaze|heal|ember|nourish|inferno,sword,quick,swift|expose|strike|guard|cut|unity,balanced,balanced,2,1,1,5,0,68
loadout,fire,sustain,spark|blaze|heal|ember|nourish|inferno,sword,heavy,swift|expose|strike|guard|return|unity,balanced,balanced,0,0,0,9,65,0
loadout,fire,sustain,spark|blaze|heal|ember|nourish|inferno,sword,heavy,swift|expose|strike|guard|return|unity,balanced,balanced,0,1,1,4,0,88
loadout,fire,sustain,spark|blaze|heal|ember|nourish|inferno,sword,heavy,swift|expose|strike|guard|return|unity,balanced,balanced,1,0,0,9,65,0
loadout,fire,sustain,spark|blaze|heal|ember|nourish|inferno,sword,heavy,swift|expose|strike|guard|return|unity,balanced,balanced,1,1,1,5,0,60
loadout,fire,sustain,spark|blaze|heal|ember|nourish|inferno,sword,heavy,swift|expose|strike|guard|return|unity,balanced,balanced,2,0,0,10,11,0
loadout,fire,sustain,spark|blaze|heal|ember|nourish|inferno,sword,heavy,swift|expose|strike|guard|return|unity,balanced,balanced,2,1,1,6,0,40
loadout,fire,sustain,spark|blaze|heal|vine|nourish|inferno,sword,quick,swift|expose|strike|guard|cut|unity,balanced,balanced,0,0,0,10,113,0
loadout,fire,sustain,spark|blaze|heal|vine|nourish|inferno,sword,quick,swift|expose|strike|guard|cut|unity,balanced,balanced,0,1,1,5,0,50
loadout,fire,sustain,spark|blaze|heal|vine|nourish|inferno,sword,quick,swift|expose|strike|guard|cut|unity,balanced,balanced,1,0,0,10,210,0
loadout,fire,sustain,spark|blaze|heal|vine|nourish|inferno,sword,quick,swift|expose|strike|guard|cut|unity,balanced,balanced,1,1,0,6,5,0
loadout,fire,sustain,spark|blaze|heal|vine|nourish|inferno,sword,quick,swift|expose|strike|guard|cut|unity,balanced,balanced,2,0,0,7,154,0
loadout,fire,sustain,spark|blaze|heal|vine|nourish|inferno,sword,quick,swift|expose|strike|guard|cut|unity,balanced,balanced,2,1,1,5,0,68
loadout,fire,sustain,spark|blaze|heal|vine|nourish|inferno,sword,heavy,swift|expose|strike|guard|return|unity,balanced,balanced,0,0,0,9,65,0
loadout,fire,sustain,spark|blaze|heal|vine|nourish|inferno,sword,heavy,swift|expose|strike|guard|return|unity,balanced,balanced,0,1,1,4,0,88
loadout,fire,sustain,spark|blaze|heal|vine|nourish|inferno,sword,heavy,swift|expose|strike|guard|return|unity,balanced,balanced,1,0,0,9,65,0
loadout,fire,sustain,spark|blaze|heal|vine|nourish|inferno,sword,heavy,swift|expose|strike|guard|return|unity,balanced,balanced,1,1,1,5,0,60
loadout,fire,sustain,spark|blaze|heal|vine|nourish|inferno,sword,heavy,swift|expose|strike|guard|return|unity,balanced,balanced,2,0,0,9,27,0
loadout,fire,sustain,spark|blaze|heal|vine|nourish|inferno,sword,heavy,swift|expose|strike|guard|return|unity,balanced,balanced,2,1,1,6,0,40
loadout,fire,sustain,spark|blaze|heal|vine|ember|inferno,sword,quick,swift|expose|strike|guard|cut|unity,balanced,balanced,0,0,0,9,103,0
loadout,fire,sustain,spark|blaze|heal|vine|ember|inferno,sword,quick,swift|expose|strike|guard|cut|unity,balanced,balanced,0,1,1,4,0,78
loadout,fire,sustain,spark|blaze|heal|vine|ember|inferno,sword,quick,swift|expose|strike|guard|cut|unity,balanced,balanced,1,0,0,14,156,0
loadout,fire,sustain,spark|blaze|heal|vine|ember|inferno,sword,quick,swift|expose|strike|guard|cut|unity,balanced,balanced,1,1,1,6,0,5
loadout,fire,sustain,spark|blaze|heal|vine|ember|inferno,sword,quick,swift|expose|strike|guard|cut|unity,balanced,balanced,2,0,0,7,154,0
loadout,fire,sustain,spark|blaze|heal|vine|ember|inferno,sword,quick,swift|expose|strike|guard|cut|unity,balanced,balanced,2,1,1,4,0,112
loadout,fire,sustain,spark|blaze|heal|vine|ember|inferno,sword,heavy,swift|expose|strike|guard|return|unity,balanced,balanced,0,0,0,9,29,0
loadout,fire,sustain,spark|blaze|heal|vine|ember|inferno,sword,heavy,swift|expose|strike|guard|return|unity,balanced,balanced,0,1,1,4,0,96
loadout,fire,sustain,spark|blaze|heal|vine|ember|inferno,sword,heavy,swift|expose|strike|guard|return|unity,balanced,balanced,1,0,0,11,97,0
loadout,fire,sustain,spark|blaze|heal|vine|ember|inferno,sword,heavy,swift|expose|strike|guard|return|unity,balanced,balanced,1,1,1,4,0,96
loadout,fire,sustain,spark|blaze|heal|vine|ember|inferno,sword,heavy,swift|expose|strike|guard|return|unity,balanced,balanced,2,0,0,9,27,0
loadout,fire,sustain,spark|blaze|heal|vine|ember|inferno,sword,heavy,swift|expose|strike|guard|return|unity,balanced,balanced,2,1,0,6,75,0
loadout,fire,sustain,spark|blaze|heal|vine|ember|nourish,sword,quick,swift|expose|strike|guard|cut|unity,balanced,balanced,0,0,0,10,113,0
loadout,fire,sustain,spark|blaze|heal|vine|ember|nourish,sword,quick,swift|expose|strike|guard|cut|unity,balanced,balanced,0,1,1,5,0,26
loadout,fire,sustain,spark|blaze|heal|vine|ember|nourish,sword,quick,swift|expose|strike|guard|cut|unity,balanced,balanced,1,0,0,10,210,0
loadout,fire,sustain,spark|blaze|heal|vine|ember|nourish,sword,quick,swift|expose|strike|guard|cut|unity,balanced,balanced,1,1,0,7,54,0
loadout,fire,sustain,spark|blaze|heal|vine|ember|nourish,sword,quick,swift|expose|strike|guard|cut|unity,balanced,balanced,2,0,0,7,154,0
loadout,fire,sustain,spark|blaze|heal|vine|ember|nourish,sword,quick,swift|expose|strike|guard|cut|unity,balanced,balanced,2,1,1,5,0,26
loadout,fire,sustain,spark|blaze|heal|vine|ember|nourish,sword,heavy,swift|expose|strike|guard|return|unity,balanced,balanced,0,0,0,9,65,0
loadout,fire,sustain,spark|blaze|heal|vine|ember|nourish,sword,heavy,swift|expose|strike|guard|return|unity,balanced,balanced,0,1,1,4,0,88
loadout,fire,sustain,spark|blaze|heal|vine|ember|nourish,sword,heavy,swift|expose|strike|guard|return|unity,balanced,balanced,1,0,0,9,65,0
loadout,fire,sustain,spark|blaze|heal|vine|ember|nourish,sword,heavy,swift|expose|strike|guard|return|unity,balanced,balanced,1,1,1,5,0,60
loadout,fire,sustain,spark|blaze|heal|vine|ember|nourish,sword,heavy,swift|expose|strike|guard|return|unity,balanced,balanced,2,0,0,7,69,0
loadout,fire,sustain,spark|blaze|heal|vine|ember|nourish,sword,heavy,swift|expose|strike|guard|return|unity,balanced,balanced,2,1,1,5,0,26
loadout,fire,sustain,seed|heal|vine|ember|nourish|inferno,sword,quick,swift|expose|strike|guard|cut|unity,balanced,balanced,0,0,1,9,0,179
loadout,fire,sustain,seed|heal|vine|ember|nourish|inferno,sword,quick,swift|expose|strike|guard|cut|unity,balanced,balanced,0,1,1,4,0,152
loadout,fire,sustain,seed|heal|vine|ember|nourish|inferno,sword,quick,swift|expose|strike|guard|cut|unity,balanced,balanced,1,0,1,14,0,111
loadout,fire,sustain,seed|heal|vine|ember|nourish|inferno,sword,quick,swift|expose|strike|guard|cut|unity,balanced,balanced,1,1,1,4,0,204
loadout,fire,sustain,seed|heal|vine|ember|nourish|inferno,sword,quick,swift|expose|strike|guard|cut|unity,balanced,balanced,2,0,1,11,0,1
loadout,fire,sustain,seed|heal|vine|ember|nourish|inferno,sword,quick,swift|expose|strike|guard|cut|unity,balanced,balanced,2,1,1,5,0,156
loadout,fire,sustain,seed|heal|vine|ember|nourish|inferno,sword,heavy,swift|expose|strike|guard|return|unity,balanced,balanced,0,0,1,6,0,177
loadout,fire,sustain,seed|heal|vine|ember|nourish|inferno,sword,heavy,swift|expose|strike|guard|return|unity,balanced,balanced,0,1,1,4,0,152
loadout,fire,sustain,seed|heal|vine|ember|nourish|inferno,sword,heavy,swift|expose|strike|guard|return|unity,balanced,balanced,1,0,1,6,0,182
loadout,fire,sustain,seed|heal|vine|ember|nourish|inferno,sword,heavy,swift|expose|strike|guard|return|unity,balanced,balanced,1,1,1,6,0,174
loadout,fire,sustain,seed|heal|vine|ember|nourish|inferno,sword,heavy,swift|expose|strike|guard|return|unity,balanced,balanced,2,0,0,21,67,0
loadout,fire,sustain,seed|heal|vine|ember|nourish|inferno,sword,heavy,swift|expose|strike|guard|return|unity,balanced,balanced,2,1,1,6,0,156
loadout,fire,sustain,seed|blaze|vine|ember|nourish|inferno,sword,quick,swift|expose|strike|guard|cut|unity,balanced,balanced,0,0,1,10,0,10
loadout,fire,sustain,seed|blaze|vine|ember|nourish|inferno,sword,quick,swift|expose|strike|guard|cut|unity,balanced,balanced,0,1,1,6,0,80
loadout,fire,sustain,seed|blaze|vine|ember|nourish|inferno,sword,quick,swift|expose|strike|guard|cut|unity,balanced,balanced,1,0,1,8,0,65
loadout,fire,sustain,seed|blaze|vine|ember|nourish|inferno,sword,quick,swift|expose|strike|guard|cut|unity,balanced,balanced,1,1,0,7,139,0
loadout,fire,sustain,seed|blaze|vine|ember|nourish|inferno,sword,quick,swift|expose|strike|guard|cut|unity,balanced,balanced,2,0,0,7,96,0
loadout,fire,sustain,seed|blaze|vine|ember|nourish|inferno,sword,quick,swift|expose|strike|guard|cut|unity,balanced,balanced,2,1,1,6,0,108
loadout,fire,sustain,seed|blaze|vine|ember|nourish|inferno,sword,heavy,swift|expose|strike|guard|return|unity,balanced,balanced,0,0,0,8,152,0
loadout,fire,sustain,seed|blaze|vine|ember|nourish|inferno,sword,heavy,swift|expose|strike|guard|return|unity,balanced,balanced,0,1,1,5,0,122
loadout,fire,sustain,seed|blaze|vine|ember|nourish|inferno,sword,heavy,swift|expose|strike|guard|return|unity,balanced,balanced,1,0,0,8,135,0
loadout,fire,sustain,seed|blaze|vine|ember|nourish|inferno,sword,heavy,swift|expose|strike|guard|return|unity,balanced,balanced,1,1,0,6,140,0
loadout,fire,sustain,seed|blaze|vine|ember|nourish|inferno,sword,heavy,swift|expose|strike|guard|return|unity,balanced,balanced,2,0,0,9,84,0
loadout,fire,sustain,seed|blaze|vine|ember|nourish|inferno,sword,heavy,swift|expose|strike|guard|return|unity,balanced,balanced,2,1,0,8,97,0
loadout,fire,sustain,seed|blaze|heal|ember|nourish|inferno,sword,quick,swift|expose|strike|guard|cut|unity,balanced,balanced,0,0,1,7,0,54
loadout,fire,sustain,seed|blaze|heal|ember|nourish|inferno,sword,quick,swift|expose|strike|guard|cut|unity,balanced,balanced,0,1,1,5,0,124
loadout,fire,sustain,seed|blaze|heal|ember|nourish|inferno,sword,quick,swift|expose|strike|guard|cut|unity,balanced,balanced,1,0,1,10,0,112
loadout,fire,sustain,seed|blaze|heal|ember|nourish|inferno,sword,quick,swift|expose|strike|guard|cut|unity,balanced,balanced,1,1,0,6,49,0
loadout,fire,sustain,seed|blaze|heal|ember|nourish|inferno,sword,quick,swift|expose|strike|guard|cut|unity,balanced,balanced,2,0,0,8,77,0
loadout,fire,sustain,seed|blaze|heal|ember|nourish|inferno,sword,quick,swift|expose|strike|guard|cut|unity,balanced,balanced,2,1,1,6,0,108
loadout,fire,sustain,seed|blaze|heal|ember|nourish|inferno,sword,heavy,swift|expose|strike|guard|return|unity,balanced,balanced,0,0,1,6,0,73
loadout,fire,sustain,seed|blaze|heal|ember|nourish|inferno,sword,heavy,swift|expose|strike|guard|return|unity,balanced,balanced,0,1,1,5,0,122
loadout,fire,sustain,seed|blaze|heal|ember|nourish|inferno,sword,heavy,swift|expose|strike|guard|return|unity,balanced,balanced,1,0,0,11,66,0
loadout,fire,sustain,seed|blaze|heal|ember|nourish|inferno,sword,heavy,swift|expose|strike|guard|return|unity,balanced,balanced,1,1,1,8,0,10
loadout,fire,sustain,seed|blaze|heal|ember|nourish|inferno,sword,heavy,swift|expose|strike|guard|return|unity,balanced,balanced,2,0,0,11,11,0
loadout,fire,sustain,seed|blaze|heal|ember|nourish|inferno,sword,heavy,swift|expose|strike|guard|return|unity,balanced,balanced,2,1,0,9,22,0
loadout,fire,sustain,seed|blaze|heal|vine|nourish|inferno,sword,quick,swift|expose|strike|guard|cut|unity,balanced,balanced,0,0,0,9,9,0
loadout,fire,sustain,seed|blaze|heal|vine|nourish|inferno,sword,quick,swift|expose|strike|guard|cut|unity,balanced,balanced,0,1,1,4,0,120
loadout,fire,sustain,seed|blaze|heal|vine|nourish|inferno,sword,quick,swift|expose|strike|guard|cut|unity,balanced,balanced,1,0,1,10,0,112
loadout,fire,sustain,seed|blaze|heal|vine|nourish|inferno,sword,quick,swift|expose|strike|guard|cut|unity,balanced,balanced,1,1,0,9,81,0
loadout,fire,sustain,seed|blaze|heal|vine|nourish|inferno,sword,quick,swift|expose|strike|guard|cut|unity,balanced,balanced,2,0,0,7,88,0
loadout,fire,sustain,seed|blaze|heal|vine|nourish|inferno,sword,quick,swift|expose|strike|guard|cut|unity,balanced,balanced,2,1,0,7,51,0
loadout,fire,sustain,seed|blaze|heal|vine|nourish|inferno,sword,heavy,swift|expose|strike|guard|return|unity,balanced,balanced,0,0,1,6,0,73
loadout,fire,sustain,seed|blaze|heal|vine|nourish|inferno,sword,heavy,swift|expose|strike|guard|return|unity,balanced,balanced,0,1,0,7,84,0
loadout,fire,sustain,seed|blaze|heal|vine|nourish|inferno,sword,heavy,swift|expose|strike|guard|return|unity,balanced,balanced,1,0,0,10,36,0
loadout,fire,sustain,seed|blaze|heal|vine|nourish|inferno,sword,heavy,swift|expose|strike|guard|return|unity,balanced,balanced,1,1,0,8,148,0
loadout,fire,sustain,seed|blaze|heal|vine|nourish|inferno,sword,heavy,swift|expose|strike|guard|return|unity,balanced,balanced,2,0,0,8,74,0
loadout,fire,sustain,seed|blaze|heal|vine|nourish|inferno,sword,heavy,swift|expose|strike|guard|return|unity,balanced,balanced,2,1,1,5,0,134
loadout,fire,sustain,seed|blaze|heal|vine|ember|inferno,sword,quick,swift|expose|strike|guard|cut|unity,balanced,balanced,0,0,1,7,0,54
loadout,fire,sustain,seed|blaze|heal|vine|ember|inferno,sword,quick,swift|expose|strike|guard|cut|unity,balanced,balanced,0,1,1,5,0,75
loadout,fire,sustain,seed|blaze|heal|vine|ember|inferno,sword,quick,swift|expose|strike|guard|cut|unity,balanced,balanced,1,0,1,10,0,112
loadout,fire,sustain,seed|blaze|heal|vine|ember|inferno,sword,quick,swift|expose|strike|guard|cut|unity,balanced,balanced,1,1,1,6,0,11
loadout,fire,sustain,seed|blaze|heal|vine|ember|inferno,sword,quick,swift|expose|strike|guard|cut|unity,balanced,balanced,2,0,1,8,0,10
loadout,fire,sustain,seed|blaze|heal|vine|ember|inferno,sword,quick,swift|expose|strike|guard|cut|unity,balanced,balanced,2,1,1,7,0,66
loadout,fire,sustain,seed|blaze|heal|vine|ember|inferno,sword,heavy,swift|expose|strike|guard|return|unity,balanced,balanced,0,0,1,6,0,60
loadout,fire,sustain,seed|blaze|heal|vine|ember|inferno,sword,heavy,swift|expose|strike|guard|return|unity,balanced,balanced,0,1,1,4,0,130
loadout,fire,sustain,seed|blaze|heal|vine|ember|inferno,sword,heavy,swift|expose|strike|guard|return|unity,balanced,balanced,1,0,0,10,56,0
loadout,fire,sustain,seed|blaze|heal|vine|ember|inferno,sword,heavy,swift|expose|strike|guard|return|unity,balanced,balanced,1,1,1,7,0,39
loadout,fire,sustain,seed|blaze|heal|vine|ember|inferno,sword,heavy,swift|expose|strike|guard|return|unity,balanced,balanced,2,0,1,7,0,35
loadout,fire,sustain,seed|blaze|heal|vine|ember|inferno,sword,heavy,swift|expose|strike|guard|return|unity,balanced,balanced,2,1,1,8,0,15
loadout,fire,sustain,seed|blaze|heal|vine|ember|nourish,sword,quick,swift|expose|strike|guard|cut|unity,balanced,balanced,0,0,1,7,0,54
loadout,fire,sustain,seed|blaze|heal|vine|ember|nourish,sword,quick,swift|expose|strike|guard|cut|unity,balanced,balanced,0,1,1,5,0,62
loadout,fire,sustain,seed|blaze|heal|vine|ember|nourish,sword,quick,swift|expose|strike|guard|cut|unity,balanced,balanced,1,0,0,11,30,0
loadout,fire,sustain,seed|blaze|heal|vine|ember|nourish,sword,quick,swift|expose|strike|guard|cut|unity,balanced,balanced,1,1,0,7,73,0
loadout,fire,sustain,seed|blaze|heal|vine|ember|nourish,sword,quick,swift|expose|strike|guard|cut|unity,balanced,balanced,2,0,0,8,85,0
loadout,fire,sustain,seed|blaze|heal|vine|ember|nourish,sword,quick,swift|expose|strike|guard|cut|unity,balanced,balanced,2,1,0,7,13,0
loadout,fire,sustain,seed|blaze|heal|vine|ember|nourish,sword,heavy,swift|expose|strike|guard|return|unity,balanced,balanced,0,0,0,8,169,0
loadout,fire,sustain,seed|blaze|heal|vine|ember|nourish,sword,heavy,swift|expose|strike|guard|return|unity,balanced,balanced,0,1,1,5,0,84
loadout,fire,sustain,seed|blaze|heal|vine|ember|nourish,sword,heavy,swift|expose|strike|guard|return|unity,balanced,balanced,1,0,1,9,0,23
loadout,fire,sustain,seed|blaze|heal|vine|ember|nourish,sword,heavy,swift|expose|strike|guard|return|unity,balanced,balanced,1,1,0,8,165,0
loadout,fire,sustain,seed|blaze|heal|vine|ember|nourish,sword,heavy,swift|expose|strike|guard|return|unity,balanced,balanced,2,0,0,9,37,0
loadout,fire,sustain,seed|blaze|heal|vine|ember|nourish,sword,heavy,swift|expose|strike|guard|return|unity,balanced,balanced,2,1,0,10,124,0
loadout,fire,sustain,seed|spark|vine|ember|nourish|inferno,sword,quick,swift|expose|strike|guard|cut|unity,balanced,balanced,0,0,1,11,0,43
loadout,fire,sustain,seed|spark|vine|ember|nourish|inferno,sword,quick,swift|expose|strike|guard|cut|unity,balanced,balanced,0,1,1,4,0,143
loadout,fire,sustain,seed|spark|vine|ember|nourish|inferno,sword,quick,swift|expose|strike|guard|cut|unity,balanced,balanced,1,0,1,8,0,47
loadout,fire,sustain,seed|spark|vine|ember|nourish|inferno,sword,quick,swift|expose|strike|guard|cut|unity,balanced,balanced,1,1,1,4,0,131
loadout,fire,sustain,seed|spark|vine|ember|nourish|inferno,sword,quick,swift|expose|strike|guard|cut|unity,balanced,balanced,2,0,1,8,0,38
loadout,fire,sustain,seed|spark|vine|ember|nourish|inferno,sword,quick,swift|expose|strike|guard|cut|unity,balanced,balanced,2,1,1,4,0,131
loadout,fire,sustain,seed|spark|vine|ember|nourish|inferno,sword,heavy,swift|expose|strike|guard|return|unity,balanced,balanced,0,0,1,6,0,118
loadout,fire,sustain,seed|spark|vine|ember|nourish|inferno,sword,heavy,swift|expose|strike|guard|return|unity,balanced,balanced,0,1,1,5,0,116
loadout,fire,sustain,seed|spark|vine|ember|nourish|inferno,sword,heavy,swift|expose|strike|guard|return|unity,balanced,balanced,1,0,1,8,0,109
loadout,fire,sustain,seed|spark|vine|ember|nourish|inferno,sword,heavy,swift|expose|strike|guard|return|unity,balanced,balanced,1,1,1,5,0,116
loadout,fire,sustain,seed|spark|vine|ember|nourish|inferno,sword,heavy,swift|expose|strike|guard|return|unity,balanced,balanced,2,0,1,8,0,100
loadout,fire,sustain,seed|spark|vine|ember|nourish|inferno,sword,heavy,swift|expose|strike|guard|return|unity,balanced,balanced,2,1,1,5,0,116
loadout,fire,sustain,seed|spark|heal|ember|nourish|inferno,sword,quick,swift|expose|strike|guard|cut|unity,balanced,balanced,0,0,1,8,0,118
loadout,fire,sustain,seed|spark|heal|ember|nourish|inferno,sword,quick,swift|expose|strike|guard|cut|unity,balanced,balanced,0,1,1,5,0,98
loadout,fire,sustain,seed|spark|heal|ember|nourish|inferno,sword,quick,swift|expose|strike|guard|cut|unity,balanced,balanced,1,0,0,14,33,0
loadout,fire,sustain,seed|spark|heal|ember|nourish|inferno,sword,quick,swift|expose|strike|guard|cut|unity,balanced,balanced,1,1,1,5,0,85
loadout,fire,sustain,seed|spark|heal|ember|nourish|inferno,sword,quick,swift|expose|strike|guard|cut|unity,balanced,balanced,2,0,1,12,0,41
loadout,fire,sustain,seed|spark|heal|ember|nourish|inferno,sword,quick,swift|expose|strike|guard|cut|unity,balanced,balanced,2,1,1,6,0,56
loadout,fire,sustain,seed|spark|heal|ember|nourish|inferno,sword,heavy,swift|expose|strike|guard|return|unity,balanced,balanced,0,0,1,14,0,5
loadout,fire,sustain,seed|spark|heal|ember|nourish|inferno,sword,heavy,swift|expose|strike|guard|return|unity,balanced,balanced,0,1,1,5,0,116
loadout,fire,sustain,seed|spark|heal|ember|nourish|inferno,sword,heavy,swift|expose|strike|guard|return|unity,balanced,balanced,1,0,1,14,0,21
loadout,fire,sustain,seed|spark|heal|ember|nourish|inferno,sword,heavy,swift|expose|strike|guard|return|unity,balanced,balanced,1,1,1,5,0,116
loadout,fire,sustain,seed|spark|heal|ember|nourish|inferno,sword,heavy,swift|expose|strike|guard|return|unity,balanced,balanced,2,0,1,14,0,12
loadout,fire,sustain,seed|spark|heal|ember|nourish|inferno,sword,heavy,swift|expose|strike|guard|return|unity,balanced,balanced,2,1,1,5,0,116
loadout,fire,sustain,seed|spark|heal|vine|nourish|inferno,sword,quick,swift|expose|strike|guard|cut|unity,balanced,balanced,0,0,0,16,60,0
loadout,fire,sustain,seed|spark|heal|vine|nourish|inferno,sword,quick,swift|expose|strike|guard|cut|unity,balanced,balanced,0,1,1,5,0,98
loadout,fire,sustain,seed|spark|heal|vine|nourish|inferno,sword,quick,swift|expose|strike|guard|cut|unity,balanced,balanced,1,0,0,14,27,0
loadout,fire,sustain,seed|spark|heal|vine|nourish|inferno,sword,quick,swift|expose|strike|guard|cut|unity,balanced,balanced,1,1,1,5,0,85
loadout,fire,sustain,seed|spark|heal|vine|nourish|inferno,sword,quick,swift|expose|strike|guard|cut|unity,balanced,balanced,2,0,1,12,0,41
loadout,fire,sustain,seed|spark|heal|vine|nourish|inferno,sword,quick,swift|expose|strike|guard|cut|unity,balanced,balanced,2,1,1,6,0,56
loadout,fire,sustain,seed|spark|heal|vine|nourish|inferno,sword,heavy,swift|expose|strike|guard|return|unity,balanced,balanced,0,0,0,15,77,0
loadout,fire,sustain,seed|spark|heal|vine|nourish|inferno,sword,heavy,swift|expose|strike|guard|return|unity,balanced,balanced,0,1,1,5,0,116
loadout,fire,sustain,seed|spark|heal|vine|nourish|inferno,sword,heavy,swift|expose|strike|guard|return|unity,balanced,balanced,1,0,1,14,0,21
loadout,fire,sustain,seed|spark|heal|vine|nourish|inferno,sword,heavy,swift|expose|strike|guard|return|unity,balanced,balanced,1,1,1,5,0,116
loadout,fire,sustain,seed|spark|heal|vine|nourish|inferno,sword,heavy,swift|expose|strike|guard|return|unity,balanced,balanced,2,0,1,14,0,12
loadout,fire,sustain,seed|spark|heal|vine|nourish|inferno,sword,heavy,swift|expose|strike|guard|return|unity,balanced,balanced,2,1,1,5,0,116
loadout,fire,sustain,seed|spark|heal|vine|ember|inferno,sword,quick,swift|expose|strike|guard|cut|unity,balanced,balanced,0,0,1,13,0,45
loadout,fire,sustain,seed|spark|heal|vine|ember|inferno,sword,quick,swift|expose|strike|guard|cut|unity,balanced,balanced,0,1,1,4,0,143
loadout,fire,sustain,seed|spark|heal|vine|ember|inferno,sword,quick,swift|expose|strike|guard|cut|unity,balanced,balanced,1,0,1,14,0,38
loadout,fire,sustain,seed|spark|heal|vine|ember|inferno,sword,quick,swift|expose|strike|guard|cut|unity,balanced,balanced,1,1,1,4,0,131
loadout,fire,sustain,seed|spark|heal|vine|ember|inferno,sword,quick,swift|expose|strike|guard|cut|unity,balanced,balanced,2,0,1,12,0,45
loadout,fire,sustain,seed|spark|heal|vine|ember|inferno,sword,quick,swift|expose|strike|guard|cut|unity,balanced,balanced,2,1,1,4,0,131
loadout,fire,sustain,seed|spark|heal|vine|ember|inferno,sword,heavy,swift|expose|strike|guard|return|unity,balanced,balanced,0,0,1,8,0,117
loadout,fire,sustain,seed|spark|heal|vine|ember|inferno,sword,heavy,swift|expose|strike|guard|return|unity,balanced,balanced,0,1,1,5,0,153
loadout,fire,sustain,seed|spark|heal|vine|ember|inferno,sword,heavy,swift|expose|strike|guard|return|unity,balanced,balanced,1,0,1,13,0,57
loadout,fire,sustain,seed|spark|heal|vine|ember|inferno,sword,heavy,swift|expose|strike|guard|return|unity,balanced,balanced,1,1,1,7,0,100
loadout,fire,sustain,seed|spark|heal|vine|ember|inferno,sword,heavy,swift|expose|strike|guard|return|unity,balanced,balanced,2,0,1,13,0,48
loadout,fire,sustain,seed|spark|heal|vine|ember|inferno,sword,heavy,swift|expose|strike|guard|return|unity,balanced,balanced,2,1,1,5,0,116
loadout,fire,sustain,seed|spark|heal|vine|ember|nourish,sword,quick,swift|expose|strike|guard|cut|unity,balanced,balanced,0,0,0,18,180,0
loadout,fire,sustain,seed|spark|heal|vine|ember|nourish,sword,quick,swift|expose|strike|guard|cut|unity,balanced,balanced,0,1,1,5,0,98
loadout,fire,sustain,seed|spark|heal|vine|ember|nourish,sword,quick,swift|expose|strike|guard|cut|unity,balanced,balanced,1,0,0,14,33,0
loadout,fire,sustain,seed|spark|heal|vine|ember|nourish,sword,quick,swift|expose|strike|guard|cut|unity,balanced,balanced,1,1,1,5,0,77
loadout,fire,sustain,seed|spark|heal|vine|ember|nourish,sword,quick,swift|expose|strike|guard|cut|unity,balanced,balanced,2,0,0,13,19,0
loadout,fire,sustain,seed|spark|heal|vine|ember|nourish,sword,quick,swift|expose|strike|guard|cut|unity,balanced,balanced,2,1,1,6,0,49
loadout,fire,sustain,seed|spark|heal|vine|ember|nourish,sword,heavy,swift|expose|strike|guard|return|unity,balanced,balanced,0,0,0,14,74,0
loadout,fire,sustain,seed|spark|heal|vine|ember|nourish,sword,heavy,swift|expose|strike|guard|return|unity,balanced,balanced,0,1,1,5,0,116
loadout,fire,sustain,seed|spark|heal|vine|ember|nourish,sword,heavy,swift|expose|strike|guard|return|unity,balanced,balanced,1,0,0,14,82,0
loadout,fire,sustain,seed|spark|heal|vine|ember|nourish,sword,heavy,swift|expose|strike|guard|return|unity,balanced,balanced,1,1,1,5,0,116
loadout,fire,sustain,seed|spark|heal|vine|ember|nourish,sword,heavy,swift|expose|strike|guard|return|unity,balanced,balanced,2,0,0,14,82,0
loadout,fire,sustain,seed|spark|heal|vine|ember|nourish,sword,heavy,swift|expose|strike|guard|return|unity,balanced,balanced,2,1,1,5,0,116
loadout,fire,sustain,seed|spark|blaze|ember|nourish|inferno,sword,quick,swift|expose|strike|guard|cut|unity,balanced,balanced,0,0,0,7,94,0
loadout,fire,sustain,seed|spark|blaze|ember|nourish|inferno,sword,quick,swift|expose|strike|guard|cut|unity,balanced,balanced,0,1,1,6,0,48
loadout,fire,sustain,seed|spark|blaze|ember|nourish|inferno,sword,quick,swift|expose|strike|guard|cut|unity,balanced,balanced,1,0,0,8,144,0
loadout,fire,sustain,seed|spark|blaze|ember|nourish|inferno,sword,quick,swift|expose|strike|guard|cut|unity,balanced,balanced,1,1,0,9,164,0
loadout,fire,sustain,seed|spark|blaze|ember|nourish|inferno,sword,quick,swift|expose|strike|guard|cut|unity,balanced,balanced,2,0,0,6,162,0
loadout,fire,sustain,seed|spark|blaze|ember|nourish|inferno,sword,quick,swift|expose|strike|guard|cut|unity,balanced,balanced,2,1,1,6,0,47
loadout,fire,sustain,seed|spark|blaze|ember|nourish|inferno,sword,heavy,swift|expose|strike|guard|return|unity,balanced,balanced,0,0,0,7,112,0
loadout,fire,sustain,seed|spark|blaze|ember|nourish|inferno,sword,heavy,swift|expose|strike|guard|return|unity,balanced,balanced,0,1,1,7,0,8
loadout,fire,sustain,seed|spark|blaze|ember|nourish|inferno,sword,heavy,swift|expose|strike|guard|return|unity,balanced,balanced,1,0,0,8,31,0
loadout,fire,sustain,seed|spark|blaze|ember|nourish|inferno,sword,heavy,swift|expose|strike|guard|return|unity,balanced,balanced,1,1,1,8,0,6
loadout,fire,sustain,seed|spark|blaze|ember|nourish|inferno,sword,heavy,swift|expose|strike|guard|return|unity,balanced,balanced,2,0,1,6,0,20
loadout,fire,sustain,seed|spark|blaze|ember|nourish|inferno,sword,heavy,swift|expose|strike|guard|return|unity,balanced,balanced,2,1,1,8,0,6
loadout,fire,sustain,seed|spark|blaze|vine|nourish|inferno,sword,quick,swift|expose|strike|guard|cut|unity,balanced,balanced,0,0,0,7,94,0
loadout,fire,sustain,seed|spark|blaze|vine|nourish|inferno,sword,quick,swift|expose|strike|guard|cut|unity,balanced,balanced,0,1,1,6,0,48
loadout,fire,sustain,seed|spark|blaze|vine|nourish|inferno,sword,quick,swift|expose|strike|guard|cut|unity,balanced,balanced,1,0,0,8,144,0
loadout,fire,sustain,seed|spark|blaze|vine|nourish|inferno,sword,quick,swift|expose|strike|guard|cut|unity,balanced,balanced,1,1,0,8,113,0
loadout,fire,sustain,seed|spark|blaze|vine|nourish|inferno,sword,quick,swift|expose|strike|guard|cut|unity,balanced,balanced,2,0,0,5,190,0
loadout,fire,sustain,seed|spark|blaze|vine|nourish|inferno,sword,quick,swift|expose|strike|guard|cut|unity,balanced,balanced,2,1,0,9,162,0
loadout,fire,sustain,seed|spark|blaze|vine|nourish|inferno,sword,heavy,swift|expose|strike|guard|return|unity,balanced,balanced,0,0,0,7,112,0
loadout,fire,sustain,seed|spark|blaze|vine|nourish|inferno,sword,heavy,swift|expose|strike|guard|return|unity,balanced,balanced,0,1,0,7,109,0
loadout,fire,sustain,seed|spark|blaze|vine|nourish|inferno,sword,heavy,swift|expose|strike|guard|return|unity,balanced,balanced,1,0,0,8,31,0
loadout,fire,sustain,seed|spark|blaze|vine|nourish|inferno,sword,heavy,swift|expose|strike|guard|return|unity,balanced,balanced,1,1,0,10,157,0
loadout,fire,sustain,seed|spark|blaze|vine|nourish|inferno,sword,heavy,swift|expose|strike|guard|return|unity,balanced,balanced,2,0,1,6,0,20
loadout,fire,sustain,seed|spark|blaze|vine|nourish|inferno,sword,heavy,swift|expose|strike|guard|return|unity,balanced,balanced,2,1,0,7,80,0
loadout,fire,sustain,seed|spark|blaze|vine|ember|inferno,sword,quick,swift|expose|strike|guard|cut|unity,balanced,balanced,0,0,0,6,32,0
loadout,fire,sustain,seed|spark|blaze|vine|ember|inferno,sword,quick,swift|expose|strike|guard|cut|unity,balanced,balanced,0,1,0,4,14,0
loadout,fire,sustain,seed|spark|blaze|vine|ember|inferno,sword,quick,swift|expose|strike|guard|cut|unity,balanced,balanced,1,0,1,6,0,6
loadout,fire,sustain,seed|spark|blaze|vine|ember|inferno,sword,quick,swift|expose|strike|guard|cut|unity,balanced,balanced,1,1,0,6,30,0
loadout,fire,sustain,seed|spark|blaze|vine|ember|inferno,sword,quick,swift|expose|strike|guard|cut|unity,balanced,balanced,2,0,0,6,154,0
loadout,fire,sustain,seed|spark|blaze|vine|ember|inferno,sword,quick,swift|expose|strike|guard|cut|unity,balanced,balanced,2,1,0,6,62,0
loadout,fire,sustain,seed|spark|blaze|vine|ember|inferno,sword,heavy,swift|expose|strike|guard|return|unity,balanced,balanced,0,0,0,7,11,0
loadout,fire,sustain,seed|spark|blaze|vine|ember|inferno,sword,heavy,swift|expose|strike|guard|return|unity,balanced,balanced,0,1,1,4,0,68
loadout,fire,sustain,seed|spark|blaze|vine|ember|inferno,sword,heavy,swift|expose|strike|guard|return|unity,balanced,balanced,1,0,1,6,0,22
loadout,fire,sustain,seed|spark|blaze|vine|ember|inferno,sword,heavy,swift|expose|strike|guard|return|unity,balanced,balanced,1,1,1,7,0,18
loadout,fire,sustain,seed|spark|blaze|vine|ember|inferno,sword,heavy,swift|expose|strike|guard|return|unity,balanced,balanced,2,0,0,6,10,0
loadout,fire,sustain,seed|spark|blaze|vine|ember|inferno,sword,heavy,swift|expose|strike|guard|return|unity,balanced,balanced,2,1,0,6,49,0
loadout,fire,sustain,seed|spark|blaze|vine|ember|nourish,sword,quick,swift|expose|strike|guard|cut|unity,balanced,balanced,0,0,0,7,94,0
loadout,fire,sustain,seed|spark|blaze|vine|ember|nourish,sword,quick,swift|expose|strike|guard|cut|unity,balanced,balanced,0,1,0,7,62,0
loadout,fire,sustain,seed|spark|blaze|vine|ember|nourish,sword,quick,swift|expose|strike|guard|cut|unity,balanced,balanced,1,0,0,8,144,0
loadout,fire,sustain,seed|spark|blaze|vine|ember|nourish,sword,quick,swift|expose|strike|guard|cut|unity,balanced,balanced,1,1,0,8,113,0
loadout,fire,sustain,seed|spark|blaze|vine|ember|nourish,sword,quick,swift|expose|strike|guard|cut|unity,balanced,balanced,2,0,0,5,190,0
loadout,fire,sustain,seed|spark|blaze|vine|ember|nourish,sword,quick,swift|expose|strike|guard|cut|unity,balanced,balanced,2,1,0,10,156,0
loadout,fire,sustain,seed|spark|blaze|vine|ember|nourish,sword,heavy,swift|expose|strike|guard|return|unity,balanced,balanced,0,0,0,7,112,0
loadout,fire,sustain,seed|spark|blaze|vine|ember|nourish,sword,heavy,swift|expose|strike|guard|return|unity,balanced,balanced,0,1,1,7,0,15
loadout,fire,sustain,seed|spark|blaze|vine|ember|nourish,sword,heavy,swift|expose|strike|guard|return|unity,balanced,balanced,1,0,0,7,73,0
loadout,fire,sustain,seed|spark|blaze|vine|ember|nourish,sword,heavy,swift|expose|strike|guard|return|unity,balanced,balanced,1,1,0,10,157,0
loadout,fire,sustain,seed|spark|blaze|vine|ember|nourish,sword,heavy,swift|expose|strike|guard|return|unity,balanced,balanced,2,0,0,7,73,0
loadout,fire,sustain,seed|spark|blaze|vine|ember|nourish,sword,heavy,swift|expose|strike|guard|return|unity,balanced,balanced,2,1,1,7,0,22
loadout,fire,sustain,seed|spark|blaze|heal|nourish|inferno,sword,quick,swift|expose|strike|guard|cut|unity,balanced,balanced,0,0,1,8,0,26
loadout,fire,sustain,seed|spark|blaze|heal|nourish|inferno,sword,quick,swift|expose|strike|guard|cut|unity,balanced,balanced,0,1,1,5,0,50
loadout,fire,sustain,seed|spark|blaze|heal|nourish|inferno,sword,quick,swift|expose|strike|guard|cut|unity,balanced,balanced,1,0,0,9,98,0
loadout,fire,sustain,seed|spark|blaze|heal|nourish|inferno,sword,quick,swift|expose|strike|guard|cut|unity,balanced,balanced,1,1,0,9,207,0
loadout,fire,sustain,seed|spark|blaze|heal|nourish|inferno,sword,quick,swift|expose|strike|guard|cut|unity,balanced,balanced,2,0,1,8,0,2
loadout,fire,sustain,seed|spark|blaze|heal|nourish|inferno,sword,quick,swift|expose|strike|guard|cut|unity,balanced,balanced,2,1,1,7,0,53
loadout,fire,sustain,seed|spark|blaze|heal|nourish|inferno,sword,heavy,swift|expose|strike|guard|return|unity,balanced,balanced,0,0,0,8,72,0
loadout,fire,sustain,seed|spark|blaze|heal|nourish|inferno,sword,heavy,swift|expose|strike|guard|return|unity,balanced,balanced,0,1,1,5,0,81
loadout,fire,sustain,seed|spark|blaze|heal|nourish|inferno,sword,heavy,swift|expose|strike|guard|return|unity,balanced,balanced,1,0,0,8,33,0
loadout,fire,sustain,seed|spark|blaze|heal|nourish|inferno,sword,heavy,swift|expose|strike|guard|return|unity,balanced,balanced,1,1,0,8,3,0
loadout,fire,sustain,seed|spark|blaze|heal|nourish|inferno,sword,heavy,swift|expose|strike|guard|return|unity,balanced,balanced,2,0,0,9,133,0
loadout,fire,sustain,seed|spark|blaze|heal|nourish|inferno,sword,heavy,swift|expose|strike|guard|return|unity,balanced,balanced,2,1,1,7,0,60
loadout,fire,sustain,seed|spark|blaze|heal|ember|inferno,sword,quick,swift|expose|strike|guard|cut|unity,balanced,balanced,0,0,0,7,22,0
loadout,fire,sustain,seed|spark|blaze|heal|ember|inferno,sword,quick,swift|expose|strike|guard|cut|unity,balanced,balanced,0,1,0,4,14,0
loadout,fire,sustain,seed|spark|blaze|heal|ember|inferno,sword,quick,swift|expose|strike|guard|cut|unity,balanced,balanced,1,0,0,7,39,0
loadout,fire,sustain,seed|spark|blaze|heal|ember|inferno,sword,quick,swift|expose|strike|guard|cut|unity,balanced,balanced,1,1,1,6,0,57
loadout,fire,sustain,seed|spark|blaze|heal|ember|inferno,sword,quick,swift|expose|strike|guard|cut|unity,balanced,balanced,2,0,0,7,56,0
loadout,fire,sustain,seed|spark|blaze|heal|ember|inferno,sword,quick,swift|expose|strike|guard|cut|unity,balanced,balanced,2,1,1,6,0,47
loadout,fire,sustain,seed|spark|blaze|heal|ember|inferno,sword,heavy,swift|expose|strike|guard|return|unity,balanced,balanced,0,0,0,8,72,0
loadout,fire,sustain,seed|spark|blaze|heal|ember|inferno,sword,heavy,swift|expose|strike|guard|return|unity,balanced,balanced,0,1,1,4,0,68
loadout,fire,sustain,seed|spark|blaze|heal|ember|inferno,sword,heavy,swift|expose|strike|guard|return|unity,balanced,balanced,1,0,0,7,61,0
loadout,fire,sustain,seed|spark|blaze|heal|ember|inferno,sword,heavy,swift|expose|strike|guard|return|unity,balanced,balanced,1,1,0,9,141,0
loadout,fire,sustain,seed|spark|blaze|heal|ember|inferno,sword,heavy,swift|expose|strike|guard|return|unity,balanced,balanced,2,0,0,8,113,0
loadout,fire,sustain,seed|spark|blaze|heal|ember|inferno,sword,heavy,swift|expose|strike|guard|return|unity,balanced,balanced,2,1,0,7,2,0
loadout,fire,sustain,seed|spark|blaze|heal|ember|nourish,sword,quick,swift|expose|strike|guard|cut|unity,balanced,balanced,0,0,0,8,32,0
loadout,fire,sustain,seed|spark|blaze|heal|ember|nourish,sword,quick,swift|expose|strike|guard|cut|unity,balanced,balanced,0,1,1,5,0,26
loadout,fire,sustain,seed|spark|blaze|heal|ember|nourish,sword,quick,swift|expose|strike|guard|cut|unity,balanced,balanced,1,0,0,9,98,0
loadout,fire,sustain,seed|spark|blaze|heal|ember|nourish,sword,quick,swift|expose|strike|guard|cut|unity,balanced,balanced,1,1,0,9,207,0
loadout,fire,sustain,seed|spark|blaze|heal|ember|nourish,sword,quick,swift|expose|strike|guard|cut|unity,balanced,balanced,2,0,0,8,95,0
loadout,fire,sustain,seed|spark|blaze|heal|ember|nourish,sword,quick,swift|expose|strike|guard|cut|unity,balanced,balanced,2,1,0,7,49,0
loadout,fire,sustain,seed|spark|blaze|heal|ember|nourish,sword,heavy,swift|expose|strike|guard|return|unity,balanced,balanced,0,0,0,8,72,0
loadout,fire,sustain,seed|spark|blaze|heal|ember|nourish,sword,heavy,swift|expose|strike|guard|return|unity,balanced,balanced,0,1,1,5,0,57
loadout,fire,sustain,seed|spark|blaze|heal|ember|nourish,sword,heavy,swift|expose|strike|guard|return|unity,balanced,balanced,1,0,0,7,75,0
loadout,fire,sustain,seed|spark|blaze|heal|ember|nourish,sword,heavy,swift|expose|strike|guard|return|unity,balanced,balanced,1,1,0,11,210,0
loadout,fire,sustain,seed|spark|blaze|heal|ember|nourish,sword,heavy,swift|expose|strike|guard|return|unity,balanced,balanced,2,0,0,9,133,0
loadout,fire,sustain,seed|spark|blaze|heal|ember|nourish,sword,heavy,swift|expose|strike|guard|return|unity,balanced,balanced,2,1,0,8,155,0
loadout,fire,sustain,seed|spark|blaze|heal|vine|inferno,sword,quick,swift|expose|strike|guard|cut|unity,balanced,balanced,0,0,0,7,22,0
loadout,fire,sustain,seed|spark|blaze|heal|vine|inferno,sword,quick,swift|expose|strike|guard|cut|unity,balanced,balanced,0,1,0,4,14,0
loadout,fire,sustain,seed|spark|blaze|heal|vine|inferno,sword,quick,swift|expose|strike|guard|cut|unity,balanced,balanced,1,0,0,7,39,0
loadout,fire,sustain,seed|spark|blaze|heal|vine|inferno,sword,quick,swift|expose|strike|guard|cut|unity,balanced,balanced,1,1,0,9,95,0
loadout,fire,sustain,seed|spark|blaze|heal|vine|inferno,sword,quick,swift|expose|strike|guard|cut|unity,balanced,balanced,2,0,0,7,56,0
loadout,fire,sustain,seed|spark|blaze|heal|vine|inferno,sword,quick,swift|expose|strike|guard|cut|unity,balanced,balanced,2,1,0,8,162,0
loadout,fire,sustain,seed|spark|blaze|heal|vine|inferno,sword,heavy,swift|expose|strike|guard|return|unity,balanced,balanced,0,0,0,8,72,0
loadout,fire,sustain,seed|spark|blaze|heal|vine|inferno,sword,heavy,swift|expose|strike|guard|return|unity,balanced,balanced,0,1,1,4,0,68
loadout,fire,sustain,seed|spark|blaze|heal|vine|inferno,sword,heavy,swift|expose|strike|guard|return|unity,balanced,balanced,1,0,0,7,61,0
loadout,fire,sustain,seed|spark|blaze|heal|vine|inferno,sword,heavy,swift|expose|strike|guard|return|unity,balanced,balanced,1,1,0,7,14,0
loadout,fire,sustain,seed|spark|blaze|heal|vine|inferno,sword,heavy,swift|expose|strike|guard|return|unity,balanced,balanced,2,0,0,8,113,0
loadout,fire,sustain,seed|spark|blaze|heal|vine|inferno,sword,heavy,swift|expose|strike|guard|return|unity,balanced,balanced,2,1,0,7,80,0
loadout,fire,sustain,seed|spark|blaze|heal|vine|nourish,sword,quick,swift|expose|strike|guard|cut|unity,balanced,balanced,0,0,0,8,32,0
loadout,fire,sustain,seed|spark|blaze|heal|vine|nourish,sword,quick,swift|expose|strike|guard|cut|unity,balanced,balanced,0,1,1,5,0,26
loadout,fire,sustain,seed|spark|blaze|heal|vine|nourish,sword,quick,swift|expose|strike|guard|cut|unity,balanced,balanced,1,0,0,9,98,0
loadout,fire,sustain,seed|spark|blaze|heal|vine|nourish,sword,quick,swift|expose|strike|guard|cut|unity,balanced,balanced,1,1,0,7,189,0
loadout,fire,sustain,seed|spark|blaze|heal|vine|nourish,sword,quick,swift|expose|strike|guard|cut|unity,balanced,balanced,2,0,0,8,95,0
loadout,fire,sustain,seed|spark|blaze|heal|vine|nourish,sword,quick,swift|expose|strike|guard|cut|unity,balanced,balanced,2,1,0,9,197,0
loadout,fire,sustain,seed|spark|blaze|heal|vine|nourish,sword,heavy,swift|expose|strike|guard|return|unity,balanced,balanced,0,0,0,8,72,0
loadout,fire,sustain,seed|spark|blaze|heal|vine|nourish,sword,heavy,swift|expose|strike|guard|return|unity,balanced,balanced,0,1,1,5,0,57
loadout,fire,sustain,seed|spark|blaze|heal|vine|nourish,sword,heavy,swift|expose|strike|guard|return|unity,balanced,balanced,1,0,0,7,75,0
loadout,fire,sustain,seed|spark|blaze|heal|vine|nourish,sword,heavy,swift|expose|strike|guard|return|unity,balanced,balanced,1,1,0,10,157,0
loadout,fire,sustain,seed|spark|blaze|heal|vine|nourish,sword,heavy,swift|expose|strike|guard|return|unity,balanced,balanced,2,0,0,9,133,0
loadout,fire,sustain,seed|spark|blaze|heal|vine|nourish,sword,heavy,swift|expose|strike|guard|return|unity,balanced,balanced,2,1,0,9,69,0
loadout,fire,sustain,seed|spark|blaze|heal|vine|ember,sword,quick,swift|expose|strike|guard|cut|unity,balanced,balanced,0,0,0,7,22,0
loadout,fire,sustain,seed|spark|blaze|heal|vine|ember,sword,quick,swift|expose|strike|guard|cut|unity,balanced,balanced,0,1,0,4,14,0
loadout,fire,sustain,seed|spark|blaze|heal|vine|ember,sword,quick,swift|expose|strike|guard|cut|unity,balanced,balanced,1,0,0,7,39,0
loadout,fire,sustain,seed|spark|blaze|heal|vine|ember,sword,quick,swift|expose|strike|guard|cut|unity,balanced,balanced,1,1,0,7,178,0
loadout,fire,sustain,seed|spark|blaze|heal|vine|ember,sword,quick,swift|expose|strike|guard|cut|unity,balanced,balanced,2,0,0,7,56,0
loadout,fire,sustain,seed|spark|blaze|heal|vine|ember,sword,quick,swift|expose|strike|guard|cut|unity,balanced,balanced,2,1,0,9,197,0
loadout,fire,sustain,seed|spark|blaze|heal|vine|ember,sword,heavy,swift|expose|strike|guard|return|unity,balanced,balanced,0,0,0,8,72,0
loadout,fire,sustain,seed|spark|blaze|heal|vine|ember,sword,heavy,swift|expose|strike|guard|return|unity,balanced,balanced,0,1,1,4,0,68
loadout,fire,sustain,seed|spark|blaze|heal|vine|ember,sword,heavy,swift|expose|strike|guard|return|unity,balanced,balanced,1,0,0,7,61,0
loadout,fire,sustain,seed|spark|blaze|heal|vine|ember,sword,heavy,swift|expose|strike|guard|return|unity,balanced,balanced,1,1,0,7,14,0
loadout,fire,sustain,seed|spark|blaze|heal|vine|ember,sword,heavy,swift|expose|strike|guard|return|unity,balanced,balanced,2,0,0,8,113,0
loadout,fire,sustain,seed|spark|blaze|heal|vine|ember,sword,heavy,swift|expose|strike|guard|return|unity,balanced,balanced,2,1,0,6,63,0
loadout,sword,quick,strike|guard|cut|lunge|return|unity,fire,ignite,seed|spark|blaze|heal|vine|inferno,balanced,balanced,0,0,1,12,0,177
loadout,sword,quick,strike|guard|cut|lunge|return|unity,fire,ignite,seed|spark|blaze|heal|vine|inferno,balanced,balanced,0,1,1,7,0,157
loadout,sword,quick,strike|guard|cut|lunge|return|unity,fire,ignite,seed|spark|blaze|heal|vine|inferno,balanced,balanced,1,0,1,10,0,63
loadout,sword,quick,strike|guard|cut|lunge|return|unity,fire,ignite,seed|spark|blaze|heal|vine|inferno,balanced,balanced,1,1,1,7,0,132
loadout,sword,quick,strike|guard|cut|lunge|return|unity,fire,ignite,seed|spark|blaze|heal|vine|inferno,balanced,balanced,2,0,1,9,0,168
loadout,sword,quick,strike|guard|cut|lunge|return|unity,fire,ignite,seed|spark|blaze|heal|vine|inferno,balanced,balanced,2,1,1,6,0,182
loadout,sword,quick,strike|guard|cut|lunge|return|unity,fire,sustain,seed|spark|blaze|heal|nourish|vine,balanced,balanced,0,0,1,10,0,158
loadout,sword,quick,strike|guard|cut|lunge|return|unity,fire,sustain,seed|spark|blaze|heal|nourish|vine,balanced,balanced,0,1,1,11,0,210
loadout,sword,quick,strike|guard|cut|lunge|return|unity,fire,sustain,seed|spark|blaze|heal|nourish|vine,balanced,balanced,1,0,1,11,0,129
loadout,sword,quick,strike|guard|cut|lunge|return|unity,fire,sustain,seed|spark|blaze|heal|nourish|vine,balanced,balanced,1,1,1,12,0,190
loadout,sword,quick,strike|guard|cut|lunge|return|unity,fire,sustain,seed|spark|blaze|heal|nourish|vine,balanced,balanced,2,0,1,9,0,105
loadout,sword,quick,strike|guard|cut|lunge|return|unity,fire,sustain,seed|spark|blaze|heal|nourish|vine,balanced,balanced,2,1,1,8,0,210
loadout,sword,quick,expose|guard|cut|lunge|return|unity,fire,ignite,seed|spark|blaze|heal|vine|inferno,balanced,balanced,0,0,1,8,0,149
loadout,sword,quick,expose|guard|cut|lunge|return|unity,fire,ignite,seed|spark|blaze|heal|vine|inferno,balanced,balanced,0,1,1,6,0,80
loadout,sword,quick,expose|guard|cut|lunge|return|unity,fire,ignite,seed|spark|blaze|heal|vine|inferno,balanced,balanced,1,0,1,6,0,148
loadout,sword,quick,expose|guard|cut|lunge|return|unity,fire,ignite,seed|spark|blaze|heal|vine|inferno,balanced,balanced,1,1,1,6,0,80
loadout,sword,quick,expose|guard|cut|lunge|return|unity,fire,ignite,seed|spark|blaze|heal|vine|inferno,balanced,balanced,2,0,1,6,0,148
loadout,sword,quick,expose|guard|cut|lunge|return|unity,fire,ignite,seed|spark|blaze|heal|vine|inferno,balanced,balanced,2,1,1,5,0,144
loadout,sword,quick,expose|guard|cut|lunge|return|unity,fire,sustain,seed|spark|blaze|heal|nourish|vine,balanced,balanced,0,0,1,7,0,88
loadout,sword,quick,expose|guard|cut|lunge|return|unity,fire,sustain,seed|spark|blaze|heal|nourish|vine,balanced,balanced,0,1,1,11,0,210
loadout,sword,quick,expose|guard|cut|lunge|return|unity,fire,sustain,seed|spark|blaze|heal|nourish|vine,balanced,balanced,1,0,1,10,0,170
loadout,sword,quick,expose|guard|cut|lunge|return|unity,fire,sustain,seed|spark|blaze|heal|nourish|vine,balanced,balanced,1,1,1,11,0,210
loadout,sword,quick,expose|guard|cut|lunge|return|unity,fire,sustain,seed|spark|blaze|heal|nourish|vine,balanced,balanced,2,0,1,9,0,162
loadout,sword,quick,expose|guard|cut|lunge|return|unity,fire,sustain,seed|spark|blaze|heal|nourish|vine,balanced,balanced,2,1,1,7,0,203
loadout,sword,quick,expose|strike|cut|lunge|return|unity,fire,ignite,seed|spark|blaze|heal|vine|inferno,balanced,balanced,0,0,1,4,0,7
loadout,sword,quick,expose|strike|cut|lunge|return|unity,fire,ignite,seed|spark|blaze|heal|vine|inferno,balanced,balanced,0,1,1,5,0,73
loadout,sword,quick,expose|strike|cut|lunge|return|unity,fire,ignite,seed|spark|blaze|heal|vine|inferno,balanced,balanced,1,0,1,4,0,48
loadout,sword,quick,expose|strike|cut|lunge|return|unity,fire,ignite,seed|spark|blaze|heal|vine|inferno,balanced,balanced,1,1,1,6,0,57
loadout,sword,quick,expose|strike|cut|lunge|return|unity,fire,ignite,seed|spark|blaze|heal|vine|inferno,balanced,balanced,2,0,1,5,0,157
loadout,sword,quick,expose|strike|cut|lunge|return|unity,fire,ignite,seed|spark|blaze|heal|vine|inferno,balanced,balanced,2,1,1,4,0,104
loadout,sword,quick,expose|strike|cut|lunge|return|unity,fire,sustain,seed|spark|blaze|heal|nourish|vine,balanced,balanced,0,0,1,6,0,34
loadout,sword,quick,expose|strike|cut|lunge|return|unity,fire,sustain,seed|spark|blaze|heal|nourish|vine,balanced,balanced,0,1,1,6,0,109
loadout,sword,quick,expose|strike|cut|lunge|return|unity,fire,sustain,seed|spark|blaze|heal|nourish|vine,balanced,balanced,1,0,1,5,0,103
loadout,sword,quick,expose|strike|cut|lunge|return|unity,fire,sustain,seed|spark|blaze|heal|nourish|vine,balanced,balanced,1,1,1,10,0,135
loadout,sword,quick,expose|strike|cut|lunge|return|unity,fire,sustain,seed|spark|blaze|heal|nourish|vine,balanced,balanced,2,0,1,5,0,77
loadout,sword,quick,expose|strike|cut|lunge|return|unity,fire,sustain,seed|spark|blaze|heal|nourish|vine,balanced,balanced,2,1,1,7,0,112
loadout,sword,quick,expose|strike|guard|lunge|return|unity,fire,ignite,seed|spark|blaze|heal|vine|inferno,balanced,balanced,0,0,1,7,0,118
loadout,sword,quick,expose|strike|guard|lunge|return|unity,fire,ignite,seed|spark|blaze|heal|vine|inferno,balanced,balanced,0,1,1,7,0,157
loadout,sword,quick,expose|strike|guard|lunge|return|unity,fire,ignite,seed|spark|blaze|heal|vine|inferno,balanced,balanced,1,0,1,6,0,148
loadout,sword,quick,expose|strike|guard|lunge|return|unity,fire,ignite,seed|spark|blaze|heal|vine|inferno,balanced,balanced,1,1,1,6,0,157
loadout,sword,quick,expose|strike|guard|lunge|return|unity,fire,ignite,seed|spark|blaze|heal|vine|inferno,balanced,balanced,2,0,1,6,0,148
loadout,sword,quick,expose|strike|guard|lunge|return|unity,fire,ignite,seed|spark|blaze|heal|vine|inferno,balanced,balanced,2,1,1,6,0,101
loadout,sword,quick,expose|strike|guard|lunge|return|unity,fire,sustain,seed|spark|blaze|heal|nourish|vine,balanced,balanced,0,0,1,9,0,90
loadout,sword,quick,expose|strike|guard|lunge|return|unity,fire,sustain,seed|spark|blaze|heal|nourish|vine,balanced,balanced,0,1,1,10,0,141
loadout,sword,quick,expose|strike|guard|lunge|return|unity,fire,sustain,seed|spark|blaze|heal|nourish|vine,balanced,balanced,1,0,1,10,0,166
loadout,sword,quick,expose|strike|guard|lunge|return|unity,fire,sustain,seed|spark|blaze|heal|nourish|vine,balanced,balanced,1,1,1,7,0,67
loadout,sword,quick,expose|strike|guard|lunge|return|unity,fire,sustain,seed|spark|blaze|heal|nourish|vine,balanced,balanced,2,0,1,10,0,200
loadout,sword,quick,expose|strike|guard|lunge|return|unity,fire,sustain,seed|spark|blaze|heal|nourish|vine,balanced,balanced,2,1,1,7,0,113
loadout,sword,quick,expose|strike|guard|cut|return|unity,fire,ignite,seed|spark|blaze|heal|vine|inferno,balanced,balanced,0,0,1,9,0,210
loadout,sword,quick,expose|strike|guard|cut|return|unity,fire,ignite,seed|spark|blaze|heal|vine|inferno,balanced,balanced,0,1,1,7,0,157
loadout,sword,quick,expose|strike|guard|cut|return|unity,fire,ignite,seed|spark|blaze|heal|vine|inferno,balanced,balanced,1,0,1,6,0,148
loadout,sword,quick,expose|strike|guard|cut|return|unity,fire,ignite,seed|spark|blaze|heal|vine|inferno,balanced,balanced,1,1,1,6,0,157
loadout,sword,quick,expose|strike|guard|cut|return|unity,fire,ignite,seed|spark|blaze|heal|vine|inferno,balanced,balanced,2,0,1,6,0,148
loadout,sword,quick,expose|strike|guard|cut|return|unity,fire,ignite,seed|spark|blaze|heal|vine|inferno,balanced,balanced,2,1,1,6,0,101
loadout,sword,quick,expose|strike|guard|cut|return|unity,fire,sustain,seed|spark|blaze|heal|nourish|vine,balanced,balanced,0,0,1,8,0,71
loadout,sword,quick,expose|strike|guard|cut|return|unity,fire,sustain,seed|spark|blaze|heal|nourish|vine,balanced,balanced,0,1,1,10,0,141
loadout,sword,quick,expose|strike|guard|cut|return|unity,fire,sustain,seed|spark|blaze|heal|nourish|vine,balanced,balanced,1,0,1,10,0,166
loadout,sword,quick,expose|strike|guard|cut|return|unity,fire,sustain,seed|spark|blaze|heal|nourish|vine,balanced,balanced,1,1,1,7,0,67
loadout,sword,quick,expose|strike|guard|cut|return|unity,fire,sustain,seed|spark|blaze|heal|nourish|vine,balanced,balanced,2,0,1,10,0,200
loadout,sword,quick,expose|strike|guard|cut|return|unity,fire,sustain,seed|spark|blaze|heal|nourish|vine,balanced,balanced,2,1,1,7,0,113
loadout,sword,quick,expose|strike|guard|cut|lunge|unity,fire,ignite,seed|spark|blaze|heal|vine|inferno,balanced,balanced,0,0,1,7,0,118
loadout,sword,quick,expose|strike|guard|cut|lunge|unity,fire,ignite,seed|spark|blaze|heal|vine|inferno,balanced,balanced,0,1,1,7,0,33
loadout,sword,quick,expose|strike|guard|cut|lunge|unity,fire,ignite,seed|spark|blaze|heal|vine|inferno,balanced,balanced,1,0,1,6,0,148
loadout,sword,quick,expose|strike|guard|cut|lunge|unity,fire,ignite,seed|spark|blaze|heal|vine|inferno,balanced,balanced,1,1,1,5,0,165
loadout,sword,quick,expose|strike|guard|cut|lunge|unity,fire,ignite,seed|spark|blaze|heal|vine|inferno,balanced,balanced,2,0,1,6,0,148
loadout,sword,quick,expose|strike|guard|cut|lunge|unity,fire,ignite,seed|spark|blaze|heal|vine|inferno,balanced,balanced,2,1,1,6,0,101
loadout,sword,quick,expose|strike|guard|cut|lunge|unity,fire,sustain,seed|spark|blaze|heal|nourish|vine,balanced,balanced,0,0,1,9,0,91
loadout,sword,quick,expose|strike|guard|cut|lunge|unity,fire,sustain,seed|spark|blaze|heal|nourish|vine,balanced,balanced,0,1,1,10,0,115
loadout,sword,quick,expose|strike|guard|cut|lunge|unity,fire,sustain,seed|spark|blaze|heal|nourish|vine,balanced,balanced,1,0,1,10,0,166
loadout,sword,quick,expose|strike|guard|cut|lunge|unity,fire,sustain,seed|spark|blaze|heal|nourish|vine,balanced,balanced,1,1,1,8,0,105
loadout,sword,quick,expose|strike|guard|cut|lunge|unity,fire,sustain,seed|spark|blaze|heal|nourish|vine,balanced,balanced,2,0,1,10,0,200
loadout,sword,quick,expose|strike|guard|cut|lunge|unity,fire,sustain,seed|spark|blaze|heal|nourish|vine,balanced,balanced,2,1,1,8,0,176
loadout,sword,quick,expose|strike|guard|cut|lunge|return,fire,ignite,seed|spark|blaze|heal|vine|inferno,balanced,balanced,0,0,1,12,0,175
loadout,sword,quick,expose|strike|guard|cut|lunge|return,fire,ignite,seed|spark|blaze|heal|vine|inferno,balanced,balanced,0,1,1,7,0,157
loadout,sword,quick,expose|strike|guard|cut|lunge|return,fire,ignite,seed|spark|blaze|heal|vine|inferno,balanced,balanced,1,0,1,13,0,80
loadout,sword,quick,expose|strike|guard|cut|lunge|return,fire,ignite,seed|spark|blaze|heal|vine|inferno,balanced,balanced,1,1,1,6,0,130
loadout,sword,quick,expose|strike|guard|cut|lunge|return,fire,ignite,seed|spark|blaze|heal|vine|inferno,balanced,balanced,2,0,1,12,0,146
loadout,sword,quick,expose|strike|guard|cut|lunge|return,fire,ignite,seed|spark|blaze|heal|vine|inferno,balanced,balanced,2,1,1,6,0,122
loadout,sword,quick,expose|strike|guard|cut|lunge|return,fire,sustain,seed|spark|blaze|heal|nourish|vine,balanced,balanced,0,0,1,11,0,164
loadout,sword,quick,expose|strike|guard|cut|lunge|return,fire,sustain,seed|spark|blaze|heal|nourish|vine,balanced,balanced,0,1,1,10,0,141
loadout,sword,quick,expose|strike|guard|cut|lunge|return,fire,sustain,seed|spark|blaze|heal|nourish|vine,balanced,balanced,1,0,1,9,0,105
loadout,sword,quick,expose|strike|guard|cut|lunge|return,fire,sustain,seed|spark|blaze|heal|nourish|vine,balanced,balanced,1,1,1,9,0,138
loadout,sword,quick,expose|strike|guard|cut|lunge|return,fire,sustain,seed|spark|blaze|heal|nourish|vine,balanced,balanced,2,0,1,11,0,142
loadout,sword,quick,expose|strike|guard|cut|lunge|return,fire,sustain,seed|spark|blaze|heal|nourish|vine,balanced,balanced,2,1,1,8,0,132
loadout,sword,quick,swift|guard|cut|lunge|return|unity,fire,ignite,seed|spark|blaze|heal|vine|inferno,balanced,balanced,0,0,0,6,19,0
loadout,sword,quick,swift|guard|cut|lunge|return|unity,fire,ignite,seed|spark|blaze|heal|vine|inferno,balanced,balanced,0,1,1,5,0,58
loadout,sword,quick,swift|guard|cut|lunge|return|unity,fire,ignite,seed|spark|blaze|heal|vine|inferno,balanced,balanced,1,0,1,10,0,180
loadout,sword,quick,swift|guard|cut|lunge|return|unity,fire,ignite,seed|spark|blaze|heal|vine|inferno,balanced,balanced,1,1,1,5,0,114
loadout,sword,quick,swift|guard|cut|lunge|return|unity,fire,ignite,seed|spark|blaze|heal|vine|inferno,balanced,balanced,2,0,1,6,0,131
loadout,sword,quick,swift|guard|cut|lunge|return|unity,fire,ignite,seed|spark|blaze|heal|vine|inferno,balanced,balanced,2,1,1,5,0,114
loadout,sword,quick,swift|guard|cut|lunge|return|unity,fire,sustain,seed|spark|blaze|heal|nourish|vine,balanced,balanced,0,0,1,6,0,133
loadout,sword,quick,swift|guard|cut|lunge|return|unity,fire,sustain,seed|spark|blaze|heal|nourish|vine,balanced,balanced,0,1,1,7,0,88
loadout,sword,quick,swift|guard|cut|lunge|return|unity,fire,sustain,seed|spark|blaze|heal|nourish|vine,balanced,balanced,1,0,1,8,0,141
loadout,sword,quick,swift|guard|cut|lunge|return|unity,fire,sustain,seed|spark|blaze|heal|nourish|vine,balanced,balanced,1,1,1,7,0,172
loadout,sword,quick,swift|guard|cut|lunge|return|unity,fire,sustain,seed|spark|blaze|heal|nourish|vine,balanced,balanced,2,0,1,8,0,132
loadout,sword,quick,swift|guard|cut|lunge|return|unity,fire,sustain,seed|spark|blaze|heal|nourish|vine,balanced,balanced,2,1,1,7,0,172
loadout,sword,quick,swift|strike|cut|lunge|return|unity,fire,ignite,seed|spark|blaze|heal|vine|inferno,balanced,balanced,0,0,1,5,0,37
loadout,sword,quick,swift|strike|cut|lunge|return|unity,fire,ignite,seed|spark|blaze|heal|vine|inferno,balanced,balanced,0,1,1,6,0,100
loadout,sword,quick,swift|strike|cut|lunge|return|unity,fire,ignite,seed|spark|blaze|heal|vine|inferno,balanced,balanced,1,0,0,5,8,0
loadout,sword,quick,swift|strike|cut|lunge|return|unity,fire,ignite,seed|spark|blaze|heal|vine|inferno,balanced,balanced,1,1,1,7,0,72
loadout,sword,quick,swift|strike|cut|lunge|return|unity,fire,ignite,seed|spark|blaze|heal|vine|inferno,balanced,balanced,2,0,0,4,101,0
loadout,sword,quick,swift|strike|cut|lunge|return|unity,fire,ignite,seed|spark|blaze|heal|vine|inferno,balanced,balanced,2,1,1,7,0,38
loadout,sword,quick,swift|strike|cut|lunge|return|unity,fire,sustain,seed|spark|blaze|heal|nourish|vine,balanced,balanced,0,0,1,5,0,24
loadout,sword,quick,swift|strike|cut|lunge|return|unity,fire,sustain,seed|spark|blaze|heal|nourish|vine,balanced,balanced,0,1,1,8,0,88
loadout,sword,quick,swift|strike|cut|lunge|return|unity,fire,sustain,seed|spark|blaze|heal|nourish|vine,balanced,balanced,1,0,1,6,0,28
loadout,sword,quick,swift|strike|cut|lunge|return|unity,fire,sustain,seed|spark|blaze|heal|nourish|vine,balanced,balanced,1,1,1,8,0,71
loadout,sword,quick,swift|strike|cut|lunge|return|unity,fire,sustain,seed|spark|blaze|heal|nourish|vine,balanced,balanced,2,0,1,6,0,6
loadout,sword,quick,swift|strike|cut|lunge|return|unity,fire,sustain,seed|spark|blaze|heal|nourish|vine,balanced,balanced,2,1,1,8,0,102
loadout,sword,quick,swift|strike|guard|lunge|return|unity,fire,ignite,seed|spark|blaze|heal|vine|inferno,balanced,balanced,0,0,0,5,39,0
loadout,sword,quick,swift|strike|guard|lunge|return|unity,fire,ignite,seed|spark|blaze|heal|vine|inferno,balanced,balanced,0,1,1,6,0,100
loadout,sword,quick,swift|strike|guard|lunge|return|unity,fire,ignite,seed|spark|blaze|heal|vine|inferno,balanced,balanced,1,0,1,10,0,180
loadout,sword,quick,swift|strike|guard|lunge|return|unity,fire,ignite,seed|spark|blaze|heal|vine|inferno,balanced,balanced,1,1,1,7,0,72
loadout,sword,quick,swift|strike|guard|lunge|return|unity,fire,ignite,seed|spark|blaze|heal|vine|inferno,balanced,balanced,2,0,1,6,0,108
loadout,sword,quick,swift|strike|guard|lunge|return|unity,fire,ignite,seed|spark|blaze|heal|vine|inferno,balanced,balanced,2,1,1,7,0,38
loadout,sword,quick,swift|strike|guard|lunge|return|unity,fire,sustain,seed|spark|blaze|heal|nourish|vine,balanced,balanced,0,0,1,6,0,127
loadout,sword,quick,swift|strike|guard|lunge|return|unity,fire,sustain,seed|spark|blaze|heal|nourish|vine,balanced,balanced,0,1,1,8,0,88
loadout,sword,quick,swift|strike|guard|lunge|return|unity,fire,sustain,seed|spark|blaze|heal|nourish|vine,balanced,balanced,1,0,1,9,0,152
loadout,sword,quick,swift|strike|guard|lunge|return|unity,fire,sustain,seed|spark|blaze|heal|nourish|vine,balanced,balanced,1,1,1,8,0,71
loadout,sword,quick,swift|strike|guard|lunge|return|unity,fire,sustain,seed|spark|blaze|heal|nourish|vine,balanced,balanced,2,0,1,8,0,72
loadout,sword,quick,swift|strike|guard|lunge|return|unity,fire,sustain,seed|spark|blaze|heal|nourish|vine,balanced,balanced,2,1,1,8,0,102
loadout,sword,quick,swift|strike|guard|cut|return|unity,fire,ignite,seed|spark|blaze|heal|vine|inferno,balanced,balanced,0,0,1,4,0,22
loadout,sword,quick,swift|strike|guard|cut|return|unity,fire,ignite,seed|spark|blaze|heal|vine|inferno,balanced,balanced,0,1,1,6,0,102
loadout,sword,quick,swift|strike|guard|cut|return|unity,fire,ignite,seed|spark|blaze|heal|vine|inferno,balanced,balanced,1,0,1,10,0,180
loadout,sword,quick,swift|strike|guard|cut|return|unity,fire,ignite,seed|spark|blaze|heal|vine|inferno,balanced,balanced,1,1,1,7,0,72
loadout,sword,quick,swift|strike|guard|cut|return|unity,fire,ignite,seed|spark|blaze|heal|vine|inferno,balanced,balanced,2,0,1,6,0,108
loadout,sword,quick,swift|strike|guard|cut|return|unity,fire,ignite,seed|spark|blaze|heal|vine|inferno,balanced,balanced,2,1,1,7,0,38
loadout,sword,quick,swift|strike|guard|cut|return|unity,fire,sustain,seed|spark|blaze|heal|nourish|vine,balanced,balanced,0,0,1,6,0,45
loadout,sword,quick,swift|strike|guard|cut|return|unity,fire,sustain,seed|spark|blaze|heal|nourish|vine,balanced,balanced,0,1,1,7,0,89
loadout,sword,quick,swift|strike|guard|cut|return|unity,fire,sustain,seed|spark|blaze|heal|nourish|vine,balanced,balanced,1,0,1,9,0,152
loadout,sword,quick,swift|strike|guard|cut|return|unity,fire,sustain,seed|spark|blaze|heal|nourish|vine,balanced,balanced,1,1,1,8,0,71
loadout,sword,quick,swift|strike|guard|cut|return|unity,fire,sustain,seed|spark|blaze|heal|nourish|vine,balanced,balanced,2,0,1,8,0,72
loadout,sword,quick,swift|strike|guard|cut|return|unity,fire,sustain,seed|spark|blaze|heal|nourish|vine,balanced,balanced,2,1,1,8,0,102
loadout,sword,quick,swift|strike|guard|cut|lunge|unity,fire,ignite,seed|spark|blaze|heal|vine|inferno,balanced,balanced,0,0,0,5,39,0
loadout,sword,quick,swift|strike|guard|cut|lunge|unity,fire,ignite,seed|spark|blaze|heal|vine|inferno,balanced,balanced,0,1,1,6,0,100
loadout,sword,quick,swift|strike|guard|cut|lunge|unity,fire,ignite,seed|spark|blaze|heal|vine|inferno,balanced,balanced,1,0,1,10,0,180
loadout,sword,quick,swift|strike|guard|cut|lunge|unity,fire,ignite,seed|spark|blaze|heal|vine|inferno,balanced,balanced,1,1,1,7,0,72
loadout,sword,quick,swift|strike|guard|cut|lunge|unity,fire,ignite,seed|spark|blaze|heal|vine|inferno,balanced,balanced,2,0,1,6,0,108
loadout,sword,quick,swift|strike|guard|cut|lunge|unity,fire,ignite,seed|spark|blaze|heal|vine|inferno,balanced,balanced,2,1,1,7,0,38
loadout,sword,quick,swift|strike|guard|cut|lunge|unity,fire,sustain,seed|spark|blaze|heal|nourish|vine,balanced,balanced,0,0,1,6,0,127
loadout,sword,quick,swift|strike|guard|cut|lunge|unity,fire,sustain,seed|spark|blaze|heal|nourish|vine,balanced,balanced,0,1,1,8,0,88
loadout,sword,quick,swift|strike|guard|cut|lunge|unity,fire,sustain,seed|spark|blaze|heal|nourish|vine,balanced,balanced,1,0,1,9,0,152
loadout,sword,quick,swift|strike|guard|cut|lunge|unity,fire,sustain,seed|spark|blaze|heal|nourish|vine,balanced,balanced,1,1,1,8,0,71
loadout,sword,quick,swift|strike|guard|cut|lunge|unity,fire,sustain,seed|spark|blaze|heal|nourish|vine,balanced,balanced,2,0,1,8,0,72
loadout,sword,quick,swift|strike|guard|cut|lunge|unity,fire,sustain,seed|spark|blaze|heal|nourish|vine,balanced,balanced,2,1,1,8,0,102
loadout,sword,quick,swift|strike|guard|cut|lunge|return,fire,ignite,seed|spark|blaze|heal|vine|inferno,balanced,balanced,0,0,1,8,0,128
loadout,sword,quick,swift|strike|guard|cut|lunge|return,fire,ignite,seed|spark|blaze|heal|vine|inferno,balanced,balanced,0,1,1,6,0,100
loadout,sword,quick,swift|strike|guard|cut|lunge|return,fire,ignite,seed|spark|blaze|heal|vine|inferno,balanced,balanced,1,0,1,10,0,155
loadout,sword,quick,swift|strike|guard|cut|lunge|return,fire,ignite,seed|spark|blaze|heal|vine|inferno,balanced,balanced,1,1,1,7,0,72
loadout,sword,quick,swift|strike|guard|cut|lunge|return,fire,ignite,seed|spark|blaze|heal|vine|inferno,balanced,balanced,2,0,1,9,0,134
loadout,sword,quick,swift|strike|guard|cut|lunge|return,fire,ignite,seed|spark|blaze|heal|vine|inferno,balanced,balanced,2,1,1,7,0,38
loadout,sword,quick,swift|strike|guard|cut|lunge|return,fire,sustain,seed|spark|blaze|heal|nourish|vine,balanced,balanced,0,0,1,10,0,168
loadout,sword,quick,swift|strike|guard|cut|lunge|return,fire,sustain,seed|spark|blaze|heal|nourish|vine,balanced,balanced,0,1,1,8,0,88
loadout,sword,quick,swift|strike|guard|cut|lunge|return,fire,sustain,seed|spark|blaze|heal|nourish|vine,balanced,balanced,1,0,1,11,0,114
loadout,sword,quick,swift|strike|guard|cut|lunge|return,fire,sustain,seed|spark|blaze|heal|nourish|vine,balanced,balanced,1,1,1,8,0,71
loadout,sword,quick,swift|strike|guard|cut|lunge|return,fire,sustain,seed|spark|blaze|heal|nourish|vine,balanced,balanced,2,0,1,11,0,130
loadout,sword,quick,swift|strike|guard|cut|lunge|return,fire,sustain,seed|spark|blaze|heal|nourish|vine,balanced,balanced,2,1,1,8,0,102
loadout,sword,quick,swift|expose|cut|lunge|return|unity,fire,ignite,seed|spark|blaze|heal|vine|inferno,balanced,balanced,0,0,1,4,0,89
loadout,sword,quick,swift|expose|cut|lunge|return|unity,fire,ignite,seed|spark|blaze|heal|vine|inferno,balanced,balanced,0,1,1,5,0,58
loadout,sword,quick,swift|expose|cut|lunge|return|unity,fire,ignite,seed|spark|blaze|heal|vine|inferno,balanced,balanced,1,0,1,5,0,88
loadout,sword,quick,swift|expose|cut|lunge|return|unity,fire,ignite,seed|spark|blaze|heal|vine|inferno,balanced,balanced,1,1,1,5,0,114
loadout,sword,quick,swift|expose|cut|lunge|return|unity,fire,ignite,seed|spark|blaze|heal|vine|inferno,balanced,balanced,2,0,1,5,0,95
loadout,sword,quick,swift|expose|cut|lunge|return|unity,fire,ignite,seed|spark|blaze|heal|vine|inferno,balanced,balanced,2,1,1,5,0,114
loadout,sword,quick,swift|expose|cut|lunge|return|unity,fire,sustain,seed|spark|blaze|heal|nourish|vine,balanced,balanced,0,0,1,5,0,117
loadout,sword,quick,swift|expose|cut|lunge|return|unity,fire,sustain,seed|spark|blaze|heal|nourish|vine,balanced,balanced,0,1,1,7,0,88
loadout,sword,quick,swift|expose|cut|lunge|return|unity,fire,sustain,seed|spark|blaze|heal|nourish|vine,balanced,balanced,1,0,1,5,0,97
loadout,sword,quick,swift|expose|cut|lunge|return|unity,fire,sustain,seed|spark|blaze|heal|nourish|vine,balanced,balanced,1,1,1,7,0,172
loadout,sword,quick,swift|expose|cut|lunge|return|unity,fire,sustain,seed|spark|blaze|heal|nourish|vine,balanced,balanced,2,0,1,5,0,96
loadout,sword,quick,swift|expose|cut|lunge|return|unity,fire,sustain,seed|spark|blaze|heal|nourish|vine,balanced,balanced,2,1,1,7,0,172
loadout,sword,quick,swift|expose|guard|lunge|return|unity,fire,ignite,seed|spark|blaze|heal|vine|inferno,balanced,balanced,0,0,1,4,0,89
loadout,sword,quick,swift|expose|guard|lunge|return|unity,fire,ignite,seed|spark|blaze|heal|vine|inferno,balanced,balanced,0,1,1,5,0,58
loadout,sword,quick,swift|expose|guard|lunge|return|unity,fire,ignite,seed|spark|blaze|heal|vine|inferno,balanced,balanced,1,0,1,6,0,145
loadout,sword,quick,swift|expose|guard|lunge|return|unity,fire,ignite,seed|spark|blaze|heal|vine|inferno,balanced,balanced,1,1,1,5,0,114
loadout,sword,quick,swift|expose|guard|lunge|return|unity,fire,ignite,seed|spark|blaze|heal|vine|inferno,balanced,balanced,2,0,1,7,0,154
loadout,sword,quick,swift|expose|guard|lunge|return|unity,fire,ignite,seed|spark|blaze|heal|vine|inferno,balanced,balanced,2,1,1,5,0,114
loadout,sword,quick,swift|expose|guard|lunge|return|unity,fire,sustain,seed|spark|blaze|heal|nourish|vine,balanced,balanced,0,0,1,5,0,117
loadout,sword,quick,swift|expose|guard|lunge|return|unity,fire,sustain,seed|spark|blaze|heal|nourish|vine,balanced,balanced,0,1,1,7,0,88
loadout,sword,quick,swift|expose|guard|lunge|return|unity,fire,sustain,seed|spark|blaze|heal|nourish|vine,balanced,balanced,1,0,1,6,0,67
loadout,sword,quick,swift|expose|guard|lunge|return|unity,fire,sustain,seed|spark|blaze|heal|nourish|vine,balanced,balanced,1,1,1,7,0,172
loadout,sword,quick,swift|expose|guard|lunge|return|unity,fire,sustain,seed|spark|blaze|heal|nourish|vine,balanced,balanced,2,0,1,7,0,158
loadout,sword,quick,swift|expose|guard|lunge|return|unity,fire,sustain,seed|spark|blaze|heal|nourish|vine,balanced,balanced,2,1,1,7,0,172
loadout,sword,quick,swift|expose|guard|cut|return|unity,fire,ignite,seed|spark|blaze|heal|vine|inferno,balanced,balanced,0,0,1,4,0,103
loadout,sword,quick,swift|expose|guard|cut|return|unity,fire,ignite,seed|spark|blaze|heal|vine|inferno,balanced,balanced,0,1,1,5,0,114
loadout,sword,quick,swift|expose|guard|cut|return|unity,fire,ignite,seed|spark|blaze|heal|vine|inferno,balanced,balanced,1,0,1,6,0,145
loadout,sword,quick,swift|expose|guard|cut|return|unity,fire,ignite,seed|spark|blaze|heal|vine|inferno,balanced,balanced,1,1,1,5,0,114
loadout,sword,quick,swift|expose|guard|cut|return|unity,fire,ignite,seed|spark|blaze|heal|vine|inferno,balanced,balanced,2,0,1,7,0,154
loadout,sword,quick,swift|expose|guard|cut|return|unity,fire,ignite,seed|spark|blaze|heal|vine|inferno,balanced,balanced,2,1,1,5,0,114
loadout,sword,quick,swift|expose|guard|cut|return|unity,fire,sustain,seed|spark|blaze|heal|nourish|vine,balanced,balanced,0,0,1,5,0,131
loadout,sword,quick,swift|expose|guard|cut|return|unity,fire,sustain,seed|spark|blaze|heal|nourish|vine,balanced,balanced,0,1,1,7,0,172
loadout,sword,quick,swift|expose|guard|cut|return|unity,fire,sustain,seed|spark|blaze|heal|nourish|vine,balanced,balanced,1,0,1,6,0,67
loadout,sword,quick,swift|expose|guard|cut|return|unity,fire,sustain,seed|spark|blaze|heal|nourish|vine,balanced,balanced,1,1,1,7,0,172
loadout,sword,quick,swift|expose|guard|cut|return|unity,fire,sustain,seed|spark|blaze|heal|nourish|vine,balanced,balanced,2,0,1,7,0,158
loadout,sword,quick,swift|expose|guard|cut|return|unity,fire,sustain,seed|spark|blaze|heal|nourish|vine,balanced,balanced,2,1,1,7,0,172
loadout,sword,quick,swift|expose|guard|cut|lunge|unity,fire,ignite,seed|spark|blaze|heal|vine|inferno,balanced,balanced,0,0,1,4,0,89
loadout,sword,quick,swift|expose|guard|cut|lunge|unity,fire,ignite,seed|spark|blaze|heal|vine|inferno,balanced,balanced,0,1,1,5,0,58
loadout,sword,quick,swift|expose|guard|cut|lunge|unity,fire,ignite,seed|spark|blaze|heal|vine|inferno,balanced,balanced,1,0,1,6,0,145
loadout,sword,quick,swift|expose|guard|cut|lunge|unity,fire,ignite,seed|spark|blaze|heal|vine|inferno,balanced,balanced,1,1,1,5,0,114
loadout,sword,quick,swift|expose|guard|cut|lunge|unity,fire,ignite,seed|spark|blaze|heal|vine|inferno,balanced,balanced,2,0,1,7,0,170
loadout,sword,quick,swift|expose|guard|cut|lunge|unity,fire,ignite,seed|spark|blaze|heal|vine|inferno,balanced,balanced,2,1,1,5,0,114
loadout,sword,quick,swift|expose|guard|cut|lunge|unity,fire,sustain,seed|spark|blaze|heal|nourish|vine,balanced,balanced,0,0,1,5,0,117
loadout,sword,quick,swift|expose|guard|cut|lunge|unity,fire,sustain,seed|spark|blaze|heal|nourish|vine,balanced,balanced,0,1,1,7,0,88
loadout,sword,quick,swift|expose|guard|cut|lunge|unity,fire,sustain,seed|spark|blaze|heal|nourish|vine,balanced,balanced,1,0,1,6,0,75
loadout,sword,quick,swift|expose|guard|cut|lunge|unity,fire,sustain,seed|spark|blaze|heal|nourish|vine,balanced,balanced,1,1,1,7,0,172
loadout,sword,quick,swift|expose|guard|cut|lunge|unity,fire,sustain,seed|spark|blaze|heal|nourish|vine,balanced,balanced,2,0,1,7,0,158
loadout,sword,quick,swift|expose|guard|cut|lunge|unity,fire,sustain,seed|spark|blaze|heal|nourish|vine,balanced,balanced,2,1,1,7,0,172
loadout,sword,quick,swift|expose|guard|cut|lunge|return,fire,ignite,seed|spark|blaze|heal|vine|inferno,balanced,balanced,0,0,1,9,0,170
loadout,sword,quick,swift|expose|guard|cut|lunge|return,fire,ignite,seed|spark|blaze|heal|vine|inferno,balanced,balanced,0,1,1,5,0,58
loadout,sword,quick,swift|expose|guard|cut|lunge|return,fire,ignite,seed|spark|blaze|heal|vine|inferno,balanced,balanced,1,0,1,6,0,26
loadout,sword,quick,swift|expose|guard|cut|lunge|return,fire,ignite,seed|spark|blaze|heal|vine|inferno,balanced,balanced,1,1,1,5,0,114
loadout,sword,quick,swift|expose|guard|cut|lunge|return,fire,ignite,seed|spark|blaze|heal|vine|inferno,balanced,balanced,2,0,1,6,0,115
loadout,sword,quick,swift|expose|guard|cut|lunge|return,fire,ignite,seed|spark|blaze|heal|vine|inferno,balanced,balanced,2,1,1,5,0,114
loadout,sword,quick,swift|expose|guard|cut|lunge|return,fire,sustain,seed|spark|blaze|heal|nourish|vine,balanced,balanced,0,0,1,10,0,176
loadout,sword,quick,swift|expose|guard|cut|lunge|return,fire,sustain,seed|spark|blaze|heal|nourish|vine,balanced,balanced,0,1,1,7,0,88
loadout,sword,quick,swift|expose|guard|cut|lunge|return,fire,sustain,seed|spark|blaze|heal|nourish|vine,balanced,balanced,1,0,1,14,0,176
loadout,sword,quick,swift|expose|guard|cut|lunge|return,fire,sustain,seed|spark|blaze|heal|nourish|vine,balanced,balanced,1,1,1,7,0,172
loadout,sword,quick,swift|expose|guard|cut|lunge|return,fire,sustain,seed|spark|blaze|heal|nourish|vine,balanced,balanced,2,0,1,14,0,170
loadout,sword,quick,swift|expose|guard|cut|lunge|return,fire,sustain,seed|spark|blaze|heal|nourish|vine,balanced,balanced,2,1,1,7,0,172
loadout,sword,quick,swift|expose|strike|lunge|return|unity,fire,ignite,seed|spark|blaze|heal|vine|inferno,balanced,balanced,0,0,0,4,67,0
loadout,sword,quick,swift|expose|strike|lunge|return|unity,fire,ignite,seed|spark|blaze|heal|vine|inferno,balanced,balanced,0,1,1,6,0,54
loadout,sword,quick,swift|expose|strike|lunge|return|unity,fire,ignite,seed|spark|blaze|heal|vine|inferno,balanced,balanced,1,0,1,5,0,59
loadout,sword,quick,swift|expose|strike|lunge|return|unity,fire,ignite,seed|spark|blaze|heal|vine|inferno,balanced,balanced,1,1,1,7,0,1
loadout,sword,quick,swift|expose|strike|lunge|return|unity,fire,ignite,seed|spark|blaze|heal|vine|inferno,balanced,balanced,2,0,0,4,85,0
loadout,sword,quick,swift|expose|strike|lunge|return|unity,fire,ignite,seed|spark|blaze|heal|vine|inferno,balanced,balanced,2,1,1,5,0,109
loadout,sword,quick,swift|expose|strike|lunge|return|unity,fire,sustain,seed|spark|blaze|heal|nourish|vine,balanced,balanced,0,0,1,5,0,117
loadout,sword,quick,swift|expose|strike|lunge|return|unity,fire,sustain,seed|spark|blaze|heal|nourish|vine,balanced,balanced,0,1,1,8,0,63
loadout,sword,quick,swift|expose|strike|lunge|return|unity,fire,sustain,seed|spark|blaze|heal|nourish|vine,balanced,balanced,1,0,1,5,0,38
loadout,sword,quick,swift|expose|strike|lunge|return|unity,fire,sustain,seed|spark|blaze|heal|nourish|vine,balanced,balanced,1,1,1,9,0,98
loadout,sword,quick,swift|expose|strike|lunge|return|unity,fire,sustain,seed|spark|blaze|heal|nourish|vine,balanced,balanced,2,0,0,5,26,0
loadout,sword,quick,swift|expose|strike|lunge|return|unity,fire,sustain,seed|spark|blaze|heal|nourish|vine,balanced,balanced,2,1,1,8,0,95
loadout,sword,quick,swift|expose|strike|cut|return|unity,fire,ignite,seed|spark|blaze|heal|vine|inferno,balanced,balanced,0,0,0,4,15,0
loadout,sword,quick,swift|expose|strike|cut|return|unity,fire,ignite,seed|spark|blaze|heal|vine|inferno,balanced,balanced,0,1,1,5,0,61
loadout,sword,quick,swift|expose|strike|cut|return|unity,fire,ignite,seed|spark|blaze|heal|vine|inferno,balanced,balanced,1,0,1,5,0,59
loadout,sword,quick,swift|expose|strike|cut|return|unity,fire,ignite,seed|spark|blaze|heal|vine|inferno,balanced,balanced,1,1,1,7,0,1
loadout,sword,quick,swift|expose|strike|cut|return|unity,fire,ignite,seed|spark|blaze|heal|vine|inferno,balanced,balanced,2,0,0,4,85,0
loadout,sword,quick,swift|expose|strike|cut|return|unity,fire,ignite,seed|spark|blaze|heal|vine|inferno,balanced,balanced,2,1,1,5,0,109
loadout,sword,quick,swift|expose|strike|cut|return|unity,fire,sustain,seed|spark|blaze|heal|nourish|vine,balanced,balanced,0,0,0,5,26,0
loadout,sword,quick,swift|expose|strike|cut|return|unity,fire,sustain,seed|spark|blaze|heal|nourish|vine,balanced,balanced,0,1,1,8,0,32
loadout,sword,quick,swift|expose|strike|cut|return|unity,fire,sustain,seed|spark|blaze|heal|nourish|vine,balanced,balanced,1,0,1,5,0,38
loadout,sword,quick,swift|expose|strike|cut|return|unity,fire,sustain,seed|spark|blaze|heal|nourish|vine,balanced,balanced,1,1,1,9,0,98
loadout,sword,quick,swift|expose|strike|cut|return|unity,fire,sustain,seed|spark|blaze|heal|nourish|vine,balanced,balanced,2,0,0,5,26,0
loadout,sword,quick,swift|expose|strike|cut|return|unity,fire,sustain,seed|spark|blaze|heal|nourish|vine,balanced,balanced,2,1,1,8,0,95
loadout,sword,quick,swift|expose|strike|cut|lunge|unity,fire,ignite,seed|spark|blaze|heal|vine|inferno,balanced,balanced,0,0,0,4,67,0
loadout,sword,quick,swift|expose|strike|cut|lunge|unity,fire,ignite,seed|spark|blaze|heal|vine|inferno,balanced,balanced,0,1,1,6,0,54
loadout,sword,quick,swift|expose|strike|cut|lunge|unity,fire,ignite,seed|spark|blaze|heal|vine|inferno,balanced,balanced,1,0,1,5,0,59
loadout,sword,quick,swift|expose|strike|cut|lunge|unity,fire,ignite,seed|spark|blaze|heal|vine|inferno,balanced,balanced,1,1,1,7,0,1
loadout,sword,quick,swift|expose|strike|cut|lunge|unity,fire,ignite,seed|spark|blaze|heal|vine|inferno,balanced,balanced,2,0,0,4,85,0
loadout,sword,quick,swift|expose|strike|cut|lunge|unity,fire,ignite,seed|spark|blaze|heal|vine|inferno,balanced,balanced,2,1,1,5,0,109
loadout,sword,quick,swift|expose|strike|cut|lunge|unity,fire,sustain,seed|spark|blaze|heal|nourish|vine,balanced,balanced,0,0,1,5,0,117
loadout,sword,quick,swift|expose|strike|cut|lunge|unity,fire,sustain,seed|spark|blaze|heal|nourish|vine,balanced,balanced,0,1,1,8,0,63
loadout,sword,quick,swift|expose|strike|cut|lunge|unity,fire,sustain,seed|spark|blaze|heal|nourish|vine,balanced,balanced,1,0,1,5,0,38
loadout,sword,quick,swift|expose|strike|cut|lunge|unity,fire,sustain,seed|spark|blaze|heal|nourish|vine,balanced,balanced,1,1,1,9,0,98
loadout,sword,quick,swift|expose|strike|cut|lunge|unity,fire,sustain,seed|spark|blaze|heal|nourish|vine,balanced,balanced,2,0,0,5,26,0
loadout,sword,quick,swift|expose|strike|cut|lunge|unity,fire,sustain,seed|spark|blaze|heal|nourish|vine,balanced,balanced,2,1,1,8,0,95
loadout,sword,quick,swift|expose|strike|cut|lunge|return,fire,ignite,seed|spark|blaze|heal|vine|inferno,balanced,balanced,0,0,0,4,67,0
loadout,sword,quick,swift|expose|strike|cut|lunge|return,fire,ignite,seed|spark|blaze|heal|vine|inferno,balanced,balanced,0,1,1,6,0,54
loadout,sword,quick,swift|expose|strike|cut|lunge|return,fire,ignite,seed|spark|blaze|heal|vine|inferno,balanced,balanced,1,0,0,5,8,0
loadout,sword,quick,swift|expose|strike|cut|lunge|return,fire,ignite,seed|spark|blaze|heal|vine|inferno,balanced,balanced,1,1,1,7,0,1
loadout,sword,quick,swift|expose|strike|cut|lunge|return,fire,ignite,seed|spark|blaze|heal|vine|inferno,balanced,balanced,2,0,0,4,85,0
loadout,sword,quick,swift|expose|strike|cut|lunge|return,fire,ignite,seed|spark|blaze|heal|vine|inferno,balanced,balanced,2,1,1,6,0,97
loadout,sword,quick,swift|expose|strike|cut|lunge|return,fire,sustain,seed|spark|blaze|heal|nourish|vine,balanced,balanced,0,0,0,5,42,0
loadout,sword,quick,swift|expose|strike|cut|lunge|return,fire,sustain,seed|spark|blaze|heal|nourish|vine,balanced,balanced,0,1,1,8,0,63
loadout,sword,quick,swift|expose|strike|cut|lunge|return,fire,sustain,seed|spark|blaze|heal|nourish|vine,balanced,balanced,1,0,1,6,0,20
loadout,sword,quick,swift|expose|strike|cut|lunge|return,fire,sustain,seed|spark|blaze|heal|nourish|vine,balanced,balanced,1,1,1,9,0,98
loadout,sword,quick,swift|expose|strike|cut|lunge|return,fire,sustain,seed|spark|blaze|heal|nourish|vine,balanced,balanced,2,0,0,5,26,0
loadout,sword,quick,swift|expose|strike|cut|lunge|return,fire,sustain,seed|spark|blaze|heal|nourish|vine,balanced,balanced,2,1,1,8,0,95
loadout,sword,quick,swift|expose|strike|guard|return|unity,fire,ignite,seed|spark|blaze|heal|vine|inferno,balanced,balanced,0,0,0,4,15,0
loadout,sword,quick,swift|expose|strike|guard|return|unity,fire,ignite,seed|spark|blaze|heal|vine|inferno,balanced,balanced,0,1,1,5,0,61
loadout,sword,quick,swift|expose|strike|guard|return|unity,fire,ignite,seed|spark|blaze|heal|vine|inferno,balanced,balanced,1,0,1,8,0,177
loadout,sword,quick,swift|expose|strike|guard|return|unity,fire,ignite,seed|spark|blaze|heal|vine|inferno,balanced,balanced,1,1,1,7,0,1
loadout,sword,quick,swift|expose|strike|guard|return|unity,fire,ignite,seed|spark|blaze|heal|vine|inferno,balanced,balanced,2,0,1,7,0,116
loadout,sword,quick,swift|expose|strike|guard|return|unity,fire,ignite,seed|spark|blaze|heal|vine|inferno,balanced,balanced,2,1,1,5,0,109
loadout,sword,quick,swift|expose|strike|guard|return|unity,fire,sustain,seed|spark|blaze|heal|nourish|vine,balanced,balanced,0,0,0,5,26,0
loadout,sword,quick,swift|expose|strike|guard|return|unity,fire,sustain,seed|spark|blaze|heal|nourish|vine,balanced,balanced,0,1,1,8,0,32
loadout,sword,quick,swift|expose|strike|guard|return|unity,fire,sustain,seed|spark|blaze|heal|nourish|vine,balanced,balanced,1,0,1,7,0,189
loadout,sword,quick,swift|expose|strike|guard|return|unity,fire,sustain,seed|spark|blaze|heal|nourish|vine,balanced,balanced,1,1,1,9,0,98
loadout,sword,quick,swift|expose|strike|guard|return|unity,fire,sustain,seed|spark|blaze|heal|nourish|vine,balanced,balanced,2,0,1,9,0,197
loadout,sword,quick,swift|expose|strike|guard|return|unity,fire,sustain,seed|spark|blaze|heal|nourish|vine,balanced,balanced,2,1,1,8,0,95
loadout,sword,quick,swift|expose|strike|guard|lunge|unity,fire,ignite,seed|spark|blaze|heal|vine|inferno,balanced,balanced,0,0,0,4,67,0
loadout,sword,quick,swift|expose|strike|guard|lunge|unity,fire,ignite,seed|spark|blaze|heal|vine|inferno,balanced,balanced,0,1,1,6,0,54
loadout,sword,quick,swift|expose|strike|guard|lunge|unity,fire,ignite,seed|spark|blaze|heal|vine|inferno,balanced,balanced,1,0,1,8,0,177
loadout,sword,quick,swift|expose|strike|guard|lunge|unity,fire,ignite,seed|spark|blaze|heal|vine|inferno,balanced,balanced,1,1,1,7,0,1
loadout,sword,quick,swift|expose|strike|guard|lunge|unity,fire,ignite,seed|spark|blaze|heal|vine|inferno,balanced,balanced,2,0,1,7,0,116
loadout,sword,quick,swift|expose|strike|guard|lunge|unity,fire,ignite,seed|spark|blaze|heal|vine|inferno,balanced,balanced,2,1,1,5,0,109
loadout,sword,quick,swift|expose|strike|guard|lunge|unity,fire,sustain,seed|spark|blaze|heal|nourish|vine,balanced,balanced,0,0,1,5,0,117
loadout,sword,quick,swift|expose|strike|guard|lunge|unity,fire,sustain,seed|spark|blaze|heal|nourish|vine,balanced,balanced,0,1,1,8,0,63
loadout,sword,quick,swift|expose|strike|guard|lunge|unity,fire,sustain,seed|spark|blaze|heal|nourish|vine,balanced,balanced,1,0,1,7,0,189
loadout,sword,quick,swift|expose|strike|guard|lunge|unity,fire,sustain,seed|spark|blaze|heal|nourish|vine,balanced,balanced,1,1,1,9,0,98
loadout,sword,quick,swift|expose|strike|guard|lunge|unity,fire,sustain,seed|spark|blaze|heal|nourish|vine,balanced,balanced,2,0,1,9,0,197
loadout,sword,quick,swift|expose|strike|guard|lunge|unity,fire,sustain,seed|spark|blaze|heal|nourish|vine,balanced,balanced,2,1,1,8,0,95
loadout,sword,quick,swift|expose|strike|guard|lunge|return,fire,ignite,seed|spark|blaze|heal|vine|inferno,balanced,balanced,0,0,1,8,0,129
loadout,sword,quick,swift|expose|strike|guard|lunge|return,fire,ignite,seed|spark|blaze|heal|vine|inferno,balanced,balanced,0,1,1,6,0,54
loadout,sword,quick,swift|expose|strike|guard|lunge|return,fire,ignite,seed|spark|blaze|heal|vine|inferno,balanced,balanced,1,0,1,10,0,155
loadout,sword,quick,swift|expose|strike|guard|lunge|return,fire,ignite,seed|spark|blaze|heal|vine|inferno,balanced,balanced,1,1,1,7,0,1
loadout,sword,quick,swift|expose|strike|guard|lunge|return,fire,ignite,seed|spark|blaze|heal|vine|inferno,balanced,balanced,2,0,0,4,50,0
loadout,sword,quick,swift|expose|strike|guard|lunge|return,fire,ignite,seed|spark|blaze|heal|vine|inferno,balanced,balanced,2,1,1,6,0,97
loadout,sword,quick,swift|expose|strike|guard|lunge|return,fire,sustain,seed|spark|blaze|heal|nourish|vine,balanced,balanced,0,0,1,10,0,153
loadout,sword,quick,swift|expose|strike|guard|lunge|return,fire,sustain,seed|spark|blaze|heal|nourish|vine,balanced,balanced,0,1,1,8,0,63
loadout,sword,quick,swift|expose|strike|guard|lunge|return,fire,sustain,seed|spark|blaze|heal|nourish|vine,balanced,balanced,1,0,1,11,0,122
loadout,sword,quick,swift|expose|strike|guard|lunge|return,fire,sustain,seed|spark|blaze|heal|nourish|vine,balanced,balanced,1,1,1,9,0,98
loadout,sword,quick,swift|expose|strike|guard|lunge|return,fire,sustain,seed|spark|blaze|heal|nourish|vine,balanced,balanced,2,0,1,13,0,153
loadout,sword,quick,swift|expose|strike|guard|lunge|return,fire,sustain,seed|spark|blaze|heal|nourish|vine,balanced,balanced,2,1,1,8,0,95
loadout,sword,quick,swift|expose|strike|guard|cut|unity,fire,ignite,seed|spark|blaze|heal|vine|inferno,balanced,balanced,0,0,0,4,15,0
loadout,sword,quick,swift|expose|strike|guard|cut|unity,fire,ignite,seed|spark|blaze|heal|vine|inferno,balanced,balanced,0,1,1,5,0,61
loadout,sword,quick,swift|expose|strike|guard|cut|unity,fire,ignite,seed|spark|blaze|heal|vine|inferno,balanced,balanced,1,0,1,8,0,177
loadout,sword,quick,swift|expose|strike|guard|cut|unity,fire,ignite,seed|spark|blaze|heal|vine|inferno,balanced,balanced,1,1,1,7,0,1
loadout,sword,quick,swift|expose|strike|guard|cut|unity,fire,ignite,seed|spark|blaze|heal|vine|inferno,balanced,balanced,2,0,1,7,0,116
loadout,sword,quick,swift|expose|strike|guard|cut|unity,fire,ignite,seed|spark|blaze|heal|vine|inferno,balanced,balanced,2,1,1,5,0,109
loadout,sword,quick,swift|expose|strike|guard|cut|unity,fire,sustain,seed|spark|blaze|heal|nourish|vine,balanced,balanced,0,0,0,5,26,0
loadout,sword,quick,swift|expose|strike|guard|cut|unity,fire,sustain,seed|spark|blaze|heal|nourish|vine,balanced,balanced,0,1,1,8,0,32
loadout,sword,quick,swift|expose|strike|guard|cut|unity,fire,sustain,seed|spark|blaze|heal|nourish|vine,balanced,balanced,1,0,1,7,0,189
loadout,sword,quick,swift|expose|strike|guard|cut|unity,fire,sustain,seed|spark|blaze|heal|nourish|vine,balanced,balanced,1,1,1,9,0,98
loadout,sword,quick,swift|expose|strike|guard|cut|unity,fire,sustain,seed|spark|blaze|heal|nourish|vine,balanced,balanced,2,0,1,9,0,197
loadout,sword,quick,swift|expose|strike|guard|cut|unity,fire,sustain,seed|spark|blaze|heal|nourish|vine,balanced,balanced,2,1,1,8,0,95
loadout,sword,quick,swift|expose|strike|guard|cut|return,fire,ignite,seed|spark|blaze|heal|vine|inferno,balanced,balanced,0,0,0,4,15,0
loadout,sword,quick,swift|expose|strike|guard|cut|return,fire,ignite,seed|spark|blaze|heal|vine|inferno,balanced,balanced,0,1,1,5,0,61
loadout,sword,quick,swift|expose|strike|guard|cut|return,fire,ignite,seed|spark|blaze|heal|vine|inferno,balanced,balanced,1,0,1,10,0,155
loadout,sword,quick,swift|expose|strike|guard|cut|return,fire,ignite,seed|spark|blaze|heal|vine|inferno,balanced,balanced,1,1,1,7,0,1
loadout,sword,quick,swift|expose|strike|guard|cut|return,fire,ignite,seed|spark|blaze|heal|vine|inferno,balanced,balanced,2,0,0,4,50,0
loadout,sword,quick,swift|expose|strike|guard|cut|return,fire,ignite,seed|spark|blaze|heal|vine|inferno,balanced,balanced,2,1,1,6,0,97
loadout,sword,quick,swift|expose|strike|guard|cut|return,fire,sustain,seed|spark|blaze|heal|nourish|vine,balanced,balanced,0,0,0,5,26,0
loadout,sword,quick,swift|expose|strike|guard|cut|return,fire,sustain,seed|spark|blaze|heal|nourish|vine,balanced,balanced,0,1,1,8,0,32
loadout,sword,quick,swift|expose|strike|guard|cut|return,fire,sustain,seed|spark|blaze|heal|nourish|vine,balanced,balanced,1,0,1,11,0,122
loadout,sword,quick,swift|expose|strike|guard|cut|return,fire,sustain,seed|spark|blaze|heal|nourish|vine,balanced,balanced,1,1,1,9,0,98
loadout,sword,quick,swift|expose|strike|guard|cut|return,fire,sustain,seed|spark|blaze|heal|nourish|vine,balanced,balanced,2,0,1,13,0,153
loadout,sword,quick,swift|expose|strike|guard|cut|return,fire,sustain,seed|spark|blaze|heal|nourish|vine,balanced,balanced,2,1,1,8,0,95
loadout,sword,quick,swift|expose|strike|guard|cut|lunge,fire,ignite,seed|spark|blaze|heal|vine|inferno,balanced,balanced,0,0,1,8,0,129
loadout,sword,quick,swift|expose|strike|guard|cut|lunge,fire,ignite,seed|spark|blaze|heal|vine|inferno,balanced,balanced,0,1,1,6,0,54
loadout,sword,quick,swift|expose|strike|guard|cut|lunge,fire,ignite,seed|spark|blaze|heal|vine|inferno,balanced,balanced,1,0,1,10,0,155
loadout,sword,quick,swift|expose|strike|guard|cut|lunge,fire,ignite,seed|spark|blaze|heal|vine|inferno,balanced,balanced,1,1,1,7,0,1
loadout,sword,quick,swift|expose|strike|guard|cut|lunge,fire,ignite,seed|spark|blaze|heal|vine|inferno,balanced,balanced,2,0,0,4,50,0
loadout,sword,quick,swift|expose|strike|guard|cut|lunge,fire,ignite,seed|spark|blaze|heal|vine|inferno,balanced,balanced,2,1,1,6,0,97
loadout,sword,quick,swift|expose|strike|guard|cut|lunge,fire,sustain,seed|spark|blaze|heal|nourish|vine,balanced,balanced,0,0,1,10,0,153
loadout,sword,quick,swift|expose|strike|guard|cut|lunge,fire,sustain,seed|spark|blaze|heal|nourish|vine,balanced,balanced,0,1,1,8,0,63
loadout,sword,quick,swift|expose|strike|guard|cut|lunge,fire,sustain,seed|spark|blaze|heal|nourish|vine,balanced,balanced,1,0,1,11,0,122
loadout,sword,quick,swift|expose|strike|guard|cut|lunge,fire,sustain,seed|spark|blaze|heal|nourish|vine,balanced,balanced,1,1,1,9,0,98
loadout,sword,quick,swift|expose|strike|guard|cut|lunge,fire,sustain,seed|spark|blaze|heal|nourish|vine,balanced,balanced,2,0,1,13,0,153
loadout,sword,quick,swift|expose|strike|guard|cut|lunge,fire,sustain,seed|spark|blaze|heal|nourish|vine,balanced,balanced,2,1,1,8,0,95
loadout,sword,heavy,strike|guard|cut|lunge|return|unity,fire,ignite,seed|spark|blaze|heal|vine|inferno,balanced,balanced,0,0,1,6,0,104
loadout,sword,heavy,strike|guard|cut|lunge|return|unity,fire,ignite,seed|spark|blaze|heal|vine|inferno,balanced,balanced,0,1,1,5,0,66
loadout,sword,heavy,strike|guard|cut|lunge|return|unity,fire,ignite,seed|spark|blaze|heal|vine|inferno,balanced,balanced,1,0,1,9,0,156
loadout,sword,heavy,strike|guard|cut|lunge|return|unity,fire,ignite,seed|spark|blaze|heal|vine|inferno,balanced,balanced,1,1,1,6,0,103
loadout,sword,heavy,strike|guard|cut|lunge|return|unity,fire,ignite,seed|spark|blaze|heal|vine|inferno,balanced,balanced,2,0,1,10,0,125
loadout,sword,heavy,strike|guard|cut|lunge|return|unity,fire,ignite,seed|spark|blaze|heal|vine|inferno,balanced,balanced,2,1,1,7,0,30
loadout,sword,heavy,strike|guard|cut|lunge|return|unity,fire,sustain,seed|spark|blaze|heal|nourish|vine,balanced,balanced,0,0,1,12,0,157
loadout,sword,heavy,strike|guard|cut|lunge|return|unity,fire,sustain,seed|spark|blaze|heal|nourish|vine,balanced,balanced,0,1,1,7,0,72
loadout,sword,heavy,strike|guard|cut|lunge|return|unity,fire,sustain,seed|spark|blaze|heal|nourish|vine,balanced,balanced,1,0,1,11,0,161
loadout,sword,heavy,strike|guard|cut|lunge|return|unity,fire,sustain,seed|spark|blaze|heal|nourish|vine,balanced,balanced,1,1,1,11,0,98
loadout,sword,heavy,strike|guard|cut|lunge|return|unity,fire,sustain,seed|spark|blaze|heal|nourish|vine,balanced,balanced,2,0,1,12,0,210
loadout,sword,heavy,strike|guard|cut|lunge|return|unity,fire,sustain,seed|spark|blaze|heal|nourish|vine,balanced,balanced,2,1,1,10,0,70
loadout,sword,heavy,expose|guard|cut|lunge|return|unity,fire,ignite,seed|spark|blaze|heal|vine|inferno,balanced,balanced,0,0,1,6,0,191
loadout,sword,heavy,expose|guard|cut|lunge|return|unity,fire,ignite,seed|spark|blaze|heal|vine|inferno,balanced,balanced,0,1,1,6,0,30
loadout,sword,heavy,expose|guard|cut|lunge|return|unity,fire,ignite,seed|spark|blaze|heal|vine|inferno,balanced,balanced,1,0,1,6,0,141
loadout,sword,heavy,expose|guard|cut|lunge|return|unity,fire,ignite,seed|spark|blaze|heal|vine|inferno,balanced,balanced,1,1,1,6,0,30
loadout,sword,heavy,expose|guard|cut|lunge|return|unity,fire,ignite,seed|spark|blaze|heal|vine|inferno,balanced,balanced,2,0,1,6,0,141
loadout,sword,heavy,expose|guard|cut|lunge|return|unity,fire,ignite,seed|spark|blaze|heal|vine|inferno,balanced,balanced,2,1,1,7,0,201
loadout,sword,heavy,expose|guard|cut|lunge|return|unity,fire,sustain,seed|spark|blaze|heal|nourish|vine,balanced,balanced,0,0,1,10,0,158
loadout,sword,heavy,expose|guard|cut|lunge|return|unity,fire,sustain,seed|spark|blaze|heal|nourish|vine,balanced,balanced,0,1,1,6,0,210
loadout,sword,heavy,expose|guard|cut|lunge|return|unity,fire,sustain,seed|spark|blaze|heal|nourish|vine,balanced,balanced,1,0,1,10,0,203
loadout,sword,heavy,expose|guard|cut|lunge|return|unity,fire,sustain,seed|spark|blaze|heal|nourish|vine,balanced,balanced,1,1,1,8,0,210
loadout,sword,heavy,expose|guard|cut|lunge|return|unity,fire,sustain,seed|spark|blaze|heal|nourish|vine,balanced,balanced,2,0,1,10,0,159
loadout,sword,heavy,expose|guard|cut|lunge|return|unity,fire,sustain,seed|spark|blaze|heal|nourish|vine,balanced,balanced,2,1,1,9,0,210
loadout,sword,heavy,expose|strike|cut|lunge|return|unity,fire,ignite,seed|spark|blaze|heal|vine|inferno,balanced,balanced,0,0,1,4,0,52
loadout,sword,heavy,expose|strike|cut|lunge|return|unity,fire,ignite,seed|spark|blaze|heal|vine|inferno,balanced,balanced,0,1,1,6,0,87
loadout,sword,heavy,expose|strike|cut|lunge|return|unity,fire,ignite,seed|spark|blaze|heal|vine|inferno,balanced,balanced,1,0,1,5,0,32
loadout,sword,heavy,expose|strike|cut|lunge|return|unity,fire,ignite,seed|spark|blaze|heal|vine|inferno,balanced,balanced,1,1,0,6,40,0
loadout,sword,heavy,expose|strike|cut|lunge|return|unity,fire,ignite,seed|spark|blaze|heal|vine|inferno,balanced,balanced,2,0,1,6,0,23
loadout,sword,heavy,expose|strike|cut|lunge|return|unity,fire,ignite,seed|spark|blaze|heal|vine|inferno,balanced,balanced,2,1,1,7,0,69
loadout,sword,heavy,expose|strike|cut|lunge|return|unity,fire,sustain,seed|spark|blaze|heal|nourish|vine,balanced,balanced,0,0,1,7,0,50
loadout,sword,heavy,expose|strike|cut|lunge|return|unity,fire,sustain,seed|spark|blaze|heal|nourish|vine,balanced,balanced,0,1,1,8,0,54
loadout,sword,heavy,expose|strike|cut|lunge|return|unity,fire,sustain,seed|spark|blaze|heal|nourish|vine,balanced,balanced,1,0,1,5,0,97
loadout,sword,heavy,expose|strike|cut|lunge|return|unity,fire,sustain,seed|spark|blaze|heal|nourish|vine,balanced,balanced,1,1,0,7,62,0
loadout,sword,heavy,expose|strike|cut|lunge|return|unity,fire,sustain,seed|spark|blaze|heal|nourish|vine,balanced,balanced,2,0,1,5,0,87
loadout,sword,heavy,expose|strike|cut|lunge|return|unity,fire,sustain,seed|spark|blaze|heal|nourish|vine,balanced,balanced,2,1,1,7,0,130
loadout,sword,heavy,expose|strike|guard|lunge|return|unity,fire,ignite,seed|spark|blaze|heal|vine|inferno,balanced,balanced,0,0,1,8,0,130
loadout,sword,heavy,expose|strike|guard|lunge|return|unity,fire,ignite,seed|spark|blaze|heal|vine|inferno,balanced,balanced,0,1,1,6,0,97
loadout,sword,heavy,expose|strike|guard|lunge|return|unity,fire,ignite,seed|spark|blaze|heal|vine|inferno,balanced,balanced,1,0,1,6,0,141
loadout,sword,heavy,expose|strike|guard|lunge|return|unity,fire,ignite,seed|spark|blaze|heal|vine|inferno,balanced,balanced,1,1,1,6,0,82
loadout,sword,heavy,expose|strike|guard|lunge|return|unity,fire,ignite,seed|spark|blaze|heal|vine|inferno,balanced,balanced,2,0,1,6,0,141
loadout,sword,heavy,expose|strike|guard|lunge|return|unity,fire,ignite,seed|spark|blaze|heal|vine|inferno,balanced,balanced,2,1,1,6,0,126
loadout,sword,heavy,expose|strike|guard|lunge|return|unity,fire,sustain,seed|spark|blaze|heal|nourish|vine,balanced,balanced,0,0,1,9,0,157
loadout,sword,heavy,expose|strike|guard|lunge|return|unity,fire,sustain,seed|spark|blaze|heal|nourish|vine,balanced,balanced,0,1,1,8,0,54
loadout,sword,heavy,expose|strike|guard|lunge|return|unity,fire,sustain,seed|spark|blaze|heal|nourish|vine,balanced,balanced,1,0,1,10,0,203
loadout,sword,heavy,expose|strike|guard|lunge|return|unity,fire,sustain,seed|spark|blaze|heal|nourish|vine,balanced,balanced,1,1,0,7,62,0
loadout,sword,heavy,expose|strike|guard|lunge|return|unity,fire,sustain,seed|spark|blaze|heal|nourish|vine,balanced,balanced,2,0,1,10,0,157
loadout,sword,heavy,expose|strike|guard|lunge|return|unity,fire,sustain,seed|spark|blaze|heal|nourish|vine,balanced,balanced,2,1,1,6,0,206
loadout,sword,heavy,expose|strike|guard|cut|return|unity,fire,ignite,seed|spark|blaze|heal|vine|inferno,balanced,balanced,0,0,1,8,0,130
loadout,sword,heavy,expose|strike|guard|cut|return|unity,fire,ignite,seed|spark|blaze|heal|vine|inferno,balanced,balanced,0,1,1,6,0,97
loadout,sword,heavy,expose|strike|guard|cut|return|unity,fire,ignite,seed|spark|blaze|heal|vine|inferno,balanced,balanced,1,0,1,6,0,141
loadout,sword,heavy,expose|strike|guard|cut|return|unity,fire,ignite,seed|spark|blaze|heal|vine|inferno,balanced,balanced,1,1,1,6,0,82
loadout,sword,heavy,expose|strike|guard|cut|return|unity,fire,ignite,seed|spark|blaze|heal|vine|inferno,balanced,balanced,2,0,1,6,0,141
loadout,sword,heavy,expose|strike|guard|cut|return|unity,fire,ignite,seed|spark|blaze|heal|vine|inferno,balanced,balanced,2,1,1,6,0,126
loadout,sword,heavy,expose|strike|guard|cut|return|unity,fire,sustain,seed|spark|blaze|heal|nourish|vine,balanced,balanced,0,0,1,9,0,157
loadout,sword,heavy,expose|strike|guard|cut|return|unity,fire,sustain,seed|spark|blaze|heal|nourish|vine,balanced,balanced,0,1,1,8,0,54
loadout,sword,heavy,expose|strike|guard|cut|return|unity,fire,sustain,seed|spark|blaze|heal|nourish|vine,balanced,balanced,1,0,1,10,0,203
loadout,sword,heavy,expose|strike|guard|cut|return|unity,fire,sustain,seed|spark|blaze|heal|nourish|vine,balanced,balanced,1,1,0,7,62,0
loadout,sword,heavy,expose|strike|guard|cut|return|unity,fire,sustain,seed|spark|blaze|heal|nourish|vine,balanced,balanced,2,0,1,10,0,157
loadout,sword,heavy,expose|strike|guard|cut|return|unity,fire,sustain,seed|spark|blaze|heal|nourish|vine,balanced,balanced,2,1,1,6,0,206
loadout,sword,heavy,expose|strike|guard|cut|lunge|unity,fire,ignite,seed|spark|blaze|heal|vine|inferno,balanced,balanced,0,0,1,8,0,130
loadout,sword,heavy,expose|strike|guard|cut|lunge|unity,fire,ignite,seed|spark|blaze|heal|vine|inferno,balanced,balanced,0,1,1,6,0,97
loadout,sword,heavy,expose|strike|guard|cut|lunge|unity,fire,ignite,seed|spark|blaze|heal|vine|inferno,balanced,balanced,1,0,1,6,0,141
loadout,sword,heavy,expose|strike|guard|cut|lunge|unity,fire,ignite,seed|spark|blaze|heal|vine|inferno,balanced,balanced,1,1,1,6,0,82
loadout,sword,heavy,expose|strike|guard|cut|lunge|unity,fire,ignite,seed|spark|blaze|heal|vine|inferno,balanced,balanced,2,0,1,6,0,141
loadout,sword,heavy,expose|strike|guard|cut|lunge|unity,fire,ignite,seed|spark|blaze|heal|vine|inferno,balanced,balanced,2,1,1,6,0,126
loadout,sword,heavy,expose|strike|guard|cut|lunge|unity,fire,sustain,seed|spark|blaze|heal|nourish|vine,balanced,balanced,0,0,1,9,0,157
loadout,sword,heavy,expose|strike|guard|cut|lunge|unity,fire,sustain,seed|spark|blaze|heal|nourish|vine,balanced,balanced,0,1,1,8,0,54
loadout,sword,heavy,expose|strike|guard|cut|lunge|unity,fire,sustain,seed|spark|blaze|heal|nourish|vine,balanced,balanced,1,0,1,10,0,203
loadout,sword,heavy,expose|strike|guard|cut|lunge|unity,fire,sustain,seed|spark|blaze|heal|nourish|vine,balanced,balanced,1,1,0,7,62,0
loadout,sword,heavy,expose|strike|guard|cut|lunge|unity,fire,sustain,seed|spark|blaze|heal|nourish|vine,balanced,balanced,2,0,1,10,0,157
loadout,sword,heavy,expose|strike|guard|cut|lunge|unity,fire,sustain,seed|spark|blaze|heal|nourish|vine,balanced,balanced,2,1,1,6,0,206
loadout,sword,heavy,expose|strike|guard|cut|lunge|return,fire,ignite,seed|spark|blaze|heal|vine|inferno,balanced,balanced,0,0,1,10,0,69
loadout,sword,heavy,expose|strike|guard|cut|lunge|return,fire,ignite,seed|spark|blaze|heal|vine|inferno,balanced,balanced,0,1,1,6,0,60
loadout,sword,heavy,expose|strike|guard|cut|lunge|return,fire,ignite,seed|spark|blaze|heal|vine|inferno,balanced,balanced,1,0,1,10,0,75
loadout,sword,heavy,expose|strike|guard|cut|lunge|return,fire,ignite,seed|spark|blaze|heal|vine|inferno,balanced,balanced,1,1,1,7,0,70
loadout,sword,heavy,expose|strike|guard|cut|lunge|return,fire,ignite,seed|spark|blaze|heal|vine|inferno,balanced,balanced,2,0,1,10,0,85
loadout,sword,heavy,expose|strike|guard|cut|lunge|return,fire,ignite,seed|spark|blaze|heal|vine|inferno,balanced,balanced,2,1,1,7,0,80
loadout,sword,heavy,expose|strike|guard|cut|lunge|return,fire,sustain,seed|spark|blaze|heal|nourish|vine,balanced,balanced,0,0,1,12,0,207
loadout,sword,heavy,expose|strike|guard|cut|lunge|return,fire,sustain,seed|spark|blaze|heal|nourish|vine,balanced,balanced,0,1,1,8,0,54
loadout,sword,heavy,expose|strike|guard|cut|lunge|return,fire,sustain,seed|spark|blaze|heal|nourish|vine,balanced,balanced,1,0,1,11,0,208
loadout,sword,heavy,expose|strike|guard|cut|lunge|return,fire,sustain,seed|spark|blaze|heal|nourish|vine,balanced,balanced,1,1,1,9,0,128
loadout,sword,heavy,expose|strike|guard|cut|lunge|return,fire,sustain,seed|spark|blaze|heal|nourish|vine,balanced,balanced,2,0,1,10,0,157
loadout,sword,heavy,expose|strike|guard|cut|lunge|return,fire,sustain,seed|spark|blaze|heal|nourish|vine,balanced,balanced,2,1,1,8,0,87
loadout,sword,heavy,swift|guard|cut|lunge|return|unity,fire,ignite,seed|spark|blaze|heal|vine|inferno,balanced,balanced,0,0,1,6,0,132
loadout,sword,heavy,swift|guard|cut|lunge|return|unity,fire,ignite,seed|spark|blaze|heal|vine|inferno,balanced,balanced,0,1,1,5,0,72
loadout,sword,heavy,swift|guard|cut|lunge|return|unity,fire,ignite,seed|spark|blaze|heal|vine|inferno,balanced,balanced,1,0,1,9,0,198
loadout,sword,heavy,swift|guard|cut|lunge|return|unity,fire,ignite,seed|spark|blaze|heal|vine|inferno,balanced,balanced,1,1,1,5,0,114
loadout,sword,heavy,swift|guard|cut|lunge|return|unity,fire,ignite,seed|spark|blaze|heal|vine|inferno,balanced,balanced,2,0,1,7,0,155
loadout,sword,heavy,swift|guard|cut|lunge|return|unity,fire,ignite,seed|spark|blaze|heal|vine|inferno,balanced,balanced,2,1,1,5,0,114
loadout,sword,heavy,swift|guard|cut|lunge|return|unity,fire,sustain,seed|spark|blaze|heal|nourish|vine,balanced,balanced,0,0,1,9,0,210
loadout,sword,heavy,swift|guard|cut|lunge|return|unity,fire,sustain,seed|spark|blaze|heal|nourish|vine,balanced,balanced,0,1,1,7,0,102
loadout,sword,heavy,swift|guard|cut|lunge|return|unity,fire,sustain,seed|spark|blaze|heal|nourish|vine,balanced,balanced,1,0,1,10,0,168
loadout,sword,heavy,swift|guard|cut|lunge|return|unity,fire,sustain,seed|spark|blaze|heal|nourish|vine,balanced,balanced,1,1,1,7,0,172
loadout,sword,heavy,swift|guard|cut|lunge|return|unity,fire,sustain,seed|spark|blaze|heal|nourish|vine,balanced,balanced,2,0,1,10,0,168
loadout,sword,heavy,swift|guard|cut|lunge|return|unity,fire,sustain,seed|spark|blaze|heal|nourish|vine,balanced,balanced,2,1,1,7,0,172
loadout,sword,heavy,swift|strike|cut|lunge|return|unity,fire,ignite,seed|spark|blaze|heal|vine|inferno,balanced,balanced,0,0,0,4,67,0
loadout,sword,heavy,swift|strike|cut|lunge|return|unity,fire,ignite,seed|spark|blaze|heal|vine|inferno,balanced,balanced,0,1,1,6,0,114
loadout,sword,heavy,swift|strike|cut|lunge|return|unity,fire,ignite,seed|spark|blaze|heal|vine|inferno,balanced,balanced,1,0,0,5,8,0
loadout,sword,heavy,swift|strike|cut|lunge|return|unity,fire,ignite,seed|spark|blaze|heal|vine|inferno,balanced,balanced,1,1,1,7,0,95
loadout,sword,heavy,swift|strike|cut|lunge|return|unity,fire,ignite,seed|spark|blaze|heal|vine|inferno,balanced,balanced,2,0,0,4,101,0
loadout,sword,heavy,swift|strike|cut|lunge|return|unity,fire,ignite,seed|spark|blaze|heal|vine|inferno,balanced,balanced,2,1,1,7,0,28
loadout,sword,heavy,swift|strike|cut|lunge|return|unity,fire,sustain,seed|spark|blaze|heal|nourish|vine,balanced,balanced,0,0,0,6,12,0
loadout,sword,heavy,swift|strike|cut|lunge|return|unity,fire,sustain,seed|spark|blaze|heal|nourish|vine,balanced,balanced,0,1,1,9,0,111
loadout,sword,heavy,swift|strike|cut|lunge|return|unity,fire,sustain,seed|spark|blaze|heal|nourish|vine,balanced,balanced,1,0,1,6,0,23
loadout,sword,heavy,swift|strike|cut|lunge|return|unity,fire,sustain,seed|spark|blaze|heal|nourish|vine,balanced,balanced,1,1,1,10,0,82
loadout,sword,heavy,swift|strike|cut|lunge|return|unity,fire,sustain,seed|spark|blaze|heal|nourish|vine,balanced,balanced,2,0,1,6,0,38
loadout,sword,heavy,swift|strike|cut|lunge|return|unity,fire,sustain,seed|spark|blaze|heal|nourish|vine,balanced,balanced,2,1,1,10,0,82
loadout,sword,heavy,swift|strike|guard|lunge|return|unity,fire,ignite,seed|spark|blaze|heal|vine|inferno,balanced,balanced,0,0,0,5,17,0
loadout,sword,heavy,swift|strike|guard|lunge|return|unity,fire,ignite,seed|spark|blaze|heal|vine|inferno,balanced,balanced,0,1,1,6,0,124
loadout,sword,heavy,swift|strike|guard|lunge|return|unity,fire,ignite,seed|spark|blaze|heal|vine|inferno,balanced,balanced,1,0,1,9,0,198
loadout,sword,heavy,swift|strike|guard|lunge|return|unity,fire,ignite,seed|spark|blaze|heal|vine|inferno,balanced,balanced,1,1,1,7,0,95
loadout,sword,heavy,swift|strike|guard|lunge|return|unity,fire,ignite,seed|spark|blaze|heal|vine|inferno,balanced,balanced,2,0,0,5,42,0
loadout,sword,heavy,swift|strike|guard|lunge|return|unity,fire,ignite,seed|spark|blaze|heal|vine|inferno,balanced,balanced,2,1,1,7,0,28
loadout,sword,heavy,swift|strike|guard|lunge|return|unity,fire,sustain,seed|spark|blaze|heal|nourish|vine,balanced,balanced,0,0,1,7,0,95
loadout,sword,heavy,swift|strike|guard|lunge|return|unity,fire,sustain,seed|spark|blaze|heal|nourish|vine,balanced,balanced,0,1,1,8,0,112
loadout,sword,heavy,swift|strike|guard|lunge|return|unity,fire,sustain,seed|spark|blaze|heal|nourish|vine,balanced,balanced,1,0,1,10,0,157
loadout,sword,heavy,swift|strike|guard|lunge|return|unity,fire,sustain,seed|spark|blaze|heal|nourish|vine,balanced,balanced,1,1,1,10,0,82
loadout,sword,heavy,swift|strike|guard|lunge|return|unity,fire,sustain,seed|spark|blaze|heal|nourish|vine,balanced,balanced,2,0,1,10,0,157
loadout,sword,heavy,swift|strike|guard|lunge|return|unity,fire,sustain,seed|spark|blaze|heal|nourish|vine,balanced,balanced,2,1,1,10,0,82
loadout,sword,heavy,swift|strike|guard|cut|return|unity,fire,ignite,seed|spark|blaze|heal|vine|inferno,balanced,balanced,0,0,0,5,17,0
loadout,sword,heavy,swift|strike|guard|cut|return|unity,fire,ignite,seed|spark|blaze|heal|vine|inferno,balanced,balanced,0,1,1,4,0,78
loadout,sword,heavy,swift|strike|guard|cut|return|unity,fire,ignite,seed|spark|blaze|heal|vine|inferno,balanced,balanced,1,0,1,9,0,198
loadout,sword,heavy,swift|strike|guard|cut|return|unity,fire,ignite,seed|spark|blaze|heal|vine|inferno,balanced,balanced,1,1,1,7,0,95
loadout,sword,heavy,swift|strike|guard|cut|return|unity,fire,ignite,seed|spark|blaze|heal|vine|inferno,balanced,balanced,2,0,0,5,42,0
loadout,sword,heavy,swift|strike|guard|cut|return|unity,fire,ignite,seed|spark|blaze|heal|vine|inferno,balanced,balanced,2,1,1,7,0,28
loadout,sword,heavy,swift|strike|guard|cut|return|unity,fire,sustain,seed|spark|blaze|heal|nourish|vine,balanced,balanced,0,0,1,7,0,96
loadout,sword,heavy,swift|strike|guard|cut|return|unity,fire,sustain,seed|spark|blaze|heal|nourish|vine,balanced,balanced,0,1,1,13,0,169
loadout,sword,heavy,swift|strike|guard|cut|return|unity,fire,sustain,seed|spark|blaze|heal|nourish|vine,balanced,balanced,1,0,1,10,0,157
loadout,sword,heavy,swift|strike|guard|cut|return|unity,fire,sustain,seed|spark|blaze|heal|nourish|vine,balanced,balanced,1,1,1,10,0,82
loadout,sword,heavy,swift|strike|guard|cut|return|unity,fire,sustain,seed|spark|blaze|heal|nourish|vine,balanced,balanced,2,0,1,10,0,157
loadout,sword,heavy,swift|strike|guard|cut|return|unity,fire,sustain,seed|spark|blaze|heal|nourish|vine,balanced,balanced,2,1,1,10,0,82
loadout,sword,heavy,swift|strike|guard|cut|lunge|unity,fire,ignite,seed|spark|blaze|heal|vine|inferno,balanced,balanced,0,0,0,5,17,0
loadout,sword,heavy,swift|strike|guard|cut|lunge|unity,fire,ignite,seed|spark|blaze|heal|vine|inferno,balanced,balanced,0,1,1,6,0,124
loadout,sword,heavy,swift|strike|guard|cut|lunge|unity,fire,ignite,seed|spark|blaze|heal|vine|inferno,balanced,balanced,1,0,1,9,0,186
loadout,sword,heavy,swift|strike|guard|cut|lunge|unity,fire,ignite,seed|spark|blaze|heal|vine|inferno,balanced,balanced,1,1,1,7,0,95
loadout,sword,heavy,swift|strike|guard|cut|lunge|unity,fire,ignite,seed|spark|blaze|heal|vine|inferno,balanced,balanced,2,0,0,5,42,0
loadout,sword,heavy,swift|strike|guard|cut|lunge|unity,fire,ignite,seed|spark|blaze|heal|vine|inferno,balanced,balanced,2,1,1,7,0,28
loadout,sword,heavy,swift|strike|guard|cut|lunge|unity,fire,sustain,seed|spark|blaze|heal|nourish|vine,balanced,balanced,0,0,1,7,0,95
loadout,sword,heavy,swift|strike|guard|cut|lunge|unity,fire,sustain,seed|spark|blaze|heal|nourish|vine,balanced,balanced,0,1,1,8,0,112
loadout,sword,heavy,swift|strike|guard|cut|lunge|unity,fire,sustain,seed|spark|blaze|heal|nourish|vine,balanced,balanced,1,0,1,10,0,157
loadout,sword,heavy,swift|strike|guard|cut|lunge|unity,fire,sustain,seed|spark|blaze|heal|nourish|vine,balanced,balanced,1,1,1,10,0,82
loadout,sword,heavy,swift|strike|guard|cut|lunge|unity,fire,sustain,seed|spark|blaze|heal|nourish|vine,balanced,balanced,2,0,1,10,0,157
loadout,sword,heavy,swift|strike|guard|cut|lunge|unity,fire,sustain,seed|spark|blaze|heal|nourish|vine,balanced,balanced,2,1,1,10,0,82
loadout,sword,heavy,swift|strike|guard|cut|lunge|return,fire,ignite,seed|spark|blaze|heal|vine|inferno,balanced,balanced,0,0,0,5,17,0
loadout,sword,heavy,swift|strike|guard|cut|lunge|return,fire,ignite,seed|spark|blaze|heal|vine|inferno,balanced,balanced,0,1,1,6,0,40
loadout,sword,heavy,swift|strike|guard|cut|lunge|return,fire,ignite,seed|spark|blaze|heal|vine|inferno,balanced,balanced,1,0,1,10,0,148
loadout,sword,heavy,swift|strike|guard|cut|lunge|return,fire,ignite,seed|spark|blaze|heal|vine|inferno,balanced,balanced,1,1,1,7,0,95
loadout,sword,heavy,swift|strike|guard|cut|lunge|return,fire,ignite,seed|spark|blaze|heal|vine|inferno,balanced,balanced,2,0,0,5,53,0
loadout,sword,heavy,swift|strike|guard|cut|lunge|return,fire,ignite,seed|spark|blaze|heal|vine|inferno,balanced,balanced,2,1,1,7,0,28
loadout,sword,heavy,swift|strike|guard|cut|lunge|return,fire,sustain,seed|spark|blaze|heal|nourish|vine,balanced,balanced,0,0,1,11,0,190
loadout,sword,heavy,swift|strike|guard|cut|lunge|return,fire,sustain,seed|spark|blaze|heal|nourish|vine,balanced,balanced,0,1,1,8,0,112
loadout,sword,heavy,swift|strike|guard|cut|lunge|return,fire,sustain,seed|spark|blaze|heal|nourish|vine,balanced,balanced,1,0,1,11,0,163
loadout,sword,heavy,swift|strike|guard|cut|lunge|return,fire,sustain,seed|spark|blaze|heal|nourish|vine,balanced,balanced,1,1,1,10,0,82
loadout,sword,heavy,swift|strike|guard|cut|lunge|return,fire,sustain,seed|spark|blaze|heal|nourish|vine,balanced,balanced,2,0,1,12,0,175
loadout,sword,heavy,swift|strike|guard|cut|lunge|return,fire,sustain,seed|spark|blaze|heal|nourish|vine,balanced,balanced,2,1,1,10,0,82
loadout,sword,heavy,swift|expose|cut|lunge|return|unity,fire,ignite,seed|spark|blaze|heal|vine|inferno,balanced,balanced,0,0,1,4,0,89
loadout,sword,heavy,swift|expose|cut|lunge|return|unity,fire,ignite,seed|spark|blaze|heal|vine|inferno,balanced,balanced,0,1,1,5,0,72
loadout,sword,heavy,swift|expose|cut|lunge|return|unity,fire,ignite,seed|spark|blaze|heal|vine|inferno,balanced,balanced,1,0,1,5,0,88
loadout,sword,heavy,swift|expose|cut|lunge|return|unity,fire,ignite,seed|spark|blaze|heal|vine|inferno,balanced,balanced,1,1,1,5,0,114
loadout,sword,heavy,swift|expose|cut|lunge|return|unity,fire,ignite,seed|spark|blaze|heal|vine|inferno,balanced,balanced,2,0,1,4,0,26
loadout,sword,heavy,swift|expose|cut|lunge|return|unity,fire,ignite,seed|spark|blaze|heal|vine|inferno,balanced,balanced,2,1,1,5,0,114
loadout,sword,heavy,swift|expose|cut|lunge|return|unity,fire,sustain,seed|spark|blaze|heal|nourish|vine,balanced,balanced,0,0,1,5,0,41
loadout,sword,heavy,swift|expose|cut|lunge|return|unity,fire,sustain,seed|spark|blaze|heal|nourish|vine,balanced,balanced,0,1,1,7,0,102
loadout,sword,heavy,swift|expose|cut|lunge|return|unity,fire,sustain,seed|spark|blaze|heal|nourish|vine,balanced,balanced,1,0,1,5,0,97
loadout,sword,heavy,swift|expose|cut|lunge|return|unity,fire,sustain,seed|spark|blaze|heal|nourish|vine,balanced,balanced,1,1,1,7,0,172
loadout,sword,heavy,swift|expose|cut|lunge|return|unity,fire,sustain,seed|spark|blaze|heal|nourish|vine,balanced,balanced,2,0,1,6,0,24
loadout,sword,heavy,swift|expose|cut|lunge|return|unity,fire,sustain,seed|spark|blaze|heal|nourish|vine,balanced,balanced,2,1,1,7,0,172
loadout,sword,heavy,swift|expose|guard|lunge|return|unity,fire,ignite,seed|spark|blaze|heal|vine|inferno,balanced,balanced,0,0,1,7,0,139
loadout,sword,heavy,swift|expose|guard|lunge|return|unity,fire,ignite,seed|spark|blaze|heal|vine|inferno,balanced,balanced,0,1,1,5,0,72
loadout,sword,heavy,swift|expose|guard|lunge|return|unity,fire,ignite,seed|spark|blaze|heal|vine|inferno,balanced,balanced,1,0,1,10,0,142
loadout,sword,heavy,swift|expose|guard|lunge|return|unity,fire,ignite,seed|spark|blaze|heal|vine|inferno,balanced,balanced,1,1,1,5,0,114
loadout,sword,heavy,swift|expose|guard|lunge|return|unity,fire,ignite,seed|spark|blaze|heal|vine|inferno,balanced,balanced,2,0,1,6,0,193
loadout,sword,heavy,swift|expose|guard|lunge|return|unity,fire,ignite,seed|spark|blaze|heal|vine|inferno,balanced,balanced,2,1,1,5,0,114
loadout,sword,heavy,swift|expose|guard|lunge|return|unity,fire,sustain,seed|spark|blaze|heal|nourish|vine,balanced,balanced,0,0,1,9,0,174
loadout,sword,heavy,swift|expose|guard|lunge|return|unity,fire,sustain,seed|spark|blaze|heal|nourish|vine,balanced,balanced,0,1,1,7,0,102
loadout,sword,heavy,swift|expose|guard|lunge|return|unity,fire,sustain,seed|spark|blaze|heal|nourish|vine,balanced,balanced,1,0,1,10,0,168
loadout,sword,heavy,swift|expose|guard|lunge|return|unity,fire,sustain,seed|spark|blaze|heal|nourish|vine,balanced,balanced,1,1,1,7,0,172
loadout,sword,heavy,swift|expose|guard|lunge|return|unity,fire,sustain,seed|spark|blaze|heal|nourish|vine,balanced,balanced,2,0,1,9,0,148
loadout,sword,heavy,swift|expose|guard|lunge|return|unity,fire,sustain,seed|spark|blaze|heal|nourish|vine,balanced,balanced,2,1,1,7,0,172
loadout,sword,heavy,swift|expose|guard|cut|return|unity,fire,ignite,seed|spark|blaze|heal|vine|inferno,balanced,balanced,0,0,1,6,0,155
loadout,sword,heavy,swift|expose|guard|cut|return|unity,fire,ignite,seed|spark|blaze|heal|vine|inferno,balanced,balanced,0,1,1,5,0,114
loadout,sword,heavy,swift|expose|guard|cut|return|unity,fire,ignite,seed|spark|blaze|heal|vine|inferno,balanced,balanced,1,0,1,10,0,127
loadout,sword,heavy,swift|expose|guard|cut|return|unity,fire,ignite,seed|spark|blaze|heal|vine|inferno,balanced,balanced,1,1,1,5,0,114
loadout,sword,heavy,swift|expose|guard|cut|return|unity,fire,ignite,seed|spark|blaze|heal|vine|inferno,balanced,balanced,2,0,1,6,0,193
loadout,sword,heavy,swift|expose|guard|cut|return|unity,fire,ignite,seed|spark|blaze|heal|vine|inferno,balanced,balanced,2,1,1,5,0,114
loadout,sword,heavy,swift|expose|guard|cut|return|unity,fire,sustain,seed|spark|blaze|heal|nourish|vine,balanced,balanced,0,0,1,7,0,155
loadout,sword,heavy,swift|expose|guard|cut|return|unity,fire,sustain,seed|spark|blaze|heal|nourish|vine,balanced,balanced,0,1,1,7,0,172
loadout,sword,heavy,swift|expose|guard|cut|return|unity,fire,sustain,seed|spark|blaze|heal|nourish|vine,balanced,balanced,1,0,1,10,0,168
loadout,sword,heavy,swift|expose|guard|cut|return|unity,fire,sustain,seed|spark|blaze|heal|nourish|vine,balanced,balanced,1,1,1,7,0,172
loadout,sword,heavy,swift|expose|guard|cut|return|unity,fire,sustain,seed|spark|blaze|heal|nourish|vine,balanced,balanced,2,0,1,9,0,148
loadout,sword,heavy,swift|expose|guard|cut|return|unity,fire,sustain,seed|spark|blaze|heal|nourish|vine,balanced,balanced,2,1,1,7,0,172
loadout,sword,heavy,swift|expose|guard|cut|lunge|unity,fire,ignite,seed|spark|blaze|heal|vine|inferno,balanced,balanced,0,0,1,7,0,167
loadout,sword,heavy,swift|expose|guard|cut|lunge|unity,fire,ignite,seed|spark|blaze|heal|vine|inferno,balanced,balanced,0,1,1,5,0,72
loadout,sword,heavy,swift|expose|guard|cut|lunge|unity,fire,ignite,seed|spark|blaze|heal|vine|inferno,balanced,balanced,1,0,1,7,0,179
loadout,sword,heavy,swift|expose|guard|cut|lunge|unity,fire,ignite,seed|spark|blaze|heal|vine|inferno,balanced,balanced,1,1,1,5,0,114
loadout,sword,heavy,swift|expose|guard|cut|lunge|unity,fire,ignite,seed|spark|blaze|heal|vine|inferno,balanced,balanced,2,0,1,6,0,193
loadout,sword,heavy,swift|expose|guard|cut|lunge|unity,fire,ignite,seed|spark|blaze|heal|vine|inferno,balanced,balanced,2,1,1,5,0,114
loadout,sword,heavy,swift|expose|guard|cut|lunge|unity,fire,sustain,seed|spark|blaze|heal|nourish|vine,balanced,balanced,0,0,1,10,0,206
loadout,sword,heavy,swift|expose|guard|cut|lunge|unity,fire,sustain,seed|spark|blaze|heal|nourish|vine,balanced,balanced,0,1,1,7,0,102
loadout,sword,heavy,swift|expose|guard|cut|lunge|unity,fire,sustain,seed|spark|blaze|heal|nourish|vine,balanced,balanced,1,0,1,10,0,186
loadout,sword,heavy,swift|expose|guard|cut|lunge|unity,fire,sustain,seed|spark|blaze|heal|nourish|vine,balanced,balanced,1,1,1,7,0,172
loadout,sword,heavy,swift|expose|guard|cut|lunge|unity,fire,sustain,seed|spark|blaze|heal|nourish|vine,balanced,balanced,2,0,1,9,0,186
loadout,sword,heavy,swift|expose|guard|cut|lunge|unity,fire,sustain,seed|spark|blaze|heal|nourish|vine,balanced,balanced,2,1,1,7,0,172
loadout,sword,heavy,swift|expose|guard|cut|lunge|return,fire,ignite,seed|spark|blaze|heal|vine|inferno,balanced,balanced,0,0,0,9,44,0
loadout,sword,heavy,swift|expose|guard|cut|lunge|return,fire,ignite,seed|spark|blaze|heal|vine|inferno,balanced,balanced,0,1,1,5,0,72
loadout,sword,heavy,swift|expose|guard|cut|lunge|return,fire,ignite,seed|spark|blaze|heal|vine|inferno,balanced,balanced,1,0,1,8,0,37
loadout,sword,heavy,swift|expose|guard|cut|lunge|return,fire,ignite,seed|spark|blaze|heal|vine|inferno,balanced,balanced,1,1,1,5,0,114
loadout,sword,heavy,swift|expose|guard|cut|lunge|return,fire,ignite,seed|spark|blaze|heal|vine|inferno,balanced,balanced,2,0,0,6,62,0
loadout,sword,heavy,swift|expose|guard|cut|lunge|return,fire,ignite,seed|spark|blaze|heal|vine|inferno,balanced,balanced,2,1,1,5,0,114
loadout,sword,heavy,swift|expose|guard|cut|lunge|return,fire,sustain,seed|spark|blaze|heal|nourish|vine,balanced,balanced,0,0,1,15,0,156
loadout,sword,heavy,swift|expose|guard|cut|lunge|return,fire,sustain,seed|spark|blaze|heal|nourish|vine,balanced,balanced,0,1,1,7,0,102
loadout,sword,heavy,swift|expose|guard|cut|lunge|return,fire,sustain,seed|spark|blaze|heal|nourish|vine,balanced,balanced,1,0,1,15,0,150
loadout,sword,heavy,swift|expose|guard|cut|lunge|return,fire,sustain,seed|spark|blaze|heal|nourish|vine,balanced,balanced,1,1,1,7,0,172
loadout,sword,heavy,swift|expose|guard|cut|lunge|return,fire,sustain,seed|spark|blaze|heal|nourish|vine,balanced,balanced,2,0,1,14,0,150
loadout,sword,heavy,swift|expose|guard|cut|lunge|return,fire,sustain,seed|spark|blaze|heal|nourish|vine,balanced,balanced,2,1,1,7,0,172
loadout,sword,heavy,swift|expose|strike|lunge|return|unity,fire,ignite,seed|spark|blaze|heal|vine|inferno,balanced,balanced,0,0,0,4,67,0
loadout,sword,heavy,swift|expose|strike|lunge|return|unity,fire,ignite,seed|spark|blaze|heal|vine|inferno,balanced,balanced,0,1,0,5,44,0
loadout,sword,heavy,swift|expose|strike|lunge|return|unity,fire,ignite,seed|spark|blaze|heal|vine|inferno,balanced,balanced,1,0,1,5,0,68
loadout,sword,heavy,swift|expose|strike|lunge|return|unity,fire,ignite,seed|spark|blaze|heal|vine|inferno,balanced,balanced,1,1,1,8,0,96
loadout,sword,heavy,swift|expose|strike|lunge|return|unity,fire,ignite,seed|spark|blaze|heal|vine|inferno,balanced,balanced,2,0,0,4,85,0
loadout,sword,heavy,swift|expose|strike|lunge|return|unity,fire,ignite,seed|spark|blaze|heal|vine|inferno,balanced,balanced,2,1,1,7,0,65
loadout,sword,heavy,swift|expose|strike|lunge|return|unity,fire,sustain,seed|spark|blaze|heal|nourish|vine,balanced,balanced,0,0,0,5,20,0
loadout,sword,heavy,swift|expose|strike|lunge|return|unity,fire,sustain,seed|spark|blaze|heal|nourish|vine,balanced,balanced,0,1,1,8,0,72
loadout,sword,heavy,swift|expose|strike|lunge|return|unity,fire,sustain,seed|spark|blaze|heal|nourish|vine,balanced,balanced,1,0,1,6,0,49
loadout,sword,heavy,swift|expose|strike|lunge|return|unity,fire,sustain,seed|spark|blaze|heal|nourish|vine,balanced,balanced,1,1,1,7,0,75
loadout,sword,heavy,swift|expose|strike|lunge|return|unity,fire,sustain,seed|spark|blaze|heal|nourish|vine,balanced,balanced,2,0,0,5,26,0
loadout,sword,heavy,swift|expose|strike|lunge|return|unity,fire,sustain,seed|spark|blaze|heal|nourish|vine,balanced,balanced,2,1,1,9,0,133
loadout,sword,heavy,swift|expose|strike|cut|return|unity,fire,ignite,seed|spark|blaze|heal|vine|inferno,balanced,balanced,0,0,0,4,49,0
loadout,sword,heavy,swift|expose|strike|cut|return|unity,fire,ignite,seed|spark|blaze|heal|vine|inferno,balanced,balanced,0,1,1,4,0,78
loadout,sword,heavy,swift|expose|strike|cut|return|unity,fire,ignite,seed|spark|blaze|heal|vine|inferno,balanced,balanced,1,0,1,5,0,88
loadout,sword,heavy,swift|expose|strike|cut|return|unity,fire,ignite,seed|spark|blaze|heal|vine|inferno,balanced,balanced,1,1,1,8,0,96
loadout,sword,heavy,swift|expose|strike|cut|return|unity,fire,ignite,seed|spark|blaze|heal|vine|inferno,balanced,balanced,2,0,0,4,85,0
loadout,sword,heavy,swift|expose|strike|cut|return|unity,fire,ignite,seed|spark|blaze|heal|vine|inferno,balanced,balanced,2,1,1,7,0,50
loadout,sword,heavy,swift|expose|strike|cut|return|unity,fire,sustain,seed|spark|blaze|heal|nourish|vine,balanced,balanced,0,0,0,5,26,0
loadout,sword,heavy,swift|expose|strike|cut|return|unity,fire,sustain,seed|spark|blaze|heal|nourish|vine,balanced,balanced,0,1,1,8,0,72
loadout,sword,heavy,swift|expose|strike|cut|return|unity,fire,sustain,seed|spark|blaze|heal|nourish|vine,balanced,balanced,1,0,1,6,0,49
loadout,sword,heavy,swift|expose|strike|cut|return|unity,fire,sustain,seed|spark|blaze|heal|nourish|vine,balanced,balanced,1,1,1,7,0,75
loadout,sword,heavy,swift|expose|strike|cut|return|unity,fire,sustain,seed|spark|blaze|heal|nourish|vine,balanced,balanced,2,0,0,5,26,0
loadout,sword,heavy,swift|expose|strike|cut|return|unity,fire,sustain,seed|spark|blaze|heal|nourish|vine,balanced,balanced,2,1,1,9,0,133
loadout,sword,heavy,swift|expose|strike|cut|lunge|unity,fire,ignite,seed|spark|blaze|heal|vine|inferno,balanced,balanced,0,0,0,4,67,0
loadout,sword,heavy,swift|expose|strike|cut|lunge|unity,fire,ignite,seed|spark|blaze|heal|vine|inferno,balanced,balanced,0,1,0,5,44,0
loadout,sword,heavy,swift|expose|strike|cut|lunge|unity,fire,ignite,seed|spark|blaze|heal|vine|inferno,balanced,balanced,1,0,1,5,0,88
loadout,sword,heavy,swift|expose|strike|cut|lunge|unity,fire,ignite,seed|spark|blaze|heal|vine|inferno,balanced,balanced,1,1,1,8,0,96
loadout,sword,heavy,swift|expose|strike|cut|lunge|unity,fire,ignite,seed|spark|blaze|heal|vine|inferno,balanced,balanced,2,0,0,4,85,0
loadout,sword,heavy,swift|expose|strike|cut|lunge|unity,fire,ignite,seed|spark|blaze|heal|vine|inferno,balanced,balanced,2,1,1,7,0,50
loadout,sword,heavy,swift|expose|strike|cut|lunge|unity,fire,sustain,seed|spark|blaze|heal|nourish|vine,balanced,balanced,0,0,0,5,20,0
loadout,sword,heavy,swift|expose|strike|cut|lunge|unity,fire,sustain,seed|spark|blaze|heal|nourish|vine,balanced,balanced,0,1,1,8,0,72
loadout,sword,heavy,swift|expose|strike|cut|lunge|unity,fire,sustain,seed|spark|blaze|heal|nourish|vine,balanced,balanced,1,0,1,6,0,44
loadout,sword,heavy,swift|expose|strike|cut|lunge|unity,fire,sustain,seed|spark|blaze|heal|nourish|vine,balanced,balanced,1,1,1,7,0,75
loadout,sword,heavy,swift|expose|strike|cut|lunge|unity,fire,sustain,seed|spark|blaze|heal|nourish|vine,balanced,balanced,2,0,0,5,26,0
loadout,sword,heavy,swift|expose|strike|cut|lunge|unity,fire,sustain,seed|spark|blaze|heal|nourish|vine,balanced,balanced,2,1,1,9,0,133
loadout,sword,heavy,swift|expose|strike|cut|lunge|return,fire,ignite,seed|spark|blaze|heal|vine|inferno,balanced,balanced,0,0,0,4,67,0
loadout,sword,heavy,swift|expose|strike|cut|lunge|return,fire,ignite,seed|spark|blaze|heal|vine|inferno,balanced,balanced,0,1,1,6,0,70
loadout,sword,heavy,swift|expose|strike|cut|lunge|return,fire,ignite,seed|spark|blaze|heal|vine|inferno,balanced,balanced,1,0,1,5,0,24
loadout,sword,heavy,swift|expose|strike|cut|lunge|return,fire,ignite,seed|spark|blaze|heal|vine|inferno,balanced,balanced,1,1,1,8,0,96
loadout,sword,heavy,swift|expose|strike|cut|lunge|return,fire,ignite,seed|spark|blaze|heal|vine|inferno,balanced,balanced,2,0,0,4,85,0
loadout,sword,heavy,swift|expose|strike|cut|lunge|return,fire,ignite,seed|spark|blaze|heal|vine|inferno,balanced,balanced,2,1,1,7,0,50
loadout,sword,heavy,swift|expose|strike|cut|lunge|return,fire,sustain,seed|spark|blaze|heal|nourish|vine,balanced,balanced,0,0,1,6,0,36
loadout,sword,heavy,swift|expose|strike|cut|lunge|return,fire,sustain,seed|spark|blaze|heal|nourish|vine,balanced,balanced,0,1,1,8,0,37
loadout,sword,heavy,swift|expose|strike|cut|lunge|return,fire,sustain,seed|spark|blaze|heal|nourish|vine,balanced,balanced,1,0,1,6,0,59
loadout,sword,heavy,swift|expose|strike|cut|lunge|return,fire,sustain,seed|spark|blaze|heal|nourish|vine,balanced,balanced,1,1,1,7,0,89
loadout,sword,heavy,swift|expose|strike|cut|lunge|return,fire,sustain,seed|spark|blaze|heal|nourish|vine,balanced,balanced,2,0,0,5,26,0
loadout,sword,heavy,swift|expose|strike|cut|lunge|return,fire,sustain,seed|spark|blaze|heal|nourish|vine,balanced,balanced,2,1,1,9,0,133
loadout,sword,heavy,swift|expose|strike|guard|return|unity,fire,ignite,seed|spark|blaze|heal|vine|inferno,balanced,balanced,0,0,1,4,0,7
loadout,sword,heavy,swift|expose|strike|guard|return|unity,fire,ignite,seed|spark|blaze|heal|vine|inferno,balanced,balanced,0,1,1,4,0,78
loadout,sword,heavy,swift|expose|strike|guard|return|unity,fire,ignite,seed|spark|blaze|heal|vine|inferno,balanced,balanced,1,0,1,7,0,26
loadout,sword,heavy,swift|expose|strike|guard|return|unity,fire,ignite,seed|spark|blaze|heal|vine|inferno,balanced,balanced,1,1,1,8,0,96
loadout,sword,heavy,swift|expose|strike|guard|return|unity,fire,ignite,seed|spark|blaze|heal|vine|inferno,balanced,balanced,2,0,1,6,0,193
loadout,sword,heavy,swift|expose|strike|guard|return|unity,fire,ignite,seed|spark|blaze|heal|vine|inferno,balanced,balanced,2,1,1,7,0,65
loadout,sword,heavy,swift|expose|strike|guard|return|unity,fire,sustain,seed|spark|blaze|heal|nourish|vine,balanced,balanced,0,0,0,5,57,0
loadout,sword,heavy,swift|expose|strike|guard|return|unity,fire,sustain,seed|spark|blaze|heal|nourish|vine,balanced,balanced,0,1,1,8,0,72
loadout,sword,heavy,swift|expose|strike|guard|return|unity,fire,sustain,seed|spark|blaze|heal|nourish|vine,balanced,balanced,1,0,1,10,0,157
loadout,sword,heavy,swift|expose|strike|guard|return|unity,fire,sustain,seed|spark|blaze|heal|nourish|vine,balanced,balanced,1,1,1,7,0,75
loadout,sword,heavy,swift|expose|strike|guard|return|unity,fire,sustain,seed|spark|blaze|heal|nourish|vine,balanced,balanced,2,0,1,9,0,69
loadout,sword,heavy,swift|expose|strike|guard|return|unity,fire,sustain,seed|spark|blaze|heal|nourish|vine,balanced,balanced,2,1,1,9,0,133
loadout,sword,heavy,swift|expose|strike|guard|lunge|unity,fire,ignite,seed|spark|blaze|heal|vine|inferno,balanced,balanced,0,0,0,4,52,0
loadout,sword,heavy,swift|expose|strike|guard|lunge|unity,fire,ignite,seed|spark|blaze|heal|vine|inferno,balanced,balanced,0,1,0,5,44,0
loadout,sword,heavy,swift|expose|strike|guard|lunge|unity,fire,ignite,seed|spark|blaze|heal|vine|inferno,balanced,balanced,1,0,1,7,0,26
loadout,sword,heavy,swift|expose|strike|guard|lunge|unity,fire,ignite,seed|spark|blaze|heal|vine|inferno,balanced,balanced,1,1,1,8,0,96
loadout,sword,heavy,swift|expose|strike|guard|lunge|unity,fire,ignite,seed|spark|blaze|heal|vine|inferno,balanced,balanced,2,0,1,6,0,193
loadout,sword,heavy,swift|expose|strike|guard|lunge|unity,fire,ignite,seed|spark|blaze|heal|vine|inferno,balanced,balanced,2,1,1,7,0,65
loadout,sword,heavy,swift|expose|strike|guard|lunge|unity,fire,sustain,seed|spark|blaze|heal|nourish|vine,balanced,balanced,0,0,0,5,57,0
loadout,sword,heavy,swift|expose|strike|guard|lunge|unity,fire,sustain,seed|spark|blaze|heal|nourish|vine,balanced,balanced,0,1,1,8,0,72
loadout,sword,heavy,swift|expose|strike|guard|lunge|unity,fire,sustain,seed|spark|blaze|heal|nourish|vine,balanced,balanced,1,0,1,10,0,157
loadout,sword,heavy,swift|expose|strike|guard|lunge|unity,fire,sustain,seed|spark|blaze|heal|nourish|vine,balanced,balanced,1,1,1,7,0,75
loadout,sword,heavy,swift|expose|strike|guard|lunge|unity,fire,sustain,seed|spark|blaze|heal|nourish|vine,balanced,balanced,2,0,1,9,0,69
loadout,sword,heavy,swift|expose|strike|guard|lunge|unity,fire,sustain,seed|spark|blaze|heal|nourish|vine,balanced,balanced,2,1,1,9,0,133
loadout,sword,heavy,swift|expose|strike|guard|lunge|return,fire,ignite,seed|spark|blaze|heal|vine|inferno,balanced,balanced,0,0,0,4,52,0
loadout,sword,heavy,swift|expose|strike|guard|lunge|return,fire,ignite,seed|spark|blaze|heal|vine|inferno,balanced,balanced,0,1,1,6,0,70
loadout,sword,heavy,swift|expose|strike|guard|lunge|return,fire,ignite,seed|spark|blaze|heal|vine|inferno,balanced,balanced,1,0,1,7,0,21
loadout,sword,heavy,swift|expose|strike|guard|lunge|return,fire,ignite,seed|spark|blaze|heal|vine|inferno,balanced,balanced,1,1,1,8,0,96
loadout,sword,heavy,swift|expose|strike|guard|lunge|return,fire,ignite,seed|spark|blaze|heal|vine|inferno,balanced,balanced,2,0,0,4,50,0
loadout,sword,heavy,swift|expose|strike|guard|lunge|return,fire,ignite,seed|spark|blaze|heal|vine|inferno,balanced,balanced,2,1,1,6,0,65
loadout,sword,heavy,swift|expose|strike|guard|lunge|return,fire,sustain,seed|spark|blaze|heal|nourish|vine,balanced,balanced,0,0,0,5,57,0
loadout,sword,heavy,swift|expose|strike|guard|lunge|return,fire,sustain,seed|spark|blaze|heal|nourish|vine,balanced,balanced,0,1,1,8,0,37
loadout,sword,heavy,swift|expose|strike|guard|lunge|return,fire,sustain,seed|spark|blaze|heal|nourish|vine,balanced,balanced,1,0,1,12,0,143
loadout,sword,heavy,swift|expose|strike|guard|lunge|return,fire,sustain,seed|spark|blaze|heal|nourish|vine,balanced,balanced,1,1,1,7,0,89
loadout,sword,heavy,swift|expose|strike|guard|lunge|return,fire,sustain,seed|spark|blaze|heal|nourish|vine,balanced,balanced,2,0,1,7,0,42
loadout,sword,heavy,swift|expose|strike|guard|lunge|return,fire,sustain,seed|spark|blaze|heal|nourish|vine,balanced,balanced,2,1,1,9,0,133
loadout,sword,heavy,swift|expose|strike|guard|cut|unity,fire,ignite,seed|spark|blaze|heal|vine|inferno,balanced,balanced,0,0,1,4,0,7
loadout,sword,heavy,swift|expose|strike|guard|cut|unity,fire,ignite,seed|spark|blaze|heal|vine|inferno,balanced,balanced,0,1,1,4,0,78
loadout,sword,heavy,swift|expose|strike|guard|cut|unity,fire,ignite,seed|spark|blaze|heal|vine|inferno,balanced,balanced,1,0,1,6,0,49
loadout,sword,heavy,swift|expose|strike|guard|cut|unity,fire,ignite,seed|spark|blaze|heal|vine|inferno,balanced,balanced,1,1,1,8,0,96
loadout,sword,heavy,swift|expose|strike|guard|cut|unity,fire,ignite,seed|spark|blaze|heal|vine|inferno,balanced,balanced,2,0,1,6,0,193
loadout,sword,heavy,swift|expose|strike|guard|cut|unity,fire,ignite,seed|spark|blaze|heal|vine|inferno,balanced,balanced,2,1,1,7,0,50
loadout,sword,heavy,swift|expose|strike|guard|cut|unity,fire,sustain,seed|spark|blaze|heal|nourish|vine,balanced,balanced,0,0,0,5,57,0
loadout,sword,heavy,swift|expose|strike|guard|cut|unity,fire,sustain,seed|spark|blaze|heal|nourish|vine,balanced,balanced,0,1,1,8,0,72
loadout,sword,heavy,swift|expose|strike|guard|cut|unity,fire,sustain,seed|spark|blaze|heal|nourish|vine,balanced,balanced,1,0,1,10,0,157
loadout,sword,heavy,swift|expose|strike|guard|cut|unity,fire,sustain,seed|spark|blaze|heal|nourish|vine,balanced,balanced,1,1,1,7,0,75
loadout,sword,heavy,swift|expose|strike|guard|cut|unity,fire,sustain,seed|spark|blaze|heal|nourish|vine,balanced,balanced,2,0,1,9,0,69
loadout,sword,heavy,swift|expose|strike|guard|cut|unity,fire,sustain,seed|spark|blaze|heal|nourish|vine,balanced,balanced,2,1,1,9,0,133
loadout,sword,heavy,swift|expose|strike|guard|cut|return,fire,ignite,seed|spark|blaze|heal|vine|inferno,balanced,balanced,0,0,1,4,0,7
loadout,sword,heavy,swift|expose|strike|guard|cut|return,fire,ignite,seed|spark|blaze|heal|vine|inferno,balanced,balanced,0,1,1,4,0,78
loadout,sword,heavy,swift|expose|strike|guard|cut|return,fire,ignite,seed|spark|blaze|heal|vine|inferno,balanced,balanced,1,0,1,7,0,21
loadout,sword,heavy,swift|expose|strike|guard|cut|return,fire,ignite,seed|spark|blaze|heal|vine|inferno,balanced,balanced,1,1,1,8,0,96
loadout,sword,heavy,swift|expose|strike|guard|cut|return,fire,ignite,seed|spark|blaze|heal|vine|inferno,balanced,balanced,2,0,0,4,50,0
loadout,sword,heavy,swift|expose|strike|guard|cut|return,fire,ignite,seed|spark|blaze|heal|vine|inferno,balanced,balanced,2,1,1,6,0,65
loadout,sword,heavy,swift|expose|strike|guard|cut|return,fire,sustain,seed|spark|blaze|heal|nourish|vine,balanced,balanced,0,0,0,5,57,0
loadout,sword,heavy,swift|expose|strike|guard|cut|return,fire,sustain,seed|spark|blaze|heal|nourish|vine,balanced,balanced,0,1,1,8,0,37
loadout,sword,heavy,swift|expose|strike|guard|cut|return,fire,sustain,seed|spark|blaze|heal|nourish|vine,balanced,balanced,1,0,1,12,0,143
loadout,sword,heavy,swift|expose|strike|guard|cut|return,fire,sustain,seed|spark|blaze|heal|nourish|vine,balanced,balanced,1,1,1,7,0,89
loadout,sword,heavy,swift|expose|strike|guard|cut|return,fire,sustain,seed|spark|blaze|heal|nourish|vine,balanced,balanced,2,0,1,7,0,42
loadout,sword,heavy,swift|expose|strike|guard|cut|return,fire,sustain,seed|spark|blaze|heal|nourish|vine,balanced,balanced,2,1,1,9,0,133
loadout,sword,heavy,swift|expose|strike|guard|cut|lunge,fire,ignite,seed|spark|blaze|heal|vine|inferno,balanced,balanced,0,0,0,4,52,0
loadout,sword,heavy,swift|expose|strike|guard|cut|lunge,fire,ignite,seed|spark|blaze|heal|vine|inferno,balanced,balanced,0,1,1,6,0,70
loadout,sword,heavy,swift|expose|strike|guard|cut|lunge,fire,ignite,seed|spark|blaze|heal|vine|inferno,balanced,balanced,1,0,1,7,0,21
loadout,sword,heavy,swift|expose|strike|guard|cut|lunge,fire,ignite,seed|spark|blaze|heal|vine|inferno,balanced,balanced,1,1,1,8,0,96
loadout,sword,heavy,swift|expose|strike|guard|cut|lunge,fire,ignite,seed|spark|blaze|heal|vine|inferno,balanced,balanced,2,0,0,4,50,0
loadout,sword,heavy,swift|expose|strike|guard|cut|lunge,fire,ignite,seed|spark|blaze|heal|vine|inferno,balanced,balanced,2,1,1,6,0,65
loadout,sword,heavy,swift|expose|strike|guard|cut|lunge,fire,sustain,seed|spark|blaze|heal|nourish|vine,balanced,balanced,0,0,0,5,57,0
loadout,sword,heavy,swift|expose|strike|guard|cut|lunge,fire,sustain,seed|spark|blaze|heal|nourish|vine,balanced,balanced,0,1,1,8,0,37
loadout,sword,heavy,swift|expose|strike|guard|cut|lunge,fire,sustain,seed|spark|blaze|heal|nourish|vine,balanced,balanced,1,0,1,12,0,143
loadout,sword,heavy,swift|expose|strike|guard|cut|lunge,fire,sustain,seed|spark|blaze|heal|nourish|vine,balanced,balanced,1,1,1,7,0,89
loadout,sword,heavy,swift|expose|strike|guard|cut|lunge,fire,sustain,seed|spark|blaze|heal|nourish|vine,balanced,balanced,2,0,1,7,0,42
loadout,sword,heavy,swift|expose|strike|guard|cut|lunge,fire,sustain,seed|spark|blaze|heal|nourish|vine,balanced,balanced,2,1,1,9,0,133
