group,a_class,a_major,a_skills,b_class,b_major,b_skills,a_style,b_style,distance,first,old_winner,new_winner,old_rounds,new_rounds,old_a_hp,old_b_hp,new_a_hp,new_b_hp
core,fire,ignite,seed|spark|blaze|heal|vine|inferno,sword,quick,swift|expose|strike|guard|cut|unity,balanced,balanced,0,0,0,0,5,5,61,0,61,0
core,fire,ignite,seed|spark|blaze|heal|vine|inferno,sword,quick,swift|expose|strike|guard|cut|unity,balanced,balanced,0,1,1,0,4,8,0,15,78,0
core,fire,ignite,seed|spark|blaze|heal|vine|inferno,sword,quick,swift|expose|strike|guard|cut|unity,balanced,balanced,1,0,0,0,6,6,55,0,55,0
core,fire,ignite,seed|spark|blaze|heal|vine|inferno,sword,quick,swift|expose|strike|guard|cut|unity,balanced,balanced,1,1,1,0,6,5,0,15,84,0
core,fire,ignite,seed|spark|blaze|heal|vine|inferno,sword,quick,swift|expose|strike|guard|cut|unity,balanced,balanced,2,0,0,0,5,7,109,0,128,0
core,fire,ignite,seed|spark|blaze|heal|vine|inferno,sword,quick,swift|expose|strike|guard|cut|unity,balanced,balanced,2,1,0,1,6,5,39,0,0,61
core,fire,ignite,seed|spark|blaze|heal|vine|inferno,sword,quick,swift|expose|strike|guard|cut|unity,balanced,aggressive,0,0,0,0,4,4,40,0,40,0
core,fire,ignite,seed|spark|blaze|heal|vine|inferno,sword,quick,swift|expose|strike|guard|cut|unity,balanced,aggressive,0,1,1,1,3,3,0,56,0,56
core,fire,ignite,seed|spark|blaze|heal|vine|inferno,sword,quick,swift|expose|strike|guard|cut|unity,balanced,aggressive,1,0,1,1,5,5,0,45,0,45
core,fire,ignite,seed|spark|blaze|heal|vine|inferno,sword,quick,swift|expose|strike|guard|cut|unity,balanced,aggressive,1,1,1,1,3,3,0,56,0,56
core,fire,ignite,seed|spark|blaze|heal|vine|inferno,sword,quick,swift|expose|strike|guard|cut|unity,balanced,aggressive,2,0,0,0,5,5,39,0,2,0
core,fire,ignite,seed|spark|blaze|heal|vine|inferno,sword,quick,swift|expose|strike|guard|cut|unity,balanced,aggressive,2,1,1,1,3,4,0,56,0,61
core,fire,ignite,seed|spark|blaze|heal|vine|inferno,sword,quick,swift|expose|strike|guard|cut|unity,balanced,defensive,0,0,0,0,5,5,61,0,61,0
core,fire,ignite,seed|spark|blaze|heal|vine|inferno,sword,quick,swift|expose|strike|guard|cut|unity,balanced,defensive,0,1,0,1,8,8,86,0,0,53
core,fire,ignite,seed|spark|blaze|heal|vine|inferno,sword,quick,swift|expose|strike|guard|cut|unity,balanced,defensive,1,0,0,0,8,13,186,0,28,0
core,fire,ignite,seed|spark|blaze|heal|vine|inferno,sword,quick,swift|expose|strike|guard|cut|unity,balanced,defensive,1,1,0,0,9,9,204,0,125,0
core,fire,ignite,seed|spark|blaze|heal|vine|inferno,sword,quick,swift|expose|strike|guard|cut|unity,balanced,defensive,2,0,0,1,8,14,210,0,0,69
core,fire,ignite,seed|spark|blaze|heal|vine|inferno,sword,quick,swift|expose|strike|guard|cut|unity,balanced,defensive,2,1,0,1,9,10,108,0,0,76
core,fire,ignite,seed|spark|blaze|heal|vine|inferno,sword,quick,swift|expose|strike|guard|cut|unity,balanced,burst,0,0,0,0,7,7,39,0,39,0
core,fire,ignite,seed|spark|blaze|heal|vine|inferno,sword,quick,swift|expose|strike|guard|cut|unity,balanced,burst,0,1,0,0,4,4,79,0,121,0
core,fire,ignite,seed|spark|blaze|heal|vine|inferno,sword,quick,swift|expose|strike|guard|cut|unity,balanced,burst,1,0,0,0,5,5,55,0,55,0
core,fire,ignite,seed|spark|blaze|heal|vine|inferno,sword,quick,swift|expose|strike|guard|cut|unity,balanced,burst,1,1,1,1,5,5,0,59,0,59
core,fire,ignite,seed|spark|blaze|heal|vine|inferno,sword,quick,swift|expose|strike|guard|cut|unity,balanced,burst,2,0,0,0,5,5,102,0,55,0
core,fire,ignite,seed|spark|blaze|heal|vine|inferno,sword,quick,swift|expose|strike|guard|cut|unity,balanced,burst,2,1,0,0,4,5,103,0,170,0
core,fire,ignite,seed|spark|blaze|heal|vine|inferno,sword,quick,swift|expose|strike|guard|cut|unity,aggressive,balanced,0,0,1,1,3,3,0,39,0,39
core,fire,ignite,seed|spark|blaze|heal|vine|inferno,sword,quick,swift|expose|strike|guard|cut|unity,aggressive,balanced,0,1,1,1,4,4,0,14,0,31
core,fire,ignite,seed|spark|blaze|heal|vine|inferno,sword,quick,swift|expose|strike|guard|cut|unity,aggressive,balanced,1,0,1,1,3,3,0,39,0,39
core,fire,ignite,seed|spark|blaze|heal|vine|inferno,sword,quick,swift|expose|strike|guard|cut|unity,aggressive,balanced,1,1,1,1,4,4,0,62,0,76
core,fire,ignite,seed|spark|blaze|heal|vine|inferno,sword,quick,swift|expose|strike|guard|cut|unity,aggressive,balanced,2,0,0,0,4,5,30,0,4,0
core,fire,ignite,seed|spark|blaze|heal|vine|inferno,sword,quick,swift|expose|strike|guard|cut|unity,aggressive,balanced,2,1,0,1,4,4,8,0,0,89
core,fire,ignite,seed|spark|blaze|heal|vine|inferno,sword,quick,swift|expose|strike|guard|cut|unity,aggressive,aggressive,0,0,1,1,3,3,0,15,0,15
core,fire,ignite,seed|spark|blaze|heal|vine|inferno,sword,quick,swift|expose|strike|guard|cut|unity,aggressive,aggressive,0,1,1,1,4,3,0,55,0,92
core,fire,ignite,seed|spark|blaze|heal|vine|inferno,sword,quick,swift|expose|strike|guard|cut|unity,aggressive,aggressive,1,0,1,1,3,3,0,15,0,15
core,fire,ignite,seed|spark|blaze|heal|vine|inferno,sword,quick,swift|expose|strike|guard|cut|unity,aggressive,aggressive,1,1,1,1,3,4,0,75,0,56
core,fire,ignite,seed|spark|blaze|heal|vine|inferno,sword,quick,swift|expose|strike|guard|cut|unity,aggressive,aggressive,2,0,1,0,3,4,0,15,17,0
core,fire,ignite,seed|spark|blaze|heal|vine|inferno,sword,quick,swift|expose|strike|guard|cut|unity,aggressive,aggressive,2,1,0,1,4,4,7,0,0,34
core,fire,ignite,seed|spark|blaze|heal|vine|inferno,sword,quick,swift|expose|strike|guard|cut|unity,aggressive,defensive,0,0,1,1,3,3,0,39,0,39
core,fire,ignite,seed|spark|blaze|heal|vine|inferno,sword,quick,swift|expose|strike|guard|cut|unity,aggressive,defensive,0,1,0,1,9,6,160,0,0,77
core,fire,ignite,seed|spark|blaze|heal|vine|inferno,sword,quick,swift|expose|strike|guard|cut|unity,aggressive,defensive,1,0,1,1,3,3,0,39,0,39
core,fire,ignite,seed|spark|blaze|heal|vine|inferno,sword,quick,swift|expose|strike|guard|cut|unity,aggressive,defensive,1,1,0,1,9,6,160,0,0,161
core,fire,ignite,seed|spark|blaze|heal|vine|inferno,sword,quick,swift|expose|strike|guard|cut|unity,aggressive,defensive,2,0,0,1,5,12,91,0,0,61
core,fire,ignite,seed|spark|blaze|heal|vine|inferno,sword,quick,swift|expose|strike|guard|cut|unity,aggressive,defensive,2,1,0,1,9,6,129,0,0,34
core,fire,ignite,seed|spark|blaze|heal|vine|inferno,sword,quick,swift|expose|strike|guard|cut|unity,aggressive,burst,0,0,1,1,3,3,0,39,0,39
core,fire,ignite,seed|spark|blaze|heal|vine|inferno,sword,quick,swift|expose|strike|guard|cut|unity,aggressive,burst,0,1,1,0,3,5,0,85,8,0
core,fire,ignite,seed|spark|blaze|heal|vine|inferno,sword,quick,swift|expose|strike|guard|cut|unity,aggressive,burst,1,0,1,1,3,3,0,39,0,39
core,fire,ignite,seed|spark|blaze|heal|vine|inferno,sword,quick,swift|expose|strike|guard|cut|unity,aggressive,burst,1,1,1,1,3,4,0,75,0,56
core,fire,ignite,seed|spark|blaze|heal|vine|inferno,sword,quick,swift|expose|strike|guard|cut|unity,aggressive,burst,2,0,0,1,4,4,44,0,0,37
core,fire,ignite,seed|spark|blaze|heal|vine|inferno,sword,quick,swift|expose|strike|guard|cut|unity,aggressive,burst,2,1,0,0,4,5,73,0,148,0
core,fire,ignite,seed|spark|blaze|heal|vine|inferno,sword,quick,swift|expose|strike|guard|cut|unity,defensive,balanced,0,0,0,0,8,15,61,0,25,0
core,fire,ignite,seed|spark|blaze|heal|vine|inferno,sword,quick,swift|expose|strike|guard|cut|unity,defensive,balanced,0,1,1,0,4,8,0,15,87,0
core,fire,ignite,seed|spark|blaze|heal|vine|inferno,sword,quick,swift|expose|strike|guard|cut|unity,defensive,balanced,1,0,0,0,8,8,60,0,60,0
core,fire,ignite,seed|spark|blaze|heal|vine|inferno,sword,quick,swift|expose|strike|guard|cut|unity,defensive,balanced,1,1,1,1,6,6,0,1,0,29
core,fire,ignite,seed|spark|blaze|heal|vine|inferno,sword,quick,swift|expose|strike|guard|cut|unity,defensive,balanced,2,0,0,0,6,8,190,0,60,0
core,fire,ignite,seed|spark|blaze|heal|vine|inferno,sword,quick,swift|expose|strike|guard|cut|unity,defensive,balanced,2,1,0,1,6,6,136,0,0,33
core,fire,ignite,seed|spark|blaze|heal|vine|inferno,sword,quick,swift|expose|strike|guard|cut|unity,defensive,aggressive,0,0,1,1,5,5,0,50,0,50
core,fire,ignite,seed|spark|blaze|heal|vine|inferno,sword,quick,swift|expose|strike|guard|cut|unity,defensive,aggressive,0,1,1,1,3,3,0,56,0,56
core,fire,ignite,seed|spark|blaze|heal|vine|inferno,sword,quick,swift|expose|strike|guard|cut|unity,defensive,aggressive,1,0,0,0,5,5,5,0,5,0
core,fire,ignite,seed|spark|blaze|heal|vine|inferno,sword,quick,swift|expose|strike|guard|cut|unity,defensive,aggressive,1,1,1,1,3,3,0,56,0,56
core,fire,ignite,seed|spark|blaze|heal|vine|inferno,sword,quick,swift|expose|strike|guard|cut|unity,defensive,aggressive,2,0,0,0,5,5,61,0,5,0
core,fire,ignite,seed|spark|blaze|heal|vine|inferno,sword,quick,swift|expose|strike|guard|cut|unity,defensive,aggressive,2,1,1,0,3,5,0,56,99,0
core,fire,ignite,seed|spark|blaze|heal|vine|inferno,sword,quick,swift|expose|strike|guard|cut|unity,defensive,defensive,0,0,0,1,18,21,141,0,0,23
core,fire,ignite,seed|spark|blaze|heal|vine|inferno,sword,quick,swift|expose|strike|guard|cut|unity,defensive,defensive,0,1,0,1,14,9,94,0,0,54
core,fire,ignite,seed|spark|blaze|heal|vine|inferno,sword,quick,swift|expose|strike|guard|cut|unity,defensive,defensive,1,0,0,0,9,24,210,0,22,0
core,fire,ignite,seed|spark|blaze|heal|vine|inferno,sword,quick,swift|expose|strike|guard|cut|unity,defensive,defensive,1,1,0,0,13,15,48,0,21,0
core,fire,ignite,seed|spark|blaze|heal|vine|inferno,sword,quick,swift|expose|strike|guard|cut|unity,defensive,defensive,2,0,0,0,8,24,210,0,31,0
core,fire,ignite,seed|spark|blaze|heal|vine|inferno,sword,quick,swift|expose|strike|guard|cut|unity,defensive,defensive,2,1,0,0,11,13,125,0,91,0
core,fire,ignite,seed|spark|blaze|heal|vine|inferno,sword,quick,swift|expose|strike|guard|cut|unity,defensive,burst,0,0,0,0,7,7,124,0,124,0
core,fire,ignite,seed|spark|blaze|heal|vine|inferno,sword,quick,swift|expose|strike|guard|cut|unity,defensive,burst,0,1,0,0,5,4,12,0,130,0
core,fire,ignite,seed|spark|blaze|heal|vine|inferno,sword,quick,swift|expose|strike|guard|cut|unity,defensive,burst,1,0,0,0,5,6,161,0,161,0
core,fire,ignite,seed|spark|blaze|heal|vine|inferno,sword,quick,swift|expose|strike|guard|cut|unity,defensive,burst,1,1,0,0,5,5,60,0,109,0
core,fire,ignite,seed|spark|blaze|heal|vine|inferno,sword,quick,swift|expose|strike|guard|cut|unity,defensive,burst,2,0,1,0,5,6,0,41,161,0
core,fire,ignite,seed|spark|blaze|heal|vine|inferno,sword,quick,swift|expose|strike|guard|cut|unity,defensive,burst,2,1,0,0,5,5,70,0,196,0
core,fire,ignite,seed|spark|blaze|heal|vine|inferno,sword,quick,swift|expose|strike|guard|cut|unity,burst,balanced,0,0,1,1,5,5,0,148,0,148
core,fire,ignite,seed|spark|blaze|heal|vine|inferno,sword,quick,swift|expose|strike|guard|cut|unity,burst,balanced,0,1,1,0,4,5,0,68,51,0
core,fire,ignite,seed|spark|blaze|heal|vine|inferno,sword,quick,swift|expose|strike|guard|cut|unity,burst,balanced,1,0,0,0,6,6,69,0,69,0
core,fire,ignite,seed|spark|blaze|heal|vine|inferno,sword,quick,swift|expose|strike|guard|cut|unity,burst,balanced,1,1,0,1,6,5,29,0,0,106
core,fire,ignite,seed|spark|blaze|heal|vine|inferno,sword,quick,swift|expose|strike|guard|cut|unity,burst,balanced,2,0,1,1,4,4,0,164,0,164
core,fire,ignite,seed|spark|blaze|heal|vine|inferno,sword,quick,swift|expose|strike|guard|cut|unity,burst,balanced,2,1,1,1,5,4,0,90,0,169
core,fire,ignite,seed|spark|blaze|heal|vine|inferno,sword,quick,swift|expose|strike|guard|cut|unity,burst,aggressive,0,0,0,0,4,5,68,0,25,0
core,fire,ignite,seed|spark|blaze|heal|vine|inferno,sword,quick,swift|expose|strike|guard|cut|unity,burst,aggressive,0,1,1,1,3,3,0,56,0,56
core,fire,ignite,seed|spark|blaze|heal|vine|inferno,sword,quick,swift|expose|strike|guard|cut|unity,burst,aggressive,1,0,1,1,5,5,0,45,0,45
core,fire,ignite,seed|spark|blaze|heal|vine|inferno,sword,quick,swift|expose|strike|guard|cut|unity,burst,aggressive,1,1,1,1,3,3,0,56,0,56
core,fire,ignite,seed|spark|blaze|heal|vine|inferno,sword,quick,swift|expose|strike|guard|cut|unity,burst,aggressive,2,0,0,0,5,5,47,0,47,0
core,fire,ignite,seed|spark|blaze|heal|vine|inferno,sword,quick,swift|expose|strike|guard|cut|unity,burst,aggressive,2,1,1,1,3,4,0,56,0,61
core,fire,ignite,seed|spark|blaze|heal|vine|inferno,sword,quick,swift|expose|strike|guard|cut|unity,burst,defensive,0,0,1,1,5,5,0,148,0,148
core,fire,ignite,seed|spark|blaze|heal|vine|inferno,sword,quick,swift|expose|strike|guard|cut|unity,burst,defensive,0,1,1,1,6,5,0,196,0,200
core,fire,ignite,seed|spark|blaze|heal|vine|inferno,sword,quick,swift|expose|strike|guard|cut|unity,burst,defensive,1,0,0,0,6,6,17,0,17,0
core,fire,ignite,seed|spark|blaze|heal|vine|inferno,sword,quick,swift|expose|strike|guard|cut|unity,burst,defensive,1,1,1,0,7,15,0,120,100,0
core,fire,ignite,seed|spark|blaze|heal|vine|inferno,sword,quick,swift|expose|strike|guard|cut|unity,burst,defensive,2,0,1,1,4,4,0,176,0,176
core,fire,ignite,seed|spark|blaze|heal|vine|inferno,sword,quick,swift|expose|strike|guard|cut|unity,burst,defensive,2,1,0,1,9,8,108,0,0,80
core,fire,ignite,seed|spark|blaze|heal|vine|inferno,sword,quick,swift|expose|strike|guard|cut|unity,burst,burst,0,0,0,0,6,6,3,0,3,0
core,fire,ignite,seed|spark|blaze|heal|vine|inferno,sword,quick,swift|expose|strike|guard|cut|unity,burst,burst,0,1,0,0,4,4,79,0,103,0
core,fire,ignite,seed|spark|blaze|heal|vine|inferno,sword,quick,swift|expose|strike|guard|cut|unity,burst,burst,1,0,1,1,4,4,0,68,0,68
core,fire,ignite,seed|spark|blaze|heal|vine|inferno,sword,quick,swift|expose|strike|guard|cut|unity,burst,burst,1,1,1,1,4,4,0,79,0,79
core,fire,ignite,seed|spark|blaze|heal|vine|inferno,sword,quick,swift|expose|strike|guard|cut|unity,burst,burst,2,0,1,1,6,6,0,29,0,29
core,fire,ignite,seed|spark|blaze|heal|vine|inferno,sword,quick,swift|expose|strike|guard|cut|unity,burst,burst,2,1,0,0,4,5,103,0,152,0
core,fire,ignite,seed|spark|blaze|heal|vine|inferno,sword,heavy,swift|expose|strike|guard|return|unity,balanced,balanced,0,0,0,0,4,4,78,0,78,0
core,fire,ignite,seed|spark|blaze|heal|vine|inferno,sword,heavy,swift|expose|strike|guard|return|unity,balanced,balanced,0,1,0,1,4,5,7,0,0,61
core,fire,ignite,seed|spark|blaze|heal|vine|inferno,sword,heavy,swift|expose|strike|guard|return|unity,balanced,balanced,1,0,0,0,8,9,56,0,32,0
core,fire,ignite,seed|spark|blaze|heal|vine|inferno,sword,heavy,swift|expose|strike|guard|return|unity,balanced,balanced,1,1,1,1,7,5,0,20,0,60
core,fire,ignite,seed|spark|blaze|heal|vine|inferno,sword,heavy,swift|expose|strike|guard|return|unity,balanced,balanced,2,0,0,0,7,8,7,0,53,0
core,fire,ignite,seed|spark|blaze|heal|vine|inferno,sword,heavy,swift|expose|strike|guard|return|unity,balanced,balanced,2,1,0,1,6,5,185,0,0,32
core,fire,ignite,seed|spark|blaze|heal|vine|inferno,sword,heavy,swift|expose|strike|guard|return|unity,balanced,aggressive,0,0,0,0,5,5,64,0,64,0
core,fire,ignite,seed|spark|blaze|heal|vine|inferno,sword,heavy,swift|expose|strike|guard|return|unity,balanced,aggressive,0,1,1,1,4,4,0,15,0,15
core,fire,ignite,seed|spark|blaze|heal|vine|inferno,sword,heavy,swift|expose|strike|guard|return|unity,balanced,aggressive,1,0,1,1,5,5,0,65,0,65
core,fire,ignite,seed|spark|blaze|heal|vine|inferno,sword,heavy,swift|expose|strike|guard|return|unity,balanced,aggressive,1,1,1,1,4,4,0,15,0,15
core,fire,ignite,seed|spark|blaze|heal|vine|inferno,sword,heavy,swift|expose|strike|guard|return|unity,balanced,aggressive,2,0,1,1,5,5,0,56,0,56
core,fire,ignite,seed|spark|blaze|heal|vine|inferno,sword,heavy,swift|expose|strike|guard|return|unity,balanced,aggressive,2,1,1,1,4,5,0,15,0,34
core,fire,ignite,seed|spark|blaze|heal|vine|inferno,sword,heavy,swift|expose|strike|guard|return|unity,balanced,defensive,0,0,0,0,11,8,29,0,86,0
core,fire,ignite,seed|spark|blaze|heal|vine|inferno,sword,heavy,swift|expose|strike|guard|return|unity,balanced,defensive,0,1,0,1,7,7,105,0,0,93
core,fire,ignite,seed|spark|blaze|heal|vine|inferno,sword,heavy,swift|expose|strike|guard|return|unity,balanced,defensive,1,0,0,0,8,14,186,0,54,0
core,fire,ignite,seed|spark|blaze|heal|vine|inferno,sword,heavy,swift|expose|strike|guard|return|unity,balanced,defensive,1,1,0,0,9,9,168,0,113,0
core,fire,ignite,seed|spark|blaze|heal|vine|inferno,sword,heavy,swift|expose|strike|guard|return|unity,balanced,defensive,2,0,0,1,8,10,210,0,0,120
core,fire,ignite,seed|spark|blaze|heal|vine|inferno,sword,heavy,swift|expose|strike|guard|return|unity,balanced,defensive,2,1,0,1,9,9,95,0,0,20
core,fire,ignite,seed|spark|blaze|heal|vine|inferno,sword,heavy,swift|expose|strike|guard|return|unity,balanced,burst,0,0,1,1,5,5,0,46,0,46
core,fire,ignite,seed|spark|blaze|heal|vine|inferno,sword,heavy,swift|expose|strike|guard|return|unity,balanced,burst,0,1,0,0,6,5,63,0,177,0
core,fire,ignite,seed|spark|blaze|heal|vine|inferno,sword,heavy,swift|expose|strike|guard|return|unity,balanced,burst,1,0,0,0,5,5,124,0,124,0
core,fire,ignite,seed|spark|blaze|heal|vine|inferno,sword,heavy,swift|expose|strike|guard|return|unity,balanced,burst,1,1,0,0,5,6,56,0,133,0
core,fire,ignite,seed|spark|blaze|heal|vine|inferno,sword,heavy,swift|expose|strike|guard|return|unity,balanced,burst,2,0,0,0,5,5,124,0,124,0
core,fire,ignite,seed|spark|blaze|heal|vine|inferno,sword,heavy,swift|expose|strike|guard|return|unity,balanced,burst,2,1,0,0,7,5,132,0,201,0
core,fire,ignite,seed|spark|blaze|heal|vine|inferno,sword,heavy,swift|expose|strike|guard|return|unity,aggressive,balanced,0,0,1,1,3,3,0,39,0,39
core,fire,ignite,seed|spark|blaze|heal|vine|inferno,sword,heavy,swift|expose|strike|guard|return|unity,aggressive,balanced,0,1,1,1,5,5,0,44,0,42
core,fire,ignite,seed|spark|blaze|heal|vine|inferno,sword,heavy,swift|expose|strike|guard|return|unity,aggressive,balanced,1,0,1,1,3,3,0,39,0,39
core,fire,ignite,seed|spark|blaze|heal|vine|inferno,sword,heavy,swift|expose|strike|guard|return|unity,aggressive,balanced,1,1,1,1,4,4,0,84,0,98
core,fire,ignite,seed|spark|blaze|heal|vine|inferno,sword,heavy,swift|expose|strike|guard|return|unity,aggressive,balanced,2,0,0,1,4,6,17,0,0,9
core,fire,ignite,seed|spark|blaze|heal|vine|inferno,sword,heavy,swift|expose|strike|guard|return|unity,aggressive,balanced,2,1,0,1,6,4,21,0,0,70
core,fire,ignite,seed|spark|blaze|heal|vine|inferno,sword,heavy,swift|expose|strike|guard|return|unity,aggressive,aggressive,0,0,1,1,3,3,0,15,0,15
core,fire,ignite,seed|spark|blaze|heal|vine|inferno,sword,heavy,swift|expose|strike|guard|return|unity,aggressive,aggressive,0,1,1,1,4,4,0,55,0,63
core,fire,ignite,seed|spark|blaze|heal|vine|inferno,sword,heavy,swift|expose|strike|guard|return|unity,aggressive,aggressive,1,0,1,0,3,4,0,34,28,0
core,fire,ignite,seed|spark|blaze|heal|vine|inferno,sword,heavy,swift|expose|strike|guard|return|unity,aggressive,aggressive,1,1,1,0,3,5,0,75,3,0
core,fire,ignite,seed|spark|blaze|heal|vine|inferno,sword,heavy,swift|expose|strike|guard|return|unity,aggressive,aggressive,2,0,0,0,4,4,7,0,24,0
core,fire,ignite,seed|spark|blaze|heal|vine|inferno,sword,heavy,swift|expose|strike|guard|return|unity,aggressive,aggressive,2,1,1,1,4,4,0,81,0,34
core,fire,ignite,seed|spark|blaze|heal|vine|inferno,sword,heavy,swift|expose|strike|guard|return|unity,aggressive,defensive,0,0,1,1,3,3,0,39,0,39
core,fire,ignite,seed|spark|blaze|heal|vine|inferno,sword,heavy,swift|expose|strike|guard|return|unity,aggressive,defensive,0,1,0,1,9,6,117,0,0,74
core,fire,ignite,seed|spark|blaze|heal|vine|inferno,sword,heavy,swift|expose|strike|guard|return|unity,aggressive,defensive,1,0,1,1,3,3,0,39,0,39
core,fire,ignite,seed|spark|blaze|heal|vine|inferno,sword,heavy,swift|expose|strike|guard|return|unity,aggressive,defensive,1,1,0,1,9,6,160,0,0,101
core,fire,ignite,seed|spark|blaze|heal|vine|inferno,sword,heavy,swift|expose|strike|guard|return|unity,aggressive,defensive,2,0,0,1,5,10,56,0,0,171
core,fire,ignite,seed|spark|blaze|heal|vine|inferno,sword,heavy,swift|expose|strike|guard|return|unity,aggressive,defensive,2,1,0,1,9,8,123,0,0,85
core,fire,ignite,seed|spark|blaze|heal|vine|inferno,sword,heavy,swift|expose|strike|guard|return|unity,aggressive,burst,0,0,1,1,3,3,0,39,0,39
core,fire,ignite,seed|spark|blaze|heal|vine|inferno,sword,heavy,swift|expose|strike|guard|return|unity,aggressive,burst,0,1,1,0,4,4,0,87,126,0
core,fire,ignite,seed|spark|blaze|heal|vine|inferno,sword,heavy,swift|expose|strike|guard|return|unity,aggressive,burst,1,0,1,1,3,3,0,39,0,39
core,fire,ignite,seed|spark|blaze|heal|vine|inferno,sword,heavy,swift|expose|strike|guard|return|unity,aggressive,burst,1,1,0,0,5,6,126,0,107,0
core,fire,ignite,seed|spark|blaze|heal|vine|inferno,sword,heavy,swift|expose|strike|guard|return|unity,aggressive,burst,2,0,0,1,4,4,108,0,0,37
core,fire,ignite,seed|spark|blaze|heal|vine|inferno,sword,heavy,swift|expose|strike|guard|return|unity,aggressive,burst,2,1,1,0,5,5,0,23,148,0
core,fire,ignite,seed|spark|blaze|heal|vine|inferno,sword,heavy,swift|expose|strike|guard|return|unity,defensive,balanced,0,0,1,1,8,9,0,70,0,16
core,fire,ignite,seed|spark|blaze|heal|vine|inferno,sword,heavy,swift|expose|strike|guard|return|unity,defensive,balanced,0,1,1,1,4,4,0,52,0,81
core,fire,ignite,seed|spark|blaze|heal|vine|inferno,sword,heavy,swift|expose|strike|guard|return|unity,defensive,balanced,1,0,0,0,8,10,163,0,47,0
core,fire,ignite,seed|spark|blaze|heal|vine|inferno,sword,heavy,swift|expose|strike|guard|return|unity,defensive,balanced,1,1,1,1,7,5,0,18,0,60
core,fire,ignite,seed|spark|blaze|heal|vine|inferno,sword,heavy,swift|expose|strike|guard|return|unity,defensive,balanced,2,0,0,0,7,9,71,0,140,0
core,fire,ignite,seed|spark|blaze|heal|vine|inferno,sword,heavy,swift|expose|strike|guard|return|unity,defensive,balanced,2,1,0,1,6,6,159,0,0,15
core,fire,ignite,seed|spark|blaze|heal|vine|inferno,sword,heavy,swift|expose|strike|guard|return|unity,defensive,aggressive,0,0,1,1,5,5,0,50,0,50
core,fire,ignite,seed|spark|blaze|heal|vine|inferno,sword,heavy,swift|expose|strike|guard|return|unity,defensive,aggressive,0,1,1,1,4,4,0,15,0,15
core,fire,ignite,seed|spark|blaze|heal|vine|inferno,sword,heavy,swift|expose|strike|guard|return|unity,defensive,aggressive,1,0,0,0,5,5,28,0,28,0
core,fire,ignite,seed|spark|blaze|heal|vine|inferno,sword,heavy,swift|expose|strike|guard|return|unity,defensive,aggressive,1,1,1,1,4,4,0,15,0,15
core,fire,ignite,seed|spark|blaze|heal|vine|inferno,sword,heavy,swift|expose|strike|guard|return|unity,defensive,aggressive,2,0,0,0,5,5,28,0,28,0
core,fire,ignite,seed|spark|blaze|heal|vine|inferno,sword,heavy,swift|expose|strike|guard|return|unity,defensive,aggressive,2,1,1,0,4,5,0,15,108,0
core,fire,ignite,seed|spark|blaze|heal|vine|inferno,sword,heavy,swift|expose|strike|guard|return|unity,defensive,defensive,0,0,1,1,21,19,0,21,0,42
core,fire,ignite,seed|spark|blaze|heal|vine|inferno,sword,heavy,swift|expose|strike|guard|return|unity,defensive,defensive,0,1,0,0,14,12,104,0,38,0
core,fire,ignite,seed|spark|blaze|heal|vine|inferno,sword,heavy,swift|expose|strike|guard|return|unity,defensive,defensive,1,0,0,1,9,13,210,0,0,116
core,fire,ignite,seed|spark|blaze|heal|vine|inferno,sword,heavy,swift|expose|strike|guard|return|unity,defensive,defensive,1,1,0,0,12,13,155,0,133,0
core,fire,ignite,seed|spark|blaze|heal|vine|inferno,sword,heavy,swift|expose|strike|guard|return|unity,defensive,defensive,2,0,0,1,8,13,210,0,0,107
core,fire,ignite,seed|spark|blaze|heal|vine|inferno,sword,heavy,swift|expose|strike|guard|return|unity,defensive,defensive,2,1,0,0,12,11,138,0,14,0
core,fire,ignite,seed|spark|blaze|heal|vine|inferno,sword,heavy,swift|expose|strike|guard|return|unity,defensive,burst,0,0,0,0,8,8,133,0,133,0
core,fire,ignite,seed|spark|blaze|heal|vine|inferno,sword,heavy,swift|expose|strike|guard|return|unity,defensive,burst,0,1,1,0,6,7,0,16,142,0
core,fire,ignite,seed|spark|blaze|heal|vine|inferno,sword,heavy,swift|expose|strike|guard|return|unity,defensive,burst,1,0,0,0,6,6,210,0,210,0
core,fire,ignite,seed|spark|blaze|heal|vine|inferno,sword,heavy,swift|expose|strike|guard|return|unity,defensive,burst,1,1,0,0,5,6,82,0,159,0
core,fire,ignite,seed|spark|blaze|heal|vine|inferno,sword,heavy,swift|expose|strike|guard|return|unity,defensive,burst,2,0,0,0,6,6,210,0,210,0
core,fire,ignite,seed|spark|blaze|heal|vine|inferno,sword,heavy,swift|expose|strike|guard|return|unity,defensive,burst,2,1,0,0,7,5,132,0,210,0
core,fire,ignite,seed|spark|blaze|heal|vine|inferno,sword,heavy,swift|expose|strike|guard|return|unity,burst,balanced,0,0,1,1,6,6,0,67,0,67
core,fire,ignite,seed|spark|blaze|heal|vine|inferno,sword,heavy,swift|expose|strike|guard|return|unity,burst,balanced,0,1,1,1,4,4,0,105,0,72
core,fire,ignite,seed|spark|blaze|heal|vine|inferno,sword,heavy,swift|expose|strike|guard|return|unity,burst,balanced,1,0,0,1,4,6,115,0,0,36
core,fire,ignite,seed|spark|blaze|heal|vine|inferno,sword,heavy,swift|expose|strike|guard|return|unity,burst,balanced,1,1,1,1,6,5,0,62,0,30
core,fire,ignite,seed|spark|blaze|heal|vine|inferno,sword,heavy,swift|expose|strike|guard|return|unity,burst,balanced,2,0,1,1,6,5,0,80,0,172
core,fire,ignite,seed|spark|blaze|heal|vine|inferno,sword,heavy,swift|expose|strike|guard|return|unity,burst,balanced,2,1,0,1,7,5,87,0,0,52
core,fire,ignite,seed|spark|blaze|heal|vine|inferno,sword,heavy,swift|expose|strike|guard|return|unity,burst,aggressive,0,0,0,0,4,5,74,0,32,0
core,fire,ignite,seed|spark|blaze|heal|vine|inferno,sword,heavy,swift|expose|strike|guard|return|unity,burst,aggressive,0,1,1,1,4,4,0,22,0,22
core,fire,ignite,seed|spark|blaze|heal|vine|inferno,sword,heavy,swift|expose|strike|guard|return|unity,burst,aggressive,1,0,1,1,4,4,0,49,0,49
core,fire,ignite,seed|spark|blaze|heal|vine|inferno,sword,heavy,swift|expose|strike|guard|return|unity,burst,aggressive,1,1,1,1,4,4,0,64,0,64
core,fire,ignite,seed|spark|blaze|heal|vine|inferno,sword,heavy,swift|expose|strike|guard|return|unity,burst,aggressive,2,0,0,0,4,5,76,0,76,0
core,fire,ignite,seed|spark|blaze|heal|vine|inferno,sword,heavy,swift|expose|strike|guard|return|unity,burst,aggressive,2,1,1,0,4,5,0,64,31,0
core,fire,ignite,seed|spark|blaze|heal|vine|inferno,sword,heavy,swift|expose|strike|guard|return|unity,burst,defensive,0,0,1,1,6,6,0,31,0,75
core,fire,ignite,seed|spark|blaze|heal|vine|inferno,sword,heavy,swift|expose|strike|guard|return|unity,burst,defensive,0,1,1,1,7,8,0,135,0,131
core,fire,ignite,seed|spark|blaze|heal|vine|inferno,sword,heavy,swift|expose|strike|guard|return|unity,burst,defensive,1,0,0,1,5,5,144,0,0,123
core,fire,ignite,seed|spark|blaze|heal|vine|inferno,sword,heavy,swift|expose|strike|guard|return|unity,burst,defensive,1,1,1,0,10,14,0,52,61,0
core,fire,ignite,seed|spark|blaze|heal|vine|inferno,sword,heavy,swift|expose|strike|guard|return|unity,burst,defensive,2,0,1,0,6,10,0,15,67,0
core,fire,ignite,seed|spark|blaze|heal|vine|inferno,sword,heavy,swift|expose|strike|guard|return|unity,burst,defensive,2,1,0,0,9,14,95,0,133,0
core,fire,ignite,seed|spark|blaze|heal|vine|inferno,sword,heavy,swift|expose|strike|guard|return|unity,burst,burst,0,0,0,0,5,5,118,0,118,0
core,fire,ignite,seed|spark|blaze|heal|vine|inferno,sword,heavy,swift|expose|strike|guard|return|unity,burst,burst,0,1,1,0,6,5,0,35,153,0
core,fire,ignite,seed|spark|blaze|heal|vine|inferno,sword,heavy,swift|expose|strike|guard|return|unity,burst,burst,1,0,1,0,5,6,0,8,107,0
core,fire,ignite,seed|spark|blaze|heal|vine|inferno,sword,heavy,swift|expose|strike|guard|return|unity,burst,burst,1,1,0,0,5,6,56,0,133,0
core,fire,ignite,seed|spark|blaze|heal|vine|inferno,sword,heavy,swift|expose|strike|guard|return|unity,burst,burst,2,0,0,0,5,5,76,0,76,0
core,fire,ignite,seed|spark|blaze|heal|vine|inferno,sword,heavy,swift|expose|strike|guard|return|unity,burst,burst,2,1,1,0,4,5,0,88,201,0
core,fire,sustain,seed|spark|blaze|heal|nourish|vine,sword,quick,swift|expose|strike|guard|cut|unity,balanced,balanced,0,0,0,0,7,8,35,0,4,0
core,fire,sustain,seed|spark|blaze|heal|nourish|vine,sword,quick,swift|expose|strike|guard|cut|unity,balanced,balanced,0,1,1,0,5,5,0,26,23,0
core,fire,sustain,seed|spark|blaze|heal|nourish|vine,sword,quick,swift|expose|strike|guard|cut|unity,balanced,balanced,1,0,0,0,8,16,62,0,52,0
core,fire,sustain,seed|spark|blaze|heal|nourish|vine,sword,quick,swift|expose|strike|guard|cut|unity,balanced,balanced,1,1,0,0,7,7,144,0,91,0
core,fire,sustain,seed|spark|blaze|heal|nourish|vine,sword,quick,swift|expose|strike|guard|cut|unity,balanced,balanced,2,0,0,0,8,12,79,0,91,0
core,fire,sustain,seed|spark|blaze|heal|nourish|vine,sword,quick,swift|expose|strike|guard|cut|unity,balanced,balanced,2,1,0,1,9,6,144,0,0,37
core,fire,sustain,seed|spark|blaze|heal|nourish|vine,sword,quick,swift|expose|strike|guard|cut|unity,balanced,aggressive,0,0,0,0,5,5,37,0,37,0
core,fire,sustain,seed|spark|blaze|heal|nourish|vine,sword,quick,swift|expose|strike|guard|cut|unity,balanced,aggressive,0,1,1,1,4,4,0,28,0,28
core,fire,sustain,seed|spark|blaze|heal|nourish|vine,sword,quick,swift|expose|strike|guard|cut|unity,balanced,aggressive,1,0,1,1,4,4,0,41,0,41
core,fire,sustain,seed|spark|blaze|heal|nourish|vine,sword,quick,swift|expose|strike|guard|cut|unity,balanced,aggressive,1,1,1,1,4,4,0,28,0,28
core,fire,sustain,seed|spark|blaze|heal|nourish|vine,sword,quick,swift|expose|strike|guard|cut|unity,balanced,aggressive,2,0,0,1,5,4,97,0,0,32
core,fire,sustain,seed|spark|blaze|heal|nourish|vine,sword,quick,swift|expose|strike|guard|cut|unity,balanced,aggressive,2,1,1,1,4,4,0,28,0,24
core,fire,sustain,seed|spark|blaze|heal|nourish|vine,sword,quick,swift|expose|strike|guard|cut|unity,balanced,defensive,0,0,0,0,7,7,42,0,42,0
core,fire,sustain,seed|spark|blaze|heal|nourish|vine,sword,quick,swift|expose|strike|guard|cut|unity,balanced,defensive,0,1,0,0,19,13,148,0,101,0
core,fire,sustain,seed|spark|blaze|heal|nourish|vine,sword,quick,swift|expose|strike|guard|cut|unity,balanced,defensive,1,0,0,1,16,15,208,0,0,23
core,fire,sustain,seed|spark|blaze|heal|nourish|vine,sword,quick,swift|expose|strike|guard|cut|unity,balanced,defensive,1,1,0,1,14,9,129,0,0,42
core,fire,sustain,seed|spark|blaze|heal|nourish|vine,sword,quick,swift|expose|strike|guard|cut|unity,balanced,defensive,2,0,0,1,14,15,181,0,0,102
core,fire,sustain,seed|spark|blaze|heal|nourish|vine,sword,quick,swift|expose|strike|guard|cut|unity,balanced,defensive,2,1,0,0,20,11,156,0,135,0
core,fire,sustain,seed|spark|blaze|heal|nourish|vine,sword,quick,swift|expose|strike|guard|cut|unity,balanced,burst,0,0,0,0,6,6,132,0,130,0
core,fire,sustain,seed|spark|blaze|heal|nourish|vine,sword,quick,swift|expose|strike|guard|cut|unity,balanced,burst,0,1,0,0,5,5,90,0,141,0
core,fire,sustain,seed|spark|blaze|heal|nourish|vine,sword,quick,swift|expose|strike|guard|cut|unity,balanced,burst,1,0,0,0,5,5,57,0,57,0
core,fire,sustain,seed|spark|blaze|heal|nourish|vine,sword,quick,swift|expose|strike|guard|cut|unity,balanced,burst,1,1,0,0,6,6,107,0,145,0
core,fire,sustain,seed|spark|blaze|heal|nourish|vine,sword,quick,swift|expose|strike|guard|cut|unity,balanced,burst,2,0,0,0,5,5,106,0,59,0
core,fire,sustain,seed|spark|blaze|heal|nourish|vine,sword,quick,swift|expose|strike|guard|cut|unity,balanced,burst,2,1,0,0,5,5,172,0,176,0
core,fire,sustain,seed|spark|blaze|heal|nourish|vine,sword,quick,swift|expose|strike|guard|cut|unity,aggressive,balanced,0,0,1,1,5,5,0,30,0,30
core,fire,sustain,seed|spark|blaze|heal|nourish|vine,sword,quick,swift|expose|strike|guard|cut|unity,aggressive,balanced,0,1,1,0,4,5,0,39,14,0
core,fire,sustain,seed|spark|blaze|heal|nourish|vine,sword,quick,swift|expose|strike|guard|cut|unity,aggressive,balanced,1,0,1,1,5,5,0,30,0,58
core,fire,sustain,seed|spark|blaze|heal|nourish|vine,sword,quick,swift|expose|strike|guard|cut|unity,aggressive,balanced,1,1,1,1,5,5,0,21,0,7
core,fire,sustain,seed|spark|blaze|heal|nourish|vine,sword,quick,swift|expose|strike|guard|cut|unity,aggressive,balanced,2,0,0,1,5,5,12,0,0,66
core,fire,sustain,seed|spark|blaze|heal|nourish|vine,sword,quick,swift|expose|strike|guard|cut|unity,aggressive,balanced,2,1,0,0,6,6,23,0,7,0
core,fire,sustain,seed|spark|blaze|heal|nourish|vine,sword,quick,swift|expose|strike|guard|cut|unity,aggressive,aggressive,0,0,0,0,4,4,6,0,6,0
core,fire,sustain,seed|spark|blaze|heal|nourish|vine,sword,quick,swift|expose|strike|guard|cut|unity,aggressive,aggressive,0,1,1,1,4,4,0,20,0,50
core,fire,sustain,seed|spark|blaze|heal|nourish|vine,sword,quick,swift|expose|strike|guard|cut|unity,aggressive,aggressive,1,0,1,1,4,4,0,10,0,10
core,fire,sustain,seed|spark|blaze|heal|nourish|vine,sword,quick,swift|expose|strike|guard|cut|unity,aggressive,aggressive,1,1,0,0,5,5,4,0,5,0
core,fire,sustain,seed|spark|blaze|heal|nourish|vine,sword,quick,swift|expose|strike|guard|cut|unity,aggressive,aggressive,2,0,0,0,5,4,26,0,7,0
core,fire,sustain,seed|spark|blaze|heal|nourish|vine,sword,quick,swift|expose|strike|guard|cut|unity,aggressive,aggressive,2,1,1,0,4,5,0,38,47,0
core,fire,sustain,seed|spark|blaze|heal|nourish|vine,sword,quick,swift|expose|strike|guard|cut|unity,aggressive,defensive,0,0,1,1,5,5,0,30,0,30
core,fire,sustain,seed|spark|blaze|heal|nourish|vine,sword,quick,swift|expose|strike|guard|cut|unity,aggressive,defensive,0,1,1,1,14,7,0,4,0,83
core,fire,sustain,seed|spark|blaze|heal|nourish|vine,sword,quick,swift|expose|strike|guard|cut|unity,aggressive,defensive,1,0,0,1,8,6,45,0,0,48
core,fire,sustain,seed|spark|blaze|heal|nourish|vine,sword,quick,swift|expose|strike|guard|cut|unity,aggressive,defensive,1,1,0,1,14,5,20,0,0,131
core,fire,sustain,seed|spark|blaze|heal|nourish|vine,sword,quick,swift|expose|strike|guard|cut|unity,aggressive,defensive,2,0,0,1,12,9,105,0,0,78
core,fire,sustain,seed|spark|blaze|heal|nourish|vine,sword,quick,swift|expose|strike|guard|cut|unity,aggressive,defensive,2,1,1,1,14,7,0,17,0,77
core,fire,sustain,seed|spark|blaze|heal|nourish|vine,sword,quick,swift|expose|strike|guard|cut|unity,aggressive,burst,0,0,1,1,4,4,0,42,0,42
core,fire,sustain,seed|spark|blaze|heal|nourish|vine,sword,quick,swift|expose|strike|guard|cut|unity,aggressive,burst,0,1,1,0,4,5,0,55,14,0
core,fire,sustain,seed|spark|blaze|heal|nourish|vine,sword,quick,swift|expose|strike|guard|cut|unity,aggressive,burst,1,0,1,1,4,4,0,32,0,34
core,fire,sustain,seed|spark|blaze|heal|nourish|vine,sword,quick,swift|expose|strike|guard|cut|unity,aggressive,burst,1,1,0,0,5,5,4,0,5,0
core,fire,sustain,seed|spark|blaze|heal|nourish|vine,sword,quick,swift|expose|strike|guard|cut|unity,aggressive,burst,2,0,1,0,5,4,0,4,95,0
core,fire,sustain,seed|spark|blaze|heal|nourish|vine,sword,quick,swift|expose|strike|guard|cut|unity,aggressive,burst,2,1,0,0,4,5,7,0,152,0
core,fire,sustain,seed|spark|blaze|heal|nourish|vine,sword,quick,swift|expose|strike|guard|cut|unity,defensive,balanced,0,0,0,0,8,15,145,0,100,0
core,fire,sustain,seed|spark|blaze|heal|nourish|vine,sword,quick,swift|expose|strike|guard|cut|unity,defensive,balanced,0,1,0,0,8,5,13,0,23,0
core,fire,sustain,seed|spark|blaze|heal|nourish|vine,sword,quick,swift|expose|strike|guard|cut|unity,defensive,balanced,1,0,1,0,8,14,0,18,81,0
core,fire,sustain,seed|spark|blaze|heal|nourish|vine,sword,quick,swift|expose|strike|guard|cut|unity,defensive,balanced,1,1,0,0,9,8,154,0,154,0
core,fire,sustain,seed|spark|blaze|heal|nourish|vine,sword,quick,swift|expose|strike|guard|cut|unity,defensive,balanced,2,0,0,0,6,14,200,0,81,0
core,fire,sustain,seed|spark|blaze|heal|nourish|vine,sword,quick,swift|expose|strike|guard|cut|unity,defensive,balanced,2,1,0,0,8,7,79,0,66,0
core,fire,sustain,seed|spark|blaze|heal|nourish|vine,sword,quick,swift|expose|strike|guard|cut|unity,defensive,aggressive,0,0,0,0,6,7,66,0,60,0
core,fire,sustain,seed|spark|blaze|heal|nourish|vine,sword,quick,swift|expose|strike|guard|cut|unity,defensive,aggressive,0,1,1,1,4,4,0,28,0,28
core,fire,sustain,seed|spark|blaze|heal|nourish|vine,sword,quick,swift|expose|strike|guard|cut|unity,defensive,aggressive,1,0,0,0,5,6,102,0,66,0
core,fire,sustain,seed|spark|blaze|heal|nourish|vine,sword,quick,swift|expose|strike|guard|cut|unity,defensive,aggressive,1,1,1,1,4,4,0,28,0,28
core,fire,sustain,seed|spark|blaze|heal|nourish|vine,sword,quick,swift|expose|strike|guard|cut|unity,defensive,aggressive,2,0,0,0,5,6,90,0,66,0
core,fire,sustain,seed|spark|blaze|heal|nourish|vine,sword,quick,swift|expose|strike|guard|cut|unity,defensive,aggressive,2,1,1,0,4,5,0,28,107,0
core,fire,sustain,seed|spark|blaze|heal|nourish|vine,sword,quick,swift|expose|strike|guard|cut|unity,defensive,defensive,0,0,0,0,14,19,181,0,48,0
core,fire,sustain,seed|spark|blaze|heal|nourish|vine,sword,quick,swift|expose|strike|guard|cut|unity,defensive,defensive,0,1,0,1,19,11,162,0,0,54
core,fire,sustain,seed|spark|blaze|heal|nourish|vine,sword,quick,swift|expose|strike|guard|cut|unity,defensive,defensive,1,0,0,1,14,19,181,0,0,39
core,fire,sustain,seed|spark|blaze|heal|nourish|vine,sword,quick,swift|expose|strike|guard|cut|unity,defensive,defensive,1,1,0,1,13,12,113,0,0,62
core,fire,sustain,seed|spark|blaze|heal|nourish|vine,sword,quick,swift|expose|strike|guard|cut|unity,defensive,defensive,2,0,0,1,14,19,181,0,0,30
core,fire,sustain,seed|spark|blaze|heal|nourish|vine,sword,quick,swift|expose|strike|guard|cut|unity,defensive,defensive,2,1,0,0,16,12,190,0,29,0
core,fire,sustain,seed|spark|blaze|heal|nourish|vine,sword,quick,swift|expose|strike|guard|cut|unity,defensive,burst,0,0,0,0,7,7,132,0,132,0
core,fire,sustain,seed|spark|blaze|heal|nourish|vine,sword,quick,swift|expose|strike|guard|cut|unity,defensive,burst,0,1,0,0,5,5,90,0,150,0
core,fire,sustain,seed|spark|blaze|heal|nourish|vine,sword,quick,swift|expose|strike|guard|cut|unity,defensive,burst,1,0,0,0,5,6,165,0,167,0
core,fire,sustain,seed|spark|blaze|heal|nourish|vine,sword,quick,swift|expose|strike|guard|cut|unity,defensive,burst,1,1,0,0,8,6,116,0,167,0
core,fire,sustain,seed|spark|blaze|heal|nourish|vine,sword,quick,swift|expose|strike|guard|cut|unity,defensive,burst,2,0,0,0,5,6,128,0,167,0
core,fire,sustain,seed|spark|blaze|heal|nourish|vine,sword,quick,swift|expose|strike|guard|cut|unity,defensive,burst,2,1,0,0,5,5,210,0,198,0
core,fire,sustain,seed|spark|blaze|heal|nourish|vine,sword,quick,swift|expose|strike|guard|cut|unity,burst,balanced,0,0,0,0,6,7,16,0,5,0
core,fire,sustain,seed|spark|blaze|heal|nourish|vine,sword,quick,swift|expose|strike|guard|cut|unity,burst,balanced,0,1,0,0,4,5,8,0,120,0
core,fire,sustain,seed|spark|blaze|heal|nourish|vine,sword,quick,swift|expose|strike|guard|cut|unity,burst,balanced,1,0,0,0,7,14,28,0,22,0
core,fire,sustain,seed|spark|blaze|heal|nourish|vine,sword,quick,swift|expose|strike|guard|cut|unity,burst,balanced,1,1,0,0,7,7,53,0,30,0
core,fire,sustain,seed|spark|blaze|heal|nourish|vine,sword,quick,swift|expose|strike|guard|cut|unity,burst,balanced,2,0,0,0,7,7,45,0,118,0
core,fire,sustain,seed|spark|blaze|heal|nourish|vine,sword,quick,swift|expose|strike|guard|cut|unity,burst,balanced,2,1,0,0,8,7,133,0,45,0
core,fire,sustain,seed|spark|blaze|heal|nourish|vine,sword,quick,swift|expose|strike|guard|cut|unity,burst,aggressive,0,0,0,0,4,4,42,0,42,0
core,fire,sustain,seed|spark|blaze|heal|nourish|vine,sword,quick,swift|expose|strike|guard|cut|unity,burst,aggressive,0,1,1,1,3,3,0,72,0,72
core,fire,sustain,seed|spark|blaze|heal|nourish|vine,sword,quick,swift|expose|strike|guard|cut|unity,burst,aggressive,1,0,1,1,4,4,0,47,0,47
core,fire,sustain,seed|spark|blaze|heal|nourish|vine,sword,quick,swift|expose|strike|guard|cut|unity,burst,aggressive,1,1,1,1,3,3,0,72,0,72
core,fire,sustain,seed|spark|blaze|heal|nourish|vine,sword,quick,swift|expose|strike|guard|cut|unity,burst,aggressive,2,0,0,0,5,5,52,0,52,0
core,fire,sustain,seed|spark|blaze|heal|nourish|vine,sword,quick,swift|expose|strike|guard|cut|unity,burst,aggressive,2,1,0,1,4,4,11,0,0,27
core,fire,sustain,seed|spark|blaze|heal|nourish|vine,sword,quick,swift|expose|strike|guard|cut|unity,burst,defensive,0,0,0,0,6,6,61,0,61,0
core,fire,sustain,seed|spark|blaze|heal|nourish|vine,sword,quick,swift|expose|strike|guard|cut|unity,burst,defensive,0,1,0,1,15,10,88,0,0,100
core,fire,sustain,seed|spark|blaze|heal|nourish|vine,sword,quick,swift|expose|strike|guard|cut|unity,burst,defensive,1,0,0,1,23,15,167,0,0,23
core,fire,sustain,seed|spark|blaze|heal|nourish|vine,sword,quick,swift|expose|strike|guard|cut|unity,burst,defensive,1,1,0,1,18,9,136,0,0,35
core,fire,sustain,seed|spark|blaze|heal|nourish|vine,sword,quick,swift|expose|strike|guard|cut|unity,burst,defensive,2,0,0,1,22,14,162,0,0,83
core,fire,sustain,seed|spark|blaze|heal|nourish|vine,sword,quick,swift|expose|strike|guard|cut|unity,burst,defensive,2,1,0,1,16,8,193,0,0,61
core,fire,sustain,seed|spark|blaze|heal|nourish|vine,sword,quick,swift|expose|strike|guard|cut|unity,burst,burst,0,0,0,0,6,6,132,0,130,0
core,fire,sustain,seed|spark|blaze|heal|nourish|vine,sword,quick,swift|expose|strike|guard|cut|unity,burst,burst,0,1,0,0,5,5,15,0,111,0
core,fire,sustain,seed|spark|blaze|heal|nourish|vine,sword,quick,swift|expose|strike|guard|cut|unity,burst,burst,1,0,0,0,5,5,57,0,57,0
core,fire,sustain,seed|spark|blaze|heal|nourish|vine,sword,quick,swift|expose|strike|guard|cut|unity,burst,burst,1,1,0,0,5,5,109,0,32,0
core,fire,sustain,seed|spark|blaze|heal|nourish|vine,sword,quick,swift|expose|strike|guard|cut|unity,burst,burst,2,0,0,0,5,5,57,0,57,0
core,fire,sustain,seed|spark|blaze|heal|nourish|vine,sword,quick,swift|expose|strike|guard|cut|unity,burst,burst,2,1,0,0,4,5,66,0,176,0
core,fire,sustain,seed|spark|blaze|heal|nourish|vine,sword,heavy,swift|expose|strike|guard|return|unity,balanced,balanced,0,0,0,0,9,11,16,0,16,0
core,fire,sustain,seed|spark|blaze|heal|nourish|vine,sword,heavy,swift|expose|strike|guard|return|unity,balanced,balanced,0,1,1,1,5,5,0,57,0,86
core,fire,sustain,seed|spark|blaze|heal|nourish|vine,sword,heavy,swift|expose|strike|guard|return|unity,balanced,balanced,1,0,0,0,7,9,61,0,18,0
core,fire,sustain,seed|spark|blaze|heal|nourish|vine,sword,heavy,swift|expose|strike|guard|return|unity,balanced,balanced,1,1,0,0,6,8,38,0,61,0
core,fire,sustain,seed|spark|blaze|heal|nourish|vine,sword,heavy,swift|expose|strike|guard|return|unity,balanced,balanced,2,0,0,0,8,7,37,0,64,0
core,fire,sustain,seed|spark|blaze|heal|nourish|vine,sword,heavy,swift|expose|strike|guard|return|unity,balanced,balanced,2,1,1,0,6,8,0,16,22,0
core,fire,sustain,seed|spark|blaze|heal|nourish|vine,sword,heavy,swift|expose|strike|guard|return|unity,balanced,aggressive,0,0,0,0,6,6,60,0,60,0
core,fire,sustain,seed|spark|blaze|heal|nourish|vine,sword,heavy,swift|expose|strike|guard|return|unity,balanced,aggressive,0,1,1,1,4,4,0,28,0,28
core,fire,sustain,seed|spark|blaze|heal|nourish|vine,sword,heavy,swift|expose|strike|guard|return|unity,balanced,aggressive,1,0,0,0,5,5,52,0,52,0
core,fire,sustain,seed|spark|blaze|heal|nourish|vine,sword,heavy,swift|expose|strike|guard|return|unity,balanced,aggressive,1,1,1,1,4,4,0,28,0,28
core,fire,sustain,seed|spark|blaze|heal|nourish|vine,sword,heavy,swift|expose|strike|guard|return|unity,balanced,aggressive,2,0,0,0,5,5,52,0,52,0
core,fire,sustain,seed|spark|blaze|heal|nourish|vine,sword,heavy,swift|expose|strike|guard|return|unity,balanced,aggressive,2,1,0,1,4,5,3,0,0,13
core,fire,sustain,seed|spark|blaze|heal|nourish|vine,sword,heavy,swift|expose|strike|guard|return|unity,balanced,defensive,0,0,0,1,14,14,161,0,0,46
core,fire,sustain,seed|spark|blaze|heal|nourish|vine,sword,heavy,swift|expose|strike|guard|return|unity,balanced,defensive,0,1,0,0,14,12,111,0,5,0
core,fire,sustain,seed|spark|blaze|heal|nourish|vine,sword,heavy,swift|expose|strike|guard|return|unity,balanced,defensive,1,0,0,0,17,14,203,0,103,0
core,fire,sustain,seed|spark|blaze|heal|nourish|vine,sword,heavy,swift|expose|strike|guard|return|unity,balanced,defensive,1,1,0,1,16,14,144,0,0,37
core,fire,sustain,seed|spark|blaze|heal|nourish|vine,sword,heavy,swift|expose|strike|guard|return|unity,balanced,defensive,2,0,0,0,14,14,161,0,103,0
core,fire,sustain,seed|spark|blaze|heal|nourish|vine,sword,heavy,swift|expose|strike|guard|return|unity,balanced,defensive,2,1,0,0,14,11,66,0,93,0
core,fire,sustain,seed|spark|blaze|heal|nourish|vine,sword,heavy,swift|expose|strike|guard|return|unity,balanced,burst,0,0,0,0,6,6,130,0,128,0
core,fire,sustain,seed|spark|blaze|heal|nourish|vine,sword,heavy,swift|expose|strike|guard|return|unity,balanced,burst,0,1,0,0,6,6,77,0,191,0
core,fire,sustain,seed|spark|blaze|heal|nourish|vine,sword,heavy,swift|expose|strike|guard|return|unity,balanced,burst,1,0,0,0,5,5,130,0,130,0
core,fire,sustain,seed|spark|blaze|heal|nourish|vine,sword,heavy,swift|expose|strike|guard|return|unity,balanced,burst,1,1,0,0,6,5,191,0,170,0
core,fire,sustain,seed|spark|blaze|heal|nourish|vine,sword,heavy,swift|expose|strike|guard|return|unity,balanced,burst,2,0,0,0,5,5,128,0,128,0
core,fire,sustain,seed|spark|blaze|heal|nourish|vine,sword,heavy,swift|expose|strike|guard|return|unity,balanced,burst,2,1,0,0,6,5,203,0,152,0
core,fire,sustain,seed|spark|blaze|heal|nourish|vine,sword,heavy,swift|expose|strike|guard|return|unity,aggressive,balanced,0,0,0,0,6,8,5,0,8,0
core,fire,sustain,seed|spark|blaze|heal|nourish|vine,sword,heavy,swift|expose|strike|guard|return|unity,aggressive,balanced,0,1,0,1,6,6,7,0,0,17
core,fire,sustain,seed|spark|blaze|heal|nourish|vine,sword,heavy,swift|expose|strike|guard|return|unity,aggressive,balanced,1,0,0,0,7,9,9,0,3,0
core,fire,sustain,seed|spark|blaze|heal|nourish|vine,sword,heavy,swift|expose|strike|guard|return|unity,aggressive,balanced,1,1,1,1,6,5,0,38,0,55
core,fire,sustain,seed|spark|blaze|heal|nourish|vine,sword,heavy,swift|expose|strike|guard|return|unity,aggressive,balanced,2,0,0,1,6,6,16,0,0,19
core,fire,sustain,seed|spark|blaze|heal|nourish|vine,sword,heavy,swift|expose|strike|guard|return|unity,aggressive,balanced,2,1,1,1,6,4,0,33,0,98
core,fire,sustain,seed|spark|blaze|heal|nourish|vine,sword,heavy,swift|expose|strike|guard|return|unity,aggressive,aggressive,0,0,0,0,4,4,8,0,8,0
core,fire,sustain,seed|spark|blaze|heal|nourish|vine,sword,heavy,swift|expose|strike|guard|return|unity,aggressive,aggressive,0,1,1,0,4,5,0,32,4,0
core,fire,sustain,seed|spark|blaze|heal|nourish|vine,sword,heavy,swift|expose|strike|guard|return|unity,aggressive,aggressive,1,0,1,1,4,4,0,12,0,12
core,fire,sustain,seed|spark|blaze|heal|nourish|vine,sword,heavy,swift|expose|strike|guard|return|unity,aggressive,aggressive,1,1,1,0,3,5,0,95,5,0
core,fire,sustain,seed|spark|blaze|heal|nourish|vine,sword,heavy,swift|expose|strike|guard|return|unity,aggressive,aggressive,2,0,0,0,4,4,10,0,10,0
core,fire,sustain,seed|spark|blaze|heal|nourish|vine,sword,heavy,swift|expose|strike|guard|return|unity,aggressive,aggressive,2,1,1,0,4,5,0,58,47,0
core,fire,sustain,seed|spark|blaze|heal|nourish|vine,sword,heavy,swift|expose|strike|guard|return|unity,aggressive,defensive,0,0,1,1,5,5,0,51,0,51
core,fire,sustain,seed|spark|blaze|heal|nourish|vine,sword,heavy,swift|expose|strike|guard|return|unity,aggressive,defensive,0,1,1,1,15,7,0,15,0,61
core,fire,sustain,seed|spark|blaze|heal|nourish|vine,sword,heavy,swift|expose|strike|guard|return|unity,aggressive,defensive,1,0,0,1,7,9,9,0,0,23
core,fire,sustain,seed|spark|blaze|heal|nourish|vine,sword,heavy,swift|expose|strike|guard|return|unity,aggressive,defensive,1,1,0,1,18,5,118,0,0,131
core,fire,sustain,seed|spark|blaze|heal|nourish|vine,sword,heavy,swift|expose|strike|guard|return|unity,aggressive,defensive,2,0,0,1,9,11,24,0,0,154
core,fire,sustain,seed|spark|blaze|heal|nourish|vine,sword,heavy,swift|expose|strike|guard|return|unity,aggressive,defensive,2,1,1,1,13,6,0,15,0,117
core,fire,sustain,seed|spark|blaze|heal|nourish|vine,sword,heavy,swift|expose|strike|guard|return|unity,aggressive,burst,0,0,0,0,5,5,8,0,8,0
core,fire,sustain,seed|spark|blaze|heal|nourish|vine,sword,heavy,swift|expose|strike|guard|return|unity,aggressive,burst,0,1,1,0,4,6,0,96,111,0
core,fire,sustain,seed|spark|blaze|heal|nourish|vine,sword,heavy,swift|expose|strike|guard|return|unity,aggressive,burst,1,0,1,1,4,4,0,12,0,12
core,fire,sustain,seed|spark|blaze|heal|nourish|vine,sword,heavy,swift|expose|strike|guard|return|unity,aggressive,burst,1,1,0,0,5,5,51,0,115,0
core,fire,sustain,seed|spark|blaze|heal|nourish|vine,sword,heavy,swift|expose|strike|guard|return|unity,aggressive,burst,2,0,0,0,4,4,97,0,95,0
core,fire,sustain,seed|spark|blaze|heal|nourish|vine,sword,heavy,swift|expose|strike|guard|return|unity,aggressive,burst,2,1,0,0,6,5,122,0,152,0
core,fire,sustain,seed|spark|blaze|heal|nourish|vine,sword,heavy,swift|expose|strike|guard|return|unity,defensive,balanced,0,0,0,1,8,8,83,0,0,58
core,fire,sustain,seed|spark|blaze|heal|nourish|vine,sword,heavy,swift|expose|strike|guard|return|unity,defensive,balanced,0,1,0,1,7,5,11,0,0,86
core,fire,sustain,seed|spark|blaze|heal|nourish|vine,sword,heavy,swift|expose|strike|guard|return|unity,defensive,balanced,1,0,0,0,8,10,210,0,210,0
core,fire,sustain,seed|spark|blaze|heal|nourish|vine,sword,heavy,swift|expose|strike|guard|return|unity,defensive,balanced,1,1,0,0,12,8,141,0,61,0
core,fire,sustain,seed|spark|blaze|heal|nourish|vine,sword,heavy,swift|expose|strike|guard|return|unity,defensive,balanced,2,0,0,0,8,10,210,0,210,0
core,fire,sustain,seed|spark|blaze|heal|nourish|vine,sword,heavy,swift|expose|strike|guard|return|unity,defensive,balanced,2,1,0,1,12,7,156,0,0,15
core,fire,sustain,seed|spark|blaze|heal|nourish|vine,sword,heavy,swift|expose|strike|guard|return|unity,defensive,aggressive,0,0,0,0,6,7,84,0,90,0
core,fire,sustain,seed|spark|blaze|heal|nourish|vine,sword,heavy,swift|expose|strike|guard|return|unity,defensive,aggressive,0,1,1,1,4,4,0,28,0,28
core,fire,sustain,seed|spark|blaze|heal|nourish|vine,sword,heavy,swift|expose|strike|guard|return|unity,defensive,aggressive,1,0,0,0,5,6,116,0,84,0
core,fire,sustain,seed|spark|blaze|heal|nourish|vine,sword,heavy,swift|expose|strike|guard|return|unity,defensive,aggressive,1,1,1,1,4,4,0,28,0,28
core,fire,sustain,seed|spark|blaze|heal|nourish|vine,sword,heavy,swift|expose|strike|guard|return|unity,defensive,aggressive,2,0,0,0,5,6,116,0,84,0
core,fire,sustain,seed|spark|blaze|heal|nourish|vine,sword,heavy,swift|expose|strike|guard|return|unity,defensive,aggressive,2,1,0,0,4,5,3,0,116,0
core,fire,sustain,seed|spark|blaze|heal|nourish|vine,sword,heavy,swift|expose|strike|guard|return|unity,defensive,defensive,0,0,0,1,17,17,92,0,0,151
core,fire,sustain,seed|spark|blaze|heal|nourish|vine,sword,heavy,swift|expose|strike|guard|return|unity,defensive,defensive,0,1,0,0,16,15,165,0,74,0
core,fire,sustain,seed|spark|blaze|heal|nourish|vine,sword,heavy,swift|expose|strike|guard|return|unity,defensive,defensive,1,0,0,1,16,17,203,0,0,105
core,fire,sustain,seed|spark|blaze|heal|nourish|vine,sword,heavy,swift|expose|strike|guard|return|unity,defensive,defensive,1,1,0,0,17,18,82,0,98,0
core,fire,sustain,seed|spark|blaze|heal|nourish|vine,sword,heavy,swift|expose|strike|guard|return|unity,defensive,defensive,2,0,0,1,14,17,161,0,0,96
core,fire,sustain,seed|spark|blaze|heal|nourish|vine,sword,heavy,swift|expose|strike|guard|return|unity,defensive,defensive,2,1,0,0,17,16,72,0,62,0
core,fire,sustain,seed|spark|blaze|heal|nourish|vine,sword,heavy,swift|expose|strike|guard|return|unity,defensive,burst,0,0,0,0,7,7,189,0,189,0
core,fire,sustain,seed|spark|blaze|heal|nourish|vine,sword,heavy,swift|expose|strike|guard|return|unity,defensive,burst,0,1,0,0,6,6,77,0,192,0
core,fire,sustain,seed|spark|blaze|heal|nourish|vine,sword,heavy,swift|expose|strike|guard|return|unity,defensive,burst,1,0,0,0,6,6,210,0,210,0
core,fire,sustain,seed|spark|blaze|heal|nourish|vine,sword,heavy,swift|expose|strike|guard|return|unity,defensive,burst,1,1,0,0,7,6,201,0,190,0
core,fire,sustain,seed|spark|blaze|heal|nourish|vine,sword,heavy,swift|expose|strike|guard|return|unity,defensive,burst,2,0,0,0,6,6,210,0,210,0
core,fire,sustain,seed|spark|blaze|heal|nourish|vine,sword,heavy,swift|expose|strike|guard|return|unity,defensive,burst,2,1,0,0,6,5,203,0,174,0
core,fire,sustain,seed|spark|blaze|heal|nourish|vine,sword,heavy,swift|expose|strike|guard|return|unity,burst,balanced,0,0,0,0,6,6,54,0,54,0
core,fire,sustain,seed|spark|blaze|heal|nourish|vine,sword,heavy,swift|expose|strike|guard|return|unity,burst,balanced,0,1,1,1,5,5,0,11,0,30
core,fire,sustain,seed|spark|blaze|heal|nourish|vine,sword,heavy,swift|expose|strike|guard|return|unity,burst,balanced,1,0,0,0,7,7,33,0,50,0
core,fire,sustain,seed|spark|blaze|heal|nourish|vine,sword,heavy,swift|expose|strike|guard|return|unity,burst,balanced,1,1,1,1,7,5,0,33,0,48
core,fire,sustain,seed|spark|blaze|heal|nourish|vine,sword,heavy,swift|expose|strike|guard|return|unity,burst,balanced,2,0,0,0,7,11,31,0,8,0
core,fire,sustain,seed|spark|blaze|heal|nourish|vine,sword,heavy,swift|expose|strike|guard|return|unity,burst,balanced,2,1,0,0,6,7,38,0,100,0
core,fire,sustain,seed|spark|blaze|heal|nourish|vine,sword,heavy,swift|expose|strike|guard|return|unity,burst,aggressive,0,0,0,0,5,5,58,0,56,0
core,fire,sustain,seed|spark|blaze|heal|nourish|vine,sword,heavy,swift|expose|strike|guard|return|unity,burst,aggressive,0,1,1,1,4,4,0,12,0,12
core,fire,sustain,seed|spark|blaze|heal|nourish|vine,sword,heavy,swift|expose|strike|guard|return|unity,burst,aggressive,1,0,0,0,5,5,47,0,45,0
core,fire,sustain,seed|spark|blaze|heal|nourish|vine,sword,heavy,swift|expose|strike|guard|return|unity,burst,aggressive,1,1,1,1,4,4,0,12,0,12
core,fire,sustain,seed|spark|blaze|heal|nourish|vine,sword,heavy,swift|expose|strike|guard|return|unity,burst,aggressive,2,0,0,0,5,5,56,0,56,0
core,fire,sustain,seed|spark|blaze|heal|nourish|vine,sword,heavy,swift|expose|strike|guard|return|unity,burst,aggressive,2,1,1,0,4,5,0,12,29,0
core,fire,sustain,seed|spark|blaze|heal|nourish|vine,sword,heavy,swift|expose|strike|guard|return|unity,burst,defensive,0,0,0,1,8,10,96,0,0,10
core,fire,sustain,seed|spark|blaze|heal|nourish|vine,sword,heavy,swift|expose|strike|guard|return|unity,burst,defensive,0,1,0,0,18,15,118,0,124,0
core,fire,sustain,seed|spark|blaze|heal|nourish|vine,sword,heavy,swift|expose|strike|guard|return|unity,burst,defensive,1,0,0,0,12,20,173,0,4,0
core,fire,sustain,seed|spark|blaze|heal|nourish|vine,sword,heavy,swift|expose|strike|guard|return|unity,burst,defensive,1,1,0,1,16,12,102,0,0,4
core,fire,sustain,seed|spark|blaze|heal|nourish|vine,sword,heavy,swift|expose|strike|guard|return|unity,burst,defensive,2,0,0,1,10,14,133,0,0,54
core,fire,sustain,seed|spark|blaze|heal|nourish|vine,sword,heavy,swift|expose|strike|guard|return|unity,burst,defensive,2,1,0,1,15,7,143,0,0,116
core,fire,sustain,seed|spark|blaze|heal|nourish|vine,sword,heavy,swift|expose|strike|guard|return|unity,burst,burst,0,0,0,0,6,6,130,0,128,0
core,fire,sustain,seed|spark|blaze|heal|nourish|vine,sword,heavy,swift|expose|strike|guard|return|unity,burst,burst,0,1,0,0,6,6,175,0,163,0
core,fire,sustain,seed|spark|blaze|heal|nourish|vine,sword,heavy,swift|expose|strike|guard|return|unity,burst,burst,1,0,0,0,5,5,130,0,130,0
core,fire,sustain,seed|spark|blaze|heal|nourish|vine,sword,heavy,swift|expose|strike|guard|return|unity,burst,burst,1,1,0,0,6,5,137,0,170,0
core,fire,sustain,seed|spark|blaze|heal|nourish|vine,sword,heavy,swift|expose|strike|guard|return|unity,burst,burst,2,0,0,0,5,5,56,0,56,0
core,fire,sustain,seed|spark|blaze|heal|nourish|vine,sword,heavy,swift|expose|strike|guard|return|unity,burst,burst,2,1,0,0,5,5,155,0,152,0
mirror,fire,ignite,seed|spark|blaze|heal|vine|inferno,fire,ignite,seed|spark|blaze|heal|vine|inferno,balanced,balanced,0,0,0,0,4,6,30,0,47,0
mirror,fire,ignite,seed|spark|blaze|heal|vine|inferno,fire,ignite,seed|spark|blaze|heal|vine|inferno,balanced,balanced,0,1,1,1,4,6,0,30,0,47
mirror,fire,ignite,seed|spark|blaze|heal|vine|inferno,fire,ignite,seed|spark|blaze|heal|vine|inferno,balanced,balanced,1,0,0,0,5,10,51,0,10,0
mirror,fire,ignite,seed|spark|blaze|heal|vine|inferno,fire,ignite,seed|spark|blaze|heal|vine|inferno,balanced,balanced,1,1,1,1,5,10,0,51,0,10
mirror,fire,ignite,seed|spark|blaze|heal|vine|inferno,fire,ignite,seed|spark|blaze|heal|vine|inferno,balanced,balanced,2,0,0,0,5,10,55,0,63,0
mirror,fire,ignite,seed|spark|blaze|heal|vine|inferno,fire,ignite,seed|spark|blaze|heal|vine|inferno,balanced,balanced,2,1,1,1,5,10,0,55,0,63
mirror,fire,ignite,seed|spark|blaze|heal|vine|inferno,fire,ignite,seed|spark|blaze|heal|vine|inferno,aggressive,aggressive,0,0,0,0,3,3,27,0,27,0
mirror,fire,ignite,seed|spark|blaze|heal|vine|inferno,fire,ignite,seed|spark|blaze|heal|vine|inferno,aggressive,aggressive,0,1,1,1,3,3,0,27,0,27
mirror,fire,ignite,seed|spark|blaze|heal|vine|inferno,fire,ignite,seed|spark|blaze|heal|vine|inferno,aggressive,aggressive,1,0,0,0,3,3,27,0,27,0
mirror,fire,ignite,seed|spark|blaze|heal|vine|inferno,fire,ignite,seed|spark|blaze|heal|vine|inferno,aggressive,aggressive,1,1,1,1,3,3,0,27,0,27
mirror,fire,ignite,seed|spark|blaze|heal|vine|inferno,fire,ignite,seed|spark|blaze|heal|vine|inferno,aggressive,aggressive,2,0,0,0,3,4,27,0,56,0
mirror,fire,ignite,seed|spark|blaze|heal|vine|inferno,fire,ignite,seed|spark|blaze|heal|vine|inferno,aggressive,aggressive,2,1,1,1,3,4,0,27,0,56
mirror,fire,ignite,seed|spark|blaze|heal|vine|inferno,fire,ignite,seed|spark|blaze|heal|vine|inferno,defensive,defensive,0,0,1,1,7,16,0,59,0,40
mirror,fire,ignite,seed|spark|blaze|heal|vine|inferno,fire,ignite,seed|spark|blaze|heal|vine|inferno,defensive,defensive,0,1,0,0,7,16,59,0,40,0
mirror,fire,ignite,seed|spark|blaze|heal|vine|inferno,fire,ignite,seed|spark|blaze|heal|vine|inferno,defensive,defensive,1,0,1,1,7,21,0,59,0,37
mirror,fire,ignite,seed|spark|blaze|heal|vine|inferno,fire,ignite,seed|spark|blaze|heal|vine|inferno,defensive,defensive,1,1,0,0,7,21,59,0,37,0
mirror,fire,ignite,seed|spark|blaze|heal|vine|inferno,fire,ignite,seed|spark|blaze|heal|vine|inferno,defensive,defensive,2,0,1,0,7,18,0,59,66,0
mirror,fire,ignite,seed|spark|blaze|heal|vine|inferno,fire,ignite,seed|spark|blaze|heal|vine|inferno,defensive,defensive,2,1,0,1,7,18,59,0,0,66
mirror,fire,ignite,seed|spark|blaze|heal|vine|inferno,fire,ignite,seed|spark|blaze|heal|vine|inferno,burst,burst,0,0,0,0,4,4,57,0,57,0
mirror,fire,ignite,seed|spark|blaze|heal|vine|inferno,fire,ignite,seed|spark|blaze|heal|vine|inferno,burst,burst,0,1,1,1,4,4,0,57,0,57
mirror,fire,ignite,seed|spark|blaze|heal|vine|inferno,fire,ignite,seed|spark|blaze|heal|vine|inferno,burst,burst,1,0,0,0,11,11,129,0,129,0
mirror,fire,ignite,seed|spark|blaze|heal|vine|inferno,fire,ignite,seed|spark|blaze|heal|vine|inferno,burst,burst,1,1,1,1,11,11,0,129,0,129
mirror,fire,ignite,seed|spark|blaze|heal|vine|inferno,fire,ignite,seed|spark|blaze|heal|vine|inferno,burst,burst,2,0,0,0,4,4,148,0,58,0
mirror,fire,ignite,seed|spark|blaze|heal|vine|inferno,fire,ignite,seed|spark|blaze|heal|vine|inferno,burst,burst,2,1,1,1,4,4,0,148,0,58
mirror,fire,sustain,seed|spark|blaze|heal|nourish|vine,fire,sustain,seed|spark|blaze|heal|nourish|vine,balanced,balanced,0,0,0,1,7,11,54,0,0,53
mirror,fire,sustain,seed|spark|blaze|heal|nourish|vine,fire,sustain,seed|spark|blaze|heal|nourish|vine,balanced,balanced,0,1,1,0,7,11,0,54,53,0
mirror,fire,sustain,seed|spark|blaze|heal|nourish|vine,fire,sustain,seed|spark|blaze|heal|nourish|vine,balanced,balanced,1,0,0,1,7,10,54,0,0,34
mirror,fire,sustain,seed|spark|blaze|heal|nourish|vine,fire,sustain,seed|spark|blaze|heal|nourish|vine,balanced,balanced,1,1,1,0,7,10,0,54,34,0
mirror,fire,sustain,seed|spark|blaze|heal|nourish|vine,fire,sustain,seed|spark|blaze|heal|nourish|vine,balanced,balanced,2,0,0,0,7,12,54,0,8,0
mirror,fire,sustain,seed|spark|blaze|heal|nourish|vine,fire,sustain,seed|spark|blaze|heal|nourish|vine,balanced,balanced,2,1,1,1,7,12,0,54,0,8
mirror,fire,sustain,seed|spark|blaze|heal|nourish|vine,fire,sustain,seed|spark|blaze|heal|nourish|vine,aggressive,aggressive,0,0,0,0,4,4,25,0,25,0
mirror,fire,sustain,seed|spark|blaze|heal|nourish|vine,fire,sustain,seed|spark|blaze|heal|nourish|vine,aggressive,aggressive,0,1,1,1,4,4,0,25,0,25
mirror,fire,sustain,seed|spark|blaze|heal|nourish|vine,fire,sustain,seed|spark|blaze|heal|nourish|vine,aggressive,aggressive,1,0,0,0,4,4,25,0,25,0
mirror,fire,sustain,seed|spark|blaze|heal|nourish|vine,fire,sustain,seed|spark|blaze|heal|nourish|vine,aggressive,aggressive,1,1,1,1,4,4,0,25,0,25
mirror,fire,sustain,seed|spark|blaze|heal|nourish|vine,fire,sustain,seed|spark|blaze|heal|nourish|vine,aggressive,aggressive,2,0,0,0,4,4,25,0,58,0
mirror,fire,sustain,seed|spark|blaze|heal|nourish|vine,fire,sustain,seed|spark|blaze|heal|nourish|vine,aggressive,aggressive,2,1,1,1,4,4,0,25,0,58
mirror,fire,sustain,seed|spark|blaze|heal|nourish|vine,fire,sustain,seed|spark|blaze|heal|nourish|vine,defensive,defensive,0,0,1,1,8,18,0,7,0,148
mirror,fire,sustain,seed|spark|blaze|heal|nourish|vine,fire,sustain,seed|spark|blaze|heal|nourish|vine,defensive,defensive,0,1,0,0,8,18,7,0,148,0
mirror,fire,sustain,seed|spark|blaze|heal|nourish|vine,fire,sustain,seed|spark|blaze|heal|nourish|vine,defensive,defensive,1,0,1,0,8,18,0,7,118,0
mirror,fire,sustain,seed|spark|blaze|heal|nourish|vine,fire,sustain,seed|spark|blaze|heal|nourish|vine,defensive,defensive,1,1,0,1,8,18,7,0,0,118
mirror,fire,sustain,seed|spark|blaze|heal|nourish|vine,fire,sustain,seed|spark|blaze|heal|nourish|vine,defensive,defensive,2,0,1,0,8,18,0,7,118,0
mirror,fire,sustain,seed|spark|blaze|heal|nourish|vine,fire,sustain,seed|spark|blaze|heal|nourish|vine,defensive,defensive,2,1,0,1,8,18,7,0,0,118
mirror,fire,sustain,seed|spark|blaze|heal|nourish|vine,fire,sustain,seed|spark|blaze|heal|nourish|vine,burst,burst,0,0,1,1,6,6,0,19,0,19
mirror,fire,sustain,seed|spark|blaze|heal|nourish|vine,fire,sustain,seed|spark|blaze|heal|nourish|vine,burst,burst,0,1,0,0,6,6,19,0,19,0
mirror,fire,sustain,seed|spark|blaze|heal|nourish|vine,fire,sustain,seed|spark|blaze|heal|nourish|vine,burst,burst,1,0,1,0,6,6,0,19,66,0
mirror,fire,sustain,seed|spark|blaze|heal|nourish|vine,fire,sustain,seed|spark|blaze|heal|nourish|vine,burst,burst,1,1,0,1,6,6,19,0,0,66
mirror,fire,sustain,seed|spark|blaze|heal|nourish|vine,fire,sustain,seed|spark|blaze|heal|nourish|vine,burst,burst,2,0,1,1,6,6,0,19,0,40
mirror,fire,sustain,seed|spark|blaze|heal|nourish|vine,fire,sustain,seed|spark|blaze|heal|nourish|vine,burst,burst,2,1,0,0,6,6,19,0,40,0
mirror,sword,quick,swift|expose|strike|guard|cut|unity,sword,quick,swift|expose|strike|guard|cut|unity,balanced,balanced,0,0,0,0,5,5,53,0,53,0
mirror,sword,quick,swift|expose|strike|guard|cut|unity,sword,quick,swift|expose|strike|guard|cut|unity,balanced,balanced,0,1,1,1,5,5,0,53,0,53
mirror,sword,quick,swift|expose|strike|guard|cut|unity,sword,quick,swift|expose|strike|guard|cut|unity,balanced,balanced,1,0,1,1,6,6,0,86,0,86
mirror,sword,quick,swift|expose|strike|guard|cut|unity,sword,quick,swift|expose|strike|guard|cut|unity,balanced,balanced,1,1,0,0,6,6,86,0,86,0
mirror,sword,quick,swift|expose|strike|guard|cut|unity,sword,quick,swift|expose|strike|guard|cut|unity,balanced,balanced,2,0,1,1,8,8,0,106,0,106
mirror,sword,quick,swift|expose|strike|guard|cut|unity,sword,quick,swift|expose|strike|guard|cut|unity,balanced,balanced,2,1,0,0,8,8,106,0,106,0
mirror,sword,quick,swift|expose|strike|guard|cut|unity,sword,quick,swift|expose|strike|guard|cut|unity,aggressive,aggressive,0,0,0,0,5,5,18,0,18,0
mirror,sword,quick,swift|expose|strike|guard|cut|unity,sword,quick,swift|expose|strike|guard|cut|unity,aggressive,aggressive,0,1,1,1,5,5,0,18,0,18
mirror,sword,quick,swift|expose|strike|guard|cut|unity,sword,quick,swift|expose|strike|guard|cut|unity,aggressive,aggressive,1,0,1,1,4,4,0,15,0,15
mirror,sword,quick,swift|expose|strike|guard|cut|unity,sword,quick,swift|expose|strike|guard|cut|unity,aggressive,aggressive,1,1,0,0,4,4,15,0,15,0
mirror,sword,quick,swift|expose|strike|guard|cut|unity,sword,quick,swift|expose|strike|guard|cut|unity,aggressive,aggressive,2,0,0,0,4,4,83,0,83,0
mirror,sword,quick,swift|expose|strike|guard|cut|unity,sword,quick,swift|expose|strike|guard|cut|unity,aggressive,aggressive,2,1,1,1,4,4,0,83,0,83
mirror,sword,quick,swift|expose|strike|guard|cut|unity,sword,quick,swift|expose|strike|guard|cut|unity,defensive,defensive,0,0,1,1,24,24,0,121,0,121
mirror,sword,quick,swift|expose|strike|guard|cut|unity,sword,quick,swift|expose|strike|guard|cut|unity,defensive,defensive,0,1,0,0,24,24,121,0,121,0
mirror,sword,quick,swift|expose|strike|guard|cut|unity,sword,quick,swift|expose|strike|guard|cut|unity,defensive,defensive,1,0,1,1,17,17,0,58,0,58
mirror,sword,quick,swift|expose|strike|guard|cut|unity,sword,quick,swift|expose|strike|guard|cut|unity,defensive,defensive,1,1,0,0,17,17,58,0,58,0
mirror,sword,quick,swift|expose|strike|guard|cut|unity,sword,quick,swift|expose|strike|guard|cut|unity,defensive,defensive,2,0,1,1,18,18,0,159,0,159
mirror,sword,quick,swift|expose|strike|guard|cut|unity,sword,quick,swift|expose|strike|guard|cut|unity,defensive,defensive,2,1,0,0,18,18,159,0,159,0
mirror,sword,quick,swift|expose|strike|guard|cut|unity,sword,quick,swift|expose|strike|guard|cut|unity,burst,burst,0,0,1,1,6,6,0,111,0,111
mirror,sword,quick,swift|expose|strike|guard|cut|unity,sword,quick,swift|expose|strike|guard|cut|unity,burst,burst,0,1,0,0,6,6,111,0,111,0
mirror,sword,quick,swift|expose|strike|guard|cut|unity,sword,quick,swift|expose|strike|guard|cut|unity,burst,burst,1,0,1,1,5,5,0,98,0,98
mirror,sword,quick,swift|expose|strike|guard|cut|unity,sword,quick,swift|expose|strike|guard|cut|unity,burst,burst,1,1,0,0,5,5,98,0,98,0
mirror,sword,quick,swift|expose|strike|guard|cut|unity,sword,quick,swift|expose|strike|guard|cut|unity,burst,burst,2,0,1,1,6,6,0,133,0,133
mirror,sword,quick,swift|expose|strike|guard|cut|unity,sword,quick,swift|expose|strike|guard|cut|unity,burst,burst,2,1,0,0,6,6,133,0,133,0
mirror,sword,heavy,swift|expose|strike|guard|return|unity,sword,heavy,swift|expose|strike|guard|return|unity,balanced,balanced,0,0,1,1,7,7,0,115,0,115
mirror,sword,heavy,swift|expose|strike|guard|return|unity,sword,heavy,swift|expose|strike|guard|return|unity,balanced,balanced,0,1,0,0,7,7,115,0,115,0
mirror,sword,heavy,swift|expose|strike|guard|return|unity,sword,heavy,swift|expose|strike|guard|return|unity,balanced,balanced,1,0,1,1,6,6,0,28,0,28
mirror,sword,heavy,swift|expose|strike|guard|return|unity,sword,heavy,swift|expose|strike|guard|return|unity,balanced,balanced,1,1,0,0,6,6,28,0,28,0
mirror,sword,heavy,swift|expose|strike|guard|return|unity,sword,heavy,swift|expose|strike|guard|return|unity,balanced,balanced,2,0,0,0,10,10,52,0,52,0
mirror,sword,heavy,swift|expose|strike|guard|return|unity,sword,heavy,swift|expose|strike|guard|return|unity,balanced,balanced,2,1,1,1,10,10,0,52,0,52
mirror,sword,heavy,swift|expose|strike|guard|return|unity,sword,heavy,swift|expose|strike|guard|return|unity,aggressive,aggressive,0,0,1,1,4,4,0,14,0,14
mirror,sword,heavy,swift|expose|strike|guard|return|unity,sword,heavy,swift|expose|strike|guard|return|unity,aggressive,aggressive,0,1,0,0,4,4,14,0,14,0
mirror,sword,heavy,swift|expose|strike|guard|return|unity,sword,heavy,swift|expose|strike|guard|return|unity,aggressive,aggressive,1,0,0,0,5,5,7,0,7,0
mirror,sword,heavy,swift|expose|strike|guard|return|unity,sword,heavy,swift|expose|strike|guard|return|unity,aggressive,aggressive,1,1,1,1,5,5,0,7,0,7
mirror,sword,heavy,swift|expose|strike|guard|return|unity,sword,heavy,swift|expose|strike|guard|return|unity,aggressive,aggressive,2,0,0,0,4,4,35,0,35,0
mirror,sword,heavy,swift|expose|strike|guard|return|unity,sword,heavy,swift|expose|strike|guard|return|unity,aggressive,aggressive,2,1,1,1,4,4,0,35,0,35
mirror,sword,heavy,swift|expose|strike|guard|return|unity,sword,heavy,swift|expose|strike|guard|return|unity,defensive,defensive,0,0,0,0,16,16,4,0,4,0
mirror,sword,heavy,swift|expose|strike|guard|return|unity,sword,heavy,swift|expose|strike|guard|return|unity,defensive,defensive,0,1,1,1,16,16,0,4,0,4
mirror,sword,heavy,swift|expose|strike|guard|return|unity,sword,heavy,swift|expose|strike|guard|return|unity,defensive,defensive,1,0,0,0,18,18,19,0,19,0
mirror,sword,heavy,swift|expose|strike|guard|return|unity,sword,heavy,swift|expose|strike|guard|return|unity,defensive,defensive,1,1,1,1,18,18,0,19,0,19
mirror,sword,heavy,swift|expose|strike|guard|return|unity,sword,heavy,swift|expose|strike|guard|return|unity,defensive,defensive,2,0,1,1,13,13,0,43,0,43
mirror,sword,heavy,swift|expose|strike|guard|return|unity,sword,heavy,swift|expose|strike|guard|return|unity,defensive,defensive,2,1,0,0,13,13,43,0,43,0
mirror,sword,heavy,swift|expose|strike|guard|return|unity,sword,heavy,swift|expose|strike|guard|return|unity,burst,burst,0,0,0,0,8,8,108,0,108,0
mirror,sword,heavy,swift|expose|strike|guard|return|unity,sword,heavy,swift|expose|strike|guard|return|unity,burst,burst,0,1,1,1,8,8,0,108,0,108
mirror,sword,heavy,swift|expose|strike|guard|return|unity,sword,heavy,swift|expose|strike|guard|return|unity,burst,burst,1,0,1,1,6,6,0,96,0,96
mirror,sword,heavy,swift|expose|strike|guard|return|unity,sword,heavy,swift|expose|strike|guard|return|unity,burst,burst,1,1,0,0,6,6,96,0,96,0
mirror,sword,heavy,swift|expose|strike|guard|return|unity,sword,heavy,swift|expose|strike|guard|return|unity,burst,burst,2,0,0,0,7,7,115,0,115,0
mirror,sword,heavy,swift|expose|strike|guard|return|unity,sword,heavy,swift|expose|strike|guard|return|unity,burst,burst,2,1,1,1,7,7,0,115,0,115
loadout,fire,ignite,blaze|heal|vine|ember|nourish|inferno,sword,quick,swift|expose|strike|guard|cut|unity,balanced,balanced,0,0,1,1,6,7,0,90,0,92
loadout,fire,ignite,blaze|heal|vine|ember|nourish|inferno,sword,quick,swift|expose|strike|guard|cut|unity,balanced,balanced,0,1,1,1,4,4,0,140,0,140
loadout,fire,ignite,blaze|heal|vine|ember|nourish|inferno,sword,quick,swift|expose|strike|guard|cut|unity,balanced,balanced,1,0,1,1,6,7,0,81,0,83
loadout,fire,ignite,blaze|heal|vine|ember|nourish|inferno,sword,quick,swift|expose|strike|guard|cut|unity,balanced,balanced,1,1,1,1,6,5,0,44,0,69
loadout,fire,ignite,blaze|heal|vine|ember|nourish|inferno,sword,quick,swift|expose|strike|guard|cut|unity,balanced,balanced,2,0,0,0,10,10,167,0,167,0
loadout,fire,ignite,blaze|heal|vine|ember|nourish|inferno,sword,quick,swift|expose|strike|guard|cut|unity,balanced,balanced,2,1,1,1,4,5,0,230,0,108
loadout,fire,ignite,blaze|heal|vine|ember|nourish|inferno,sword,heavy,swift|expose|strike|guard|return|unity,balanced,balanced,0,0,1,1,6,6,0,68,0,68
loadout,fire,ignite,blaze|heal|vine|ember|nourish|inferno,sword,heavy,swift|expose|strike|guard|return|unity,balanced,balanced,0,1,1,1,4,4,0,117,0,117
loadout,fire,ignite,blaze|heal|vine|ember|nourish|inferno,sword,heavy,swift|expose|strike|guard|return|unity,balanced,balanced,1,0,1,1,6,6,0,59,0,59
loadout,fire,ignite,blaze|heal|vine|ember|nourish|inferno,sword,heavy,swift|expose|strike|guard|return|unity,balanced,balanced,1,1,1,0,4,6,0,157,185,0
loadout,fire,ignite,blaze|heal|vine|ember|nourish|inferno,sword,heavy,swift|expose|strike|guard|return|unity,balanced,balanced,2,0,1,1,8,8,0,53,0,53
loadout,fire,ignite,blaze|heal|vine|ember|nourish|inferno,sword,heavy,swift|expose|strike|guard|return|unity,balanced,balanced,2,1,1,1,5,5,0,165,0,28
loadout,fire,ignite,spark|heal|vine|ember|nourish|inferno,sword,quick,swift|expose|strike|guard|cut|unity,balanced,balanced,0,0,1,1,11,11,0,40,0,40
loadout,fire,ignite,spark|heal|vine|ember|nourish|inferno,sword,quick,swift|expose|strike|guard|cut|unity,balanced,balanced,0,1,1,1,4,4,0,143,0,143
loadout,fire,ignite,spark|heal|vine|ember|nourish|inferno,sword,quick,swift|expose|strike|guard|cut|unity,balanced,balanced,1,0,1,1,8,8,0,47,0,47
loadout,fire,ignite,spark|heal|vine|ember|nourish|inferno,sword,quick,swift|expose|strike|guard|cut|unity,balanced,balanced,1,1,1,1,4,4,0,131,0,131
loadout,fire,ignite,spark|heal|vine|ember|nourish|inferno,sword,quick,swift|expose|strike|guard|cut|unity,balanced,balanced,2,0,1,1,8,8,0,38,0,38
loadout,fire,ignite,spark|heal|vine|ember|nourish|inferno,sword,quick,swift|expose|strike|guard|cut|unity,balanced,balanced,2,1,1,1,4,4,0,131,0,131
loadout,fire,ignite,spark|heal|vine|ember|nourish|inferno,sword,heavy,swift|expose|strike|guard|return|unity,balanced,balanced,0,0,1,1,6,6,0,118,0,118
loadout,fire,ignite,spark|heal|vine|ember|nourish|inferno,sword,heavy,swift|expose|strike|guard|return|unity,balanced,balanced,0,1,1,1,5,5,0,132,0,132
loadout,fire,ignite,spark|heal|vine|ember|nourish|inferno,sword,heavy,swift|expose|strike|guard|return|unity,balanced,balanced,1,0,1,1,8,8,0,84,0,84
loadout,fire,ignite,spark|heal|vine|ember|nourish|inferno,sword,heavy,swift|expose|strike|guard|return|unity,balanced,balanced,1,1,1,1,6,6,0,116,0,116
loadout,fire,ignite,spark|heal|vine|ember|nourish|inferno,sword,heavy,swift|expose|strike|guard|return|unity,balanced,balanced,2,0,1,1,8,8,0,75,0,75
loadout,fire,ignite,spark|heal|vine|ember|nourish|inferno,sword,heavy,swift|expose|strike|guard|return|unity,balanced,balanced,2,1,1,1,5,5,0,116,0,116
loadout,fire,ignite,spark|blaze|vine|ember|nourish|inferno,sword,quick,swift|expose|strike|guard|cut|unity,balanced,balanced,0,0,0,0,8,8,6,0,6,0
loadout,fire,ignite,spark|blaze|vine|ember|nourish|inferno,sword,quick,swift|expose|strike|guard|cut|unity,balanced,balanced,0,1,1,1,4,4,0,70,0,86
loadout,fire,ignite,spark|blaze|vine|ember|nourish|inferno,sword,quick,swift|expose|strike|guard|cut|unity,balanced,balanced,1,0,0,0,8,8,92,0,92,0
loadout,fire,ignite,spark|blaze|vine|ember|nourish|inferno,sword,quick,swift|expose|strike|guard|cut|unity,balanced,balanced,1,1,1,1,6,7,0,5,0,7
loadout,fire,ignite,spark|blaze|vine|ember|nourish|inferno,sword,quick,swift|expose|strike|guard|cut|unity,balanced,balanced,2,0,0,0,8,8,116,0,92,0
loadout,fire,ignite,spark|blaze|vine|ember|nourish|inferno,sword,quick,swift|expose|strike|guard|cut|unity,balanced,balanced,2,1,1,0,4,6,0,112,11,0
loadout,fire,ignite,spark|blaze|vine|ember|nourish|inferno,sword,heavy,swift|expose|strike|guard|return|unity,balanced,balanced,0,0,0,0,9,9,19,0,5,0
loadout,fire,ignite,spark|blaze|vine|ember|nourish|inferno,sword,heavy,swift|expose|strike|guard|return|unity,balanced,balanced,0,1,1,1,4,4,0,88,0,88
loadout,fire,ignite,spark|blaze|vine|ember|nourish|inferno,sword,heavy,swift|expose|strike|guard|return|unity,balanced,balanced,1,0,1,1,8,8,0,22,0,33
loadout,fire,ignite,spark|blaze|vine|ember|nourish|inferno,sword,heavy,swift|expose|strike|guard|return|unity,balanced,balanced,1,1,1,0,4,7,0,88,7,0
loadout,fire,ignite,spark|blaze|vine|ember|nourish|inferno,sword,heavy,swift|expose|strike|guard|return|unity,balanced,balanced,2,0,0,1,8,8,26,0,0,24
loadout,fire,ignite,spark|blaze|vine|ember|nourish|inferno,sword,heavy,swift|expose|strike|guard|return|unity,balanced,balanced,2,1,1,1,5,6,0,68,0,63
loadout,fire,ignite,spark|blaze|heal|ember|nourish|inferno,sword,quick,swift|expose|strike|guard|cut|unity,balanced,balanced,0,0,0,0,9,9,10,0,10,0
loadout,fire,ignite,spark|blaze|heal|ember|nourish|inferno,sword,quick,swift|expose|strike|guard|cut|unity,balanced,balanced,0,1,1,1,4,4,0,70,0,86
loadout,fire,ignite,spark|blaze|heal|ember|nourish|inferno,sword,quick,swift|expose|strike|guard|cut|unity,balanced,balanced,1,0,0,0,8,12,132,0,73,0
loadout,fire,ignite,spark|blaze|heal|ember|nourish|inferno,sword,quick,swift|expose|strike|guard|cut|unity,balanced,balanced,1,1,1,1,6,7,0,6,0,53
loadout,fire,ignite,spark|blaze|heal|ember|nourish|inferno,sword,quick,swift|expose|strike|guard|cut|unity,balanced,balanced,2,0,0,0,7,12,139,0,73,0
loadout,fire,ignite,spark|blaze|heal|ember|nourish|inferno,sword,quick,swift|expose|strike|guard|cut|unity,balanced,balanced,2,1,1,1,4,5,0,112,0,46
loadout,fire,ignite,spark|blaze|heal|ember|nourish|inferno,sword,heavy,swift|expose|strike|guard|return|unity,balanced,balanced,0,0,0,0,9,9,27,0,9,0
loadout,fire,ignite,spark|blaze|heal|ember|nourish|inferno,sword,heavy,swift|expose|strike|guard|return|unity,balanced,balanced,0,1,1,1,4,4,0,88,0,88
loadout,fire,ignite,spark|blaze|heal|ember|nourish|inferno,sword,heavy,swift|expose|strike|guard|return|unity,balanced,balanced,1,0,0,0,8,11,27,0,5,0
loadout,fire,ignite,spark|blaze|heal|ember|nourish|inferno,sword,heavy,swift|expose|strike|guard|return|unity,balanced,balanced,1,1,1,1,4,7,0,88,0,22
loadout,fire,ignite,spark|blaze|heal|ember|nourish|inferno,sword,heavy,swift|expose|strike|guard|return|unity,balanced,balanced,2,0,1,0,6,10,0,33,14,0
loadout,fire,ignite,spark|blaze|heal|ember|nourish|inferno,sword,heavy,swift|expose|strike|guard|return|unity,balanced,balanced,2,1,1,1,5,6,0,68,0,49
loadout,fire,ignite,spark|blaze|heal|vine|nourish|inferno,sword,quick,swift|expose|strike|guard|cut|unity,balanced,balanced,0,0,0,0,9,9,10,0,10,0
loadout,fire,ignite,spark|blaze|heal|vine|nourish|inferno,sword,quick,swift|expose|strike|guard|cut|unity,balanced,balanced,0,1,1,1,4,4,0,70,0,86
loadout,fire,ignite,spark|blaze|heal|vine|nourish|inferno,sword,quick,swift|expose|strike|guard|cut|unity,balanced,balanced,1,0,0,0,7,12,138,0,73,0
loadout,fire,ignite,spark|blaze|heal|vine|nourish|inferno,sword,quick,swift|expose|strike|guard|cut|unity,balanced,balanced,1,1,0,0,5,8,50,0,66,0
loadout,fire,ignite,spark|blaze|heal|vine|nourish|inferno,sword,quick,swift|expose|strike|guard|cut|unity,balanced,balanced,2,0,0,0,7,12,128,0,73,0
loadout,fire,ignite,spark|blaze|heal|vine|nourish|inferno,sword,quick,swift|expose|strike|guard|cut|unity,balanced,balanced,2,1,1,0,4,5,0,112,72,0
loadout,fire,ignite,spark|blaze|heal|vine|nourish|inferno,sword,heavy,swift|expose|strike|guard|return|unity,balanced,balanced,0,0,0,0,9,9,27,0,9,0
loadout,fire,ignite,spark|blaze|heal|vine|nourish|inferno,sword,heavy,swift|expose|strike|guard|return|unity,balanced,balanced,0,1,1,1,4,4,0,88,0,88
loadout,fire,ignite,spark|blaze|heal|vine|nourish|inferno,sword,heavy,swift|expose|strike|guard|return|unity,balanced,balanced,1,0,0,0,8,11,27,0,5,0
loadout,fire,ignite,spark|blaze|heal|vine|nourish|inferno,sword,heavy,swift|expose|strike|guard|return|unity,balanced,balanced,1,1,1,1,4,7,0,88,0,45
loadout,fire,ignite,spark|blaze|heal|vine|nourish|inferno,sword,heavy,swift|expose|strike|guard|return|unity,balanced,balanced,2,0,1,0,6,10,0,33,14,0
loadout,fire,ignite,spark|blaze|heal|vine|nourish|inferno,sword,heavy,swift|expose|strike|guard|return|unity,balanced,balanced,2,1,1,1,5,6,0,68,0,67
loadout,fire,ignite,spark|blaze|heal|vine|ember|inferno,sword,quick,swift|expose|strike|guard|cut|unity,balanced,balanced,0,0,0,1,8,8,8,0,0,10
loadout,fire,ignite,spark|blaze|heal|vine|ember|inferno,sword,quick,swift|expose|strike|guard|cut|unity,balanced,balanced,0,1,0,0,5,5,17,0,17,0
loadout,fire,ignite,spark|blaze|heal|vine|ember|inferno,sword,quick,swift|expose|strike|guard|cut|unity,balanced,balanced,1,0,0,1,12,7,104,0,0,50
loadout,fire,ignite,spark|blaze|heal|vine|ember|inferno,sword,quick,swift|expose|strike|guard|cut|unity,balanced,balanced,1,1,0,0,5,6,40,0,9,0
loadout,fire,ignite,spark|blaze|heal|vine|ember|inferno,sword,quick,swift|expose|strike|guard|cut|unity,balanced,balanced,2,0,0,0,7,7,128,0,128,0
loadout,fire,ignite,spark|blaze|heal|vine|ember|inferno,sword,quick,swift|expose|strike|guard|cut|unity,balanced,balanced,2,1,1,1,5,5,0,68,0,53
loadout,fire,ignite,spark|blaze|heal|vine|ember|inferno,sword,heavy,swift|expose|strike|guard|return|unity,balanced,balanced,0,0,0,1,8,8,2,0,0,10
loadout,fire,ignite,spark|blaze|heal|vine|ember|inferno,sword,heavy,swift|expose|strike|guard|return|unity,balanced,balanced,0,1,1,1,4,4,0,96,0,96
loadout,fire,ignite,spark|blaze|heal|vine|ember|inferno,sword,heavy,swift|expose|strike|guard|return|unity,balanced,balanced,1,0,0,1,9,8,8,0,0,46
loadout,fire,ignite,spark|blaze|heal|vine|ember|inferno,sword,heavy,swift|expose|strike|guard|return|unity,balanced,balanced,1,1,1,1,4,6,0,96,0,77
loadout,fire,ignite,spark|blaze|heal|vine|ember|inferno,sword,heavy,swift|expose|strike|guard|return|unity,balanced,balanced,2,0,1,1,6,8,0,33,0,37
loadout,fire,ignite,spark|blaze|heal|vine|ember|inferno,sword,heavy,swift|expose|strike|guard|return|unity,balanced,balanced,2,1,1,1,4,6,0,112,0,67
loadout,fire,ignite,spark|blaze|heal|vine|ember|nourish,sword,quick,swift|expose|strike|guard|cut|unity,balanced,balanced,0,0,0,0,9,9,10,0,10,0
loadout,fire,ignite,spark|blaze|heal|vine|ember|nourish,sword,quick,swift|expose|strike|guard|cut|unity,balanced,balanced,0,1,1,1,4,4,0,70,0,86
loadout,fire,ignite,spark|blaze|heal|vine|ember|nourish,sword,quick,swift|expose|strike|guard|cut|unity,balanced,balanced,1,0,0,0,7,12,138,0,73,0
loadout,fire,ignite,spark|blaze|heal|vine|ember|nourish,sword,quick,swift|expose|strike|guard|cut|unity,balanced,balanced,1,1,0,1,6,6,75,0,0,6
loadout,fire,ignite,spark|blaze|heal|vine|ember|nourish,sword,quick,swift|expose|strike|guard|cut|unity,balanced,balanced,2,0,0,0,7,12,128,0,73,0
loadout,fire,ignite,spark|blaze|heal|vine|ember|nourish,sword,quick,swift|expose|strike|guard|cut|unity,balanced,balanced,2,1,1,1,4,5,0,88,0,73
loadout,fire,ignite,spark|blaze|heal|vine|ember|nourish,sword,heavy,swift|expose|strike|guard|return|unity,balanced,balanced,0,0,0,0,9,9,27,0,9,0
loadout,fire,ignite,spark|blaze|heal|vine|ember|nourish,sword,heavy,swift|expose|strike|guard|return|unity,balanced,balanced,0,1,1,1,4,4,0,88,0,88
loadout,fire,ignite,spark|blaze|heal|vine|ember|nourish,sword,heavy,swift|expose|strike|guard|return|unity,balanced,balanced,1,0,0,0,8,11,27,0,5,0
loadout,fire,ignite,spark|blaze|heal|vine|ember|nourish,sword,heavy,swift|expose|strike|guard|return|unity,balanced,balanced,1,1,1,1,4,5,0,88,0,70
loadout,fire,ignite,spark|blaze|heal|vine|ember|nourish,sword,heavy,swift|expose|strike|guard|return|unity,balanced,balanced,2,0,0,0,7,10,51,0,14,0
loadout,fire,ignite,spark|blaze|heal|vine|ember|nourish,sword,heavy,swift|expose|strike|guard|return|unity,balanced,balanced,2,1,1,1,5,6,0,26,0,45
loadout,fire,ignite,seed|heal|vine|ember|nourish|inferno,sword,quick,swift|expose|strike|guard|cut|unity,balanced,balanced,0,0,1,1,9,9,0,87,0,87
loadout,fire,ignite,seed|heal|vine|ember|nourish|inferno,sword,quick,swift|expose|strike|guard|cut|unity,balanced,balanced,0,1,1,1,3,3,0,204,0,204
loadout,fire,ignite,seed|heal|vine|ember|nourish|inferno,sword,quick,swift|expose|strike|guard|cut|unity,balanced,balanced,1,0,1,1,6,6,0,169,0,169
loadout,fire,ignite,seed|heal|vine|ember|nourish|inferno,sword,quick,swift|expose|strike|guard|cut|unity,balanced,balanced,1,1,1,1,4,4,0,204,0,204
loadout,fire,ignite,seed|heal|vine|ember|nourish|inferno,sword,quick,swift|expose|strike|guard|cut|unity,balanced,balanced,2,0,1,1,12,12,0,92,0,92
loadout,fire,ignite,seed|heal|vine|ember|nourish|inferno,sword,quick,swift|expose|strike|guard|cut|unity,balanced,balanced,2,1,1,1,4,4,0,208,0,208
loadout,fire,ignite,seed|heal|vine|ember|nourish|inferno,sword,heavy,swift|expose|strike|guard|return|unity,balanced,balanced,0,0,1,1,6,6,0,182,0,182
loadout,fire,ignite,seed|heal|vine|ember|nourish|inferno,sword,heavy,swift|expose|strike|guard|return|unity,balanced,balanced,0,1,1,1,4,4,0,178,0,178
loadout,fire,ignite,seed|heal|vine|ember|nourish|inferno,sword,heavy,swift|expose|strike|guard|return|unity,balanced,balanced,1,0,1,1,5,5,0,178,0,178
loadout,fire,ignite,seed|heal|vine|ember|nourish|inferno,sword,heavy,swift|expose|strike|guard|return|unity,balanced,balanced,1,1,1,1,4,4,0,204,0,204
loadout,fire,ignite,seed|heal|vine|ember|nourish|inferno,sword,heavy,swift|expose|strike|guard|return|unity,balanced,balanced,2,0,1,1,7,7,0,167,0,167
loadout,fire,ignite,seed|heal|vine|ember|nourish|inferno,sword,heavy,swift|expose|strike|guard|return|unity,balanced,balanced,2,1,1,1,5,5,0,182,0,182
loadout,fire,ignite,seed|blaze|vine|ember|nourish|inferno,sword,quick,swift|expose|strike|guard|cut|unity,balanced,balanced,0,0,0,1,6,6,31,0,0,43
loadout,fire,ignite,seed|blaze|vine|ember|nourish|inferno,sword,quick,swift|expose|strike|guard|cut|unity,balanced,balanced,0,1,1,0,4,5,0,140,11,0
loadout,fire,ignite,seed|blaze|vine|ember|nourish|inferno,sword,quick,swift|expose|strike|guard|cut|unity,balanced,balanced,1,0,1,1,5,5,0,34,0,34
loadout,fire,ignite,seed|blaze|vine|ember|nourish|inferno,sword,quick,swift|expose|strike|guard|cut|unity,balanced,balanced,1,1,1,0,6,5,0,73,10,0
loadout,fire,ignite,seed|blaze|vine|ember|nourish|inferno,sword,quick,swift|expose|strike|guard|cut|unity,balanced,balanced,2,0,1,1,6,8,0,5,0,66
loadout,fire,ignite,seed|blaze|vine|ember|nourish|inferno,sword,quick,swift|expose|strike|guard|cut|unity,balanced,balanced,2,1,0,0,6,5,5,0,131,0
loadout,fire,ignite,seed|blaze|vine|ember|nourish|inferno,sword,heavy,swift|expose|strike|guard|return|unity,balanced,balanced,0,0,0,0,7,8,123,0,44,0
loadout,fire,ignite,seed|blaze|vine|ember|nourish|inferno,sword,heavy,swift|expose|strike|guard|return|unity,balanced,balanced,0,1,1,0,5,6,0,122,84,0
loadout,fire,ignite,seed|blaze|vine|ember|nourish|inferno,sword,heavy,swift|expose|strike|guard|return|unity,balanced,balanced,1,0,1,1,5,5,0,34,0,34
loadout,fire,ignite,seed|blaze|vine|ember|nourish|inferno,sword,heavy,swift|expose|strike|guard|return|unity,balanced,balanced,1,1,1,1,6,6,0,44,0,36
loadout,fire,ignite,seed|blaze|vine|ember|nourish|inferno,sword,heavy,swift|expose|strike|guard|return|unity,balanced,balanced,2,0,0,0,7,7,28,0,28,0
loadout,fire,ignite,seed|blaze|vine|ember|nourish|inferno,sword,heavy,swift|expose|strike|guard|return|unity,balanced,balanced,2,1,1,0,5,6,0,87,181,0
loadout,fire,ignite,seed|blaze|heal|ember|nourish|inferno,sword,quick,swift|expose|strike|guard|cut|unity,balanced,balanced,0,0,1,1,5,5,0,66,0,66
loadout,fire,ignite,seed|blaze|heal|ember|nourish|inferno,sword,quick,swift|expose|strike|guard|cut|unity,balanced,balanced,0,1,1,1,4,5,0,140,0,48
loadout,fire,ignite,seed|blaze|heal|ember|nourish|inferno,sword,quick,swift|expose|strike|guard|cut|unity,balanced,balanced,1,0,1,1,4,4,0,54,0,54
loadout,fire,ignite,seed|blaze|heal|ember|nourish|inferno,sword,quick,swift|expose|strike|guard|cut|unity,balanced,balanced,1,1,1,1,5,5,0,102,0,48
loadout,fire,ignite,seed|blaze|heal|ember|nourish|inferno,sword,quick,swift|expose|strike|guard|cut|unity,balanced,balanced,2,0,1,1,6,6,0,6,0,146
loadout,fire,ignite,seed|blaze|heal|ember|nourish|inferno,sword,quick,swift|expose|strike|guard|cut|unity,balanced,balanced,2,1,1,0,6,5,0,56,73,0
loadout,fire,ignite,seed|blaze|heal|ember|nourish|inferno,sword,heavy,swift|expose|strike|guard|return|unity,balanced,balanced,0,0,1,1,5,5,0,88,0,88
loadout,fire,ignite,seed|blaze|heal|ember|nourish|inferno,sword,heavy,swift|expose|strike|guard|return|unity,balanced,balanced,0,1,1,1,5,6,0,122,0,20
loadout,fire,ignite,seed|blaze|heal|ember|nourish|inferno,sword,heavy,swift|expose|strike|guard|return|unity,balanced,balanced,1,0,1,1,4,4,0,54,0,54
loadout,fire,ignite,seed|blaze|heal|ember|nourish|inferno,sword,heavy,swift|expose|strike|guard|return|unity,balanced,balanced,1,1,0,0,8,6,115,0,36,0
loadout,fire,ignite,seed|blaze|heal|ember|nourish|inferno,sword,heavy,swift|expose|strike|guard|return|unity,balanced,balanced,2,0,1,1,6,6,0,9,0,9
loadout,fire,ignite,seed|blaze|heal|ember|nourish|inferno,sword,heavy,swift|expose|strike|guard|return|unity,balanced,balanced,2,1,1,0,5,6,0,87,153,0
loadout,fire,ignite,seed|blaze|heal|vine|nourish|inferno,sword,quick,swift|expose|strike|guard|cut|unity,balanced,balanced,0,0,1,1,5,5,0,66,0,66
loadout,fire,ignite,seed|blaze|heal|vine|nourish|inferno,sword,quick,swift|expose|strike|guard|cut|unity,balanced,balanced,0,1,1,0,4,5,0,104,89,0
loadout,fire,ignite,seed|blaze|heal|vine|nourish|inferno,sword,quick,swift|expose|strike|guard|cut|unity,balanced,balanced,1,0,1,1,4,4,0,54,0,54
loadout,fire,ignite,seed|blaze|heal|vine|nourish|inferno,sword,quick,swift|expose|strike|guard|cut|unity,balanced,balanced,1,1,1,0,6,6,0,90,14,0
loadout,fire,ignite,seed|blaze|heal|vine|nourish|inferno,sword,quick,swift|expose|strike|guard|cut|unity,balanced,balanced,2,0,1,1,6,6,0,6,0,115
loadout,fire,ignite,seed|blaze|heal|vine|nourish|inferno,sword,quick,swift|expose|strike|guard|cut|unity,balanced,balanced,2,1,0,0,6,6,9,0,59,0
loadout,fire,ignite,seed|blaze|heal|vine|nourish|inferno,sword,heavy,swift|expose|strike|guard|return|unity,balanced,balanced,0,0,1,1,5,5,0,88,0,88
loadout,fire,ignite,seed|blaze|heal|vine|nourish|inferno,sword,heavy,swift|expose|strike|guard|return|unity,balanced,balanced,0,1,1,0,6,6,0,50,101,0
loadout,fire,ignite,seed|blaze|heal|vine|nourish|inferno,sword,heavy,swift|expose|strike|guard|return|unity,balanced,balanced,1,0,1,1,4,4,0,54,0,54
loadout,fire,ignite,seed|blaze|heal|vine|nourish|inferno,sword,heavy,swift|expose|strike|guard|return|unity,balanced,balanced,1,1,1,0,6,7,0,54,101,0
loadout,fire,ignite,seed|blaze|heal|vine|nourish|inferno,sword,heavy,swift|expose|strike|guard|return|unity,balanced,balanced,2,0,0,0,7,7,108,0,108,0
loadout,fire,ignite,seed|blaze|heal|vine|nourish|inferno,sword,heavy,swift|expose|strike|guard|return|unity,balanced,balanced,2,1,1,0,5,6,0,87,181,0
loadout,fire,ignite,seed|blaze|heal|vine|ember|inferno,sword,quick,swift|expose|strike|guard|cut|unity,balanced,balanced,0,0,1,1,5,5,0,66,0,66
loadout,fire,ignite,seed|blaze|heal|vine|ember|inferno,sword,quick,swift|expose|strike|guard|cut|unity,balanced,balanced,0,1,1,0,4,5,0,35,100,0
loadout,fire,ignite,seed|blaze|heal|vine|ember|inferno,sword,quick,swift|expose|strike|guard|cut|unity,balanced,balanced,1,0,1,1,4,4,0,54,0,54
loadout,fire,ignite,seed|blaze|heal|vine|ember|inferno,sword,quick,swift|expose|strike|guard|cut|unity,balanced,balanced,1,1,0,1,6,5,46,0,0,60
loadout,fire,ignite,seed|blaze|heal|vine|ember|inferno,sword,quick,swift|expose|strike|guard|cut|unity,balanced,balanced,2,0,1,1,4,10,0,33,0,92
loadout,fire,ignite,seed|blaze|heal|vine|ember|inferno,sword,quick,swift|expose|strike|guard|cut|unity,balanced,balanced,2,1,0,1,6,6,9,0,0,38
loadout,fire,ignite,seed|blaze|heal|vine|ember|inferno,sword,heavy,swift|expose|strike|guard|return|unity,balanced,balanced,0,0,1,1,5,5,0,88,0,88
loadout,fire,ignite,seed|blaze|heal|vine|ember|inferno,sword,heavy,swift|expose|strike|guard|return|unity,balanced,balanced,0,1,1,0,5,5,0,41,132,0
loadout,fire,ignite,seed|blaze|heal|vine|ember|inferno,sword,heavy,swift|expose|strike|guard|return|unity,balanced,balanced,1,0,1,1,4,4,0,54,0,54
loadout,fire,ignite,seed|blaze|heal|vine|ember|inferno,sword,heavy,swift|expose|strike|guard|return|unity,balanced,balanced,1,1,0,0,8,5,45,0,111,0
loadout,fire,ignite,seed|blaze|heal|vine|ember|inferno,sword,heavy,swift|expose|strike|guard|return|unity,balanced,balanced,2,0,0,0,7,7,108,0,108,0
loadout,fire,ignite,seed|blaze|heal|vine|ember|inferno,sword,heavy,swift|expose|strike|guard|return|unity,balanced,balanced,2,1,1,0,5,6,0,87,171,0
loadout,fire,ignite,seed|blaze|heal|vine|ember|nourish,sword,quick,swift|expose|strike|guard|cut|unity,balanced,balanced,0,0,0,1,6,7,14,0,0,7
loadout,fire,ignite,seed|blaze|heal|vine|ember|nourish,sword,quick,swift|expose|strike|guard|cut|unity,balanced,balanced,0,1,1,0,4,6,0,108,135,0
loadout,fire,ignite,seed|blaze|heal|vine|ember|nourish,sword,quick,swift|expose|strike|guard|cut|unity,balanced,balanced,1,0,1,1,4,4,0,54,0,54
loadout,fire,ignite,seed|blaze|heal|vine|ember|nourish,sword,quick,swift|expose|strike|guard|cut|unity,balanced,balanced,1,1,1,0,6,6,0,16,111,0
loadout,fire,ignite,seed|blaze|heal|vine|ember|nourish,sword,quick,swift|expose|strike|guard|cut|unity,balanced,balanced,2,0,0,1,6,8,66,0,0,28
loadout,fire,ignite,seed|blaze|heal|vine|ember|nourish,sword,quick,swift|expose|strike|guard|cut|unity,balanced,balanced,2,1,0,0,6,5,2,0,135,0
loadout,fire,ignite,seed|blaze|heal|vine|ember|nourish,sword,heavy,swift|expose|strike|guard|return|unity,balanced,balanced,0,0,0,0,7,10,48,0,72,0
loadout,fire,ignite,seed|blaze|heal|vine|ember|nourish,sword,heavy,swift|expose|strike|guard|return|unity,balanced,balanced,0,1,0,0,7,6,9,0,171,0
loadout,fire,ignite,seed|blaze|heal|vine|ember|nourish,sword,heavy,swift|expose|strike|guard|return|unity,balanced,balanced,1,0,1,1,4,4,0,54,0,54
loadout,fire,ignite,seed|blaze|heal|vine|ember|nourish,sword,heavy,swift|expose|strike|guard|return|unity,balanced,balanced,1,1,0,0,8,6,84,0,171,0
loadout,fire,ignite,seed|blaze|heal|vine|ember|nourish,sword,heavy,swift|expose|strike|guard|return|unity,balanced,balanced,2,0,0,0,6,7,31,0,68,0
loadout,fire,ignite,seed|blaze|heal|vine|ember|nourish,sword,heavy,swift|expose|strike|guard|return|unity,balanced,balanced,2,1,1,0,6,6,0,16,181,0
loadout,fire,ignite,seed|spark|vine|ember|nourish|inferno,sword,quick,swift|expose|strike|guard|cut|unity,balanced,balanced,0,0,1,1,6,6,0,101,0,101
loadout,fire,ignite,seed|spark|vine|ember|nourish|inferno,sword,quick,swift|expose|strike|guard|cut|unity,balanced,balanced,0,1,1,1,4,4,0,143,0,143
loadout,fire,ignite,seed|spark|vine|ember|nourish|inferno,sword,quick,swift|expose|strike|guard|cut|unity,balanced,balanced,1,0,0,0,11,11,41,0,41,0
loadout,fire,ignite,seed|spark|vine|ember|nourish|inferno,sword,quick,swift|expose|strike|guard|cut|unity,balanced,balanced,1,1,1,1,4,4,0,131,0,131
loadout,fire,ignite,seed|spark|vine|ember|nourish|inferno,sword,quick,swift|expose|strike|guard|cut|unity,balanced,balanced,2,0,0,0,11,11,41,0,41,0
loadout,fire,ignite,seed|spark|vine|ember|nourish|inferno,sword,quick,swift|expose|strike|guard|cut|unity,balanced,balanced,2,1,1,1,4,4,0,131,0,131
loadout,fire,ignite,seed|spark|vine|ember|nourish|inferno,sword,heavy,swift|expose|strike|guard|return|unity,balanced,balanced,0,0,1,1,10,10,0,21,0,21
loadout,fire,ignite,seed|spark|vine|ember|nourish|inferno,sword,heavy,swift|expose|strike|guard|return|unity,balanced,balanced,0,1,1,1,4,4,0,161,0,161
loadout,fire,ignite,seed|spark|vine|ember|nourish|inferno,sword,heavy,swift|expose|strike|guard|return|unity,balanced,balanced,1,0,1,1,8,8,0,85,0,85
loadout,fire,ignite,seed|spark|vine|ember|nourish|inferno,sword,heavy,swift|expose|strike|guard|return|unity,balanced,balanced,1,1,1,1,4,4,0,161,0,161
loadout,fire,ignite,seed|spark|vine|ember|nourish|inferno,sword,heavy,swift|expose|strike|guard|return|unity,balanced,balanced,2,0,1,1,8,8,0,76,0,76
loadout,fire,ignite,seed|spark|vine|ember|nourish|inferno,sword,heavy,swift|expose|strike|guard|return|unity,balanced,balanced,2,1,1,1,5,5,0,116,0,116
loadout,fire,ignite,seed|spark|heal|ember|nourish|inferno,sword,quick,swift|expose|strike|guard|cut|unity,balanced,balanced,0,0,1,1,10,10,0,90,0,90
loadout,fire,ignite,seed|spark|heal|ember|nourish|inferno,sword,quick,swift|expose|strike|guard|cut|unity,balanced,balanced,0,1,1,1,4,4,0,143,0,143
loadout,fire,ignite,seed|spark|heal|ember|nourish|inferno,sword,quick,swift|expose|strike|guard|cut|unity,balanced,balanced,1,0,1,1,8,8,0,72,0,72
loadout,fire,ignite,seed|spark|heal|ember|nourish|inferno,sword,quick,swift|expose|strike|guard|cut|unity,balanced,balanced,1,1,1,1,4,4,0,131,0,131
loadout,fire,ignite,seed|spark|heal|ember|nourish|inferno,sword,quick,swift|expose|strike|guard|cut|unity,balanced,balanced,2,0,1,1,8,8,0,63,0,63
loadout,fire,ignite,seed|spark|heal|ember|nourish|inferno,sword,quick,swift|expose|strike|guard|cut|unity,balanced,balanced,2,1,1,1,4,4,0,131,0,131
loadout,fire,ignite,seed|spark|heal|ember|nourish|inferno,sword,heavy,swift|expose|strike|guard|return|unity,balanced,balanced,0,0,1,1,6,6,0,118,0,118
loadout,fire,ignite,seed|spark|heal|ember|nourish|inferno,sword,heavy,swift|expose|strike|guard|return|unity,balanced,balanced,0,1,1,1,5,5,0,132,0,132
loadout,fire,ignite,seed|spark|heal|ember|nourish|inferno,sword,heavy,swift|expose|strike|guard|return|unity,balanced,balanced,1,0,1,1,8,8,0,97,0,97
loadout,fire,ignite,seed|spark|heal|ember|nourish|inferno,sword,heavy,swift|expose|strike|guard|return|unity,balanced,balanced,1,1,1,1,6,6,0,116,0,116
loadout,fire,ignite,seed|spark|heal|ember|nourish|inferno,sword,heavy,swift|expose|strike|guard|return|unity,balanced,balanced,2,0,1,1,8,8,0,88,0,88
loadout,fire,ignite,seed|spark|heal|ember|nourish|inferno,sword,heavy,swift|expose|strike|guard|return|unity,balanced,balanced,2,1,1,1,5,5,0,116,0,116
loadout,fire,ignite,seed|spark|heal|vine|nourish|inferno,sword,quick,swift|expose|strike|guard|cut|unity,balanced,balanced,0,0,1,1,11,11,0,40,0,40
loadout,fire,ignite,seed|spark|heal|vine|nourish|inferno,sword,quick,swift|expose|strike|guard|cut|unity,balanced,balanced,0,1,1,1,4,4,0,143,0,143
loadout,fire,ignite,seed|spark|heal|vine|nourish|inferno,sword,quick,swift|expose|strike|guard|cut|unity,balanced,balanced,1,0,1,1,8,8,0,47,0,47
loadout,fire,ignite,seed|spark|heal|vine|nourish|inferno,sword,quick,swift|expose|strike|guard|cut|unity,balanced,balanced,1,1,1,1,4,4,0,131,0,131
loadout,fire,ignite,seed|spark|heal|vine|nourish|inferno,sword,quick,swift|expose|strike|guard|cut|unity,balanced,balanced,2,0,1,1,8,8,0,38,0,38
loadout,fire,ignite,seed|spark|heal|vine|nourish|inferno,sword,quick,swift|expose|strike|guard|cut|unity,balanced,balanced,2,1,1,1,4,4,0,131,0,131
loadout,fire,ignite,seed|spark|heal|vine|nourish|inferno,sword,heavy,swift|expose|strike|guard|return|unity,balanced,balanced,0,0,1,1,6,6,0,118,0,118
loadout,fire,ignite,seed|spark|heal|vine|nourish|inferno,sword,heavy,swift|expose|strike|guard|return|unity,balanced,balanced,0,1,1,1,5,5,0,132,0,132
loadout,fire,ignite,seed|spark|heal|vine|nourish|inferno,sword,heavy,swift|expose|strike|guard|return|unity,balanced,balanced,1,0,1,1,8,8,0,84,0,84
loadout,fire,ignite,seed|spark|heal|vine|nourish|inferno,sword,heavy,swift|expose|strike|guard|return|unity,balanced,balanced,1,1,1,1,6,6,0,116,0,116
loadout,fire,ignite,seed|spark|heal|vine|nourish|inferno,sword,heavy,swift|expose|strike|guard|return|unity,balanced,balanced,2,0,1,1,8,8,0,75,0,75
loadout,fire,ignite,seed|spark|heal|vine|nourish|inferno,sword,heavy,swift|expose|strike|guard|return|unity,balanced,balanced,2,1,1,1,5,5,0,116,0,116
loadout,fire,ignite,seed|spark|heal|vine|ember|inferno,sword,quick,swift|expose|strike|guard|cut|unity,balanced,balanced,0,0,1,1,11,11,0,40,0,40
loadout,fire,ignite,seed|spark|heal|vine|ember|inferno,sword,quick,swift|expose|strike|guard|cut|unity,balanced,balanced,0,1,1,1,4,4,0,118,0,118
loadout,fire,ignite,seed|spark|heal|vine|ember|inferno,sword,quick,swift|expose|strike|guard|cut|unity,balanced,balanced,1,0,1,1,8,8,0,47,0,47
loadout,fire,ignite,seed|spark|heal|vine|ember|inferno,sword,quick,swift|expose|strike|guard|cut|unity,balanced,balanced,1,1,1,1,4,4,0,118,0,118
loadout,fire,ignite,seed|spark|heal|vine|ember|inferno,sword,quick,swift|expose|strike|guard|cut|unity,balanced,balanced,2,0,1,1,8,8,0,38,0,38
loadout,fire,ignite,seed|spark|heal|vine|ember|inferno,sword,quick,swift|expose|strike|guard|cut|unity,balanced,balanced,2,1,1,1,4,4,0,118,0,118
loadout,fire,ignite,seed|spark|heal|vine|ember|inferno,sword,heavy,swift|expose|strike|guard|return|unity,balanced,balanced,0,0,1,1,6,6,0,118,0,118
loadout,fire,ignite,seed|spark|heal|vine|ember|inferno,sword,heavy,swift|expose|strike|guard|return|unity,balanced,balanced,0,1,1,1,4,4,0,152,0,152
loadout,fire,ignite,seed|spark|heal|vine|ember|inferno,sword,heavy,swift|expose|strike|guard|return|unity,balanced,balanced,1,0,1,1,8,8,0,84,0,84
loadout,fire,ignite,seed|spark|heal|vine|ember|inferno,sword,heavy,swift|expose|strike|guard|return|unity,balanced,balanced,1,1,1,1,4,4,0,136,0,136
loadout,fire,ignite,seed|spark|heal|vine|ember|inferno,sword,heavy,swift|expose|strike|guard|return|unity,balanced,balanced,2,0,1,1,8,8,0,75,0,75
loadout,fire,ignite,seed|spark|heal|vine|ember|inferno,sword,heavy,swift|expose|strike|guard|return|unity,balanced,balanced,2,1,1,1,4,4,0,136,0,136
loadout,fire,ignite,seed|spark|heal|vine|ember|nourish,sword,quick,swift|expose|strike|guard|cut|unity,balanced,balanced,0,0,0,0,13,13,10,0,10,0
loadout,fire,ignite,seed|spark|heal|vine|ember|nourish,sword,quick,swift|expose|strike|guard|cut|unity,balanced,balanced,0,1,1,1,4,4,0,143,0,143
loadout,fire,ignite,seed|spark|heal|vine|ember|nourish,sword,quick,swift|expose|strike|guard|cut|unity,balanced,balanced,1,0,1,1,13,13,0,38,0,38
loadout,fire,ignite,seed|spark|heal|vine|ember|nourish,sword,quick,swift|expose|strike|guard|cut|unity,balanced,balanced,1,1,1,1,4,4,0,123,0,123
loadout,fire,ignite,seed|spark|heal|vine|ember|nourish,sword,quick,swift|expose|strike|guard|cut|unity,balanced,balanced,2,0,1,1,13,13,0,29,0,29
loadout,fire,ignite,seed|spark|heal|vine|ember|nourish,sword,quick,swift|expose|strike|guard|cut|unity,balanced,balanced,2,1,1,1,4,4,0,123,0,123
loadout,fire,ignite,seed|spark|heal|vine|ember|nourish,sword,heavy,swift|expose|strike|guard|return|unity,balanced,balanced,0,0,1,1,9,9,0,33,0,33
loadout,fire,ignite,seed|spark|heal|vine|ember|nourish,sword,heavy,swift|expose|strike|guard|return|unity,balanced,balanced,0,1,1,1,5,5,0,132,0,132
loadout,fire,ignite,seed|spark|heal|vine|ember|nourish,sword,heavy,swift|expose|strike|guard|return|unity,balanced,balanced,1,0,1,1,8,8,0,82,0,82
loadout,fire,ignite,seed|spark|heal|vine|ember|nourish,sword,heavy,swift|expose|strike|guard|return|unity,balanced,balanced,1,1,1,1,6,6,0,116,0,116
loadout,fire,ignite,seed|spark|heal|vine|ember|nourish,sword,heavy,swift|expose|strike|guard|return|unity,balanced,balanced,2,0,1,1,8,8,0,73,0,73
loadout,fire,ignite,seed|spark|heal|vine|ember|nourish,sword,heavy,swift|expose|strike|guard|return|unity,balanced,balanced,2,1,1,1,5,5,0,116,0,116
loadout,fire,ignite,seed|spark|blaze|ember|nourish|inferno,sword,quick,swift|expose|strike|guard|cut|unity,balanced,balanced,0,0,0,0,5,5,75,0,75,0
loadout,fire,ignite,seed|spark|blaze|ember|nourish|inferno,sword,quick,swift|expose|strike|guard|cut|unity,balanced,balanced,0,1,1,0,4,5,0,70,126,0
loadout,fire,ignite,seed|spark|blaze|ember|nourish|inferno,sword,quick,swift|expose|strike|guard|cut|unity,balanced,balanced,1,0,0,0,5,5,75,0,75,0
loadout,fire,ignite,seed|spark|blaze|ember|nourish|inferno,sword,quick,swift|expose|strike|guard|cut|unity,balanced,balanced,1,1,0,1,6,6,3,0,0,65
loadout,fire,ignite,seed|spark|blaze|ember|nourish|inferno,sword,quick,swift|expose|strike|guard|cut|unity,balanced,balanced,2,0,0,0,5,6,168,0,158,0
loadout,fire,ignite,seed|spark|blaze|ember|nourish|inferno,sword,quick,swift|expose|strike|guard|cut|unity,balanced,balanced,2,1,1,1,5,5,0,100,0,70
loadout,fire,ignite,seed|spark|blaze|ember|nourish|inferno,sword,heavy,swift|expose|strike|guard|return|unity,balanced,balanced,0,0,0,0,4,4,78,0,78,0
loadout,fire,ignite,seed|spark|blaze|ember|nourish|inferno,sword,heavy,swift|expose|strike|guard|return|unity,balanced,balanced,0,1,1,1,5,5,0,48,0,64
loadout,fire,ignite,seed|spark|blaze|ember|nourish|inferno,sword,heavy,swift|expose|strike|guard|return|unity,balanced,balanced,1,0,0,0,5,6,76,0,66,0
loadout,fire,ignite,seed|spark|blaze|ember|nourish|inferno,sword,heavy,swift|expose|strike|guard|return|unity,balanced,balanced,1,1,1,1,6,7,0,21,0,23
loadout,fire,ignite,seed|spark|blaze|ember|nourish|inferno,sword,heavy,swift|expose|strike|guard|return|unity,balanced,balanced,2,0,0,0,6,6,87,0,58,0
loadout,fire,ignite,seed|spark|blaze|ember|nourish|inferno,sword,heavy,swift|expose|strike|guard|return|unity,balanced,balanced,2,1,1,1,5,5,0,53,0,53
loadout,fire,ignite,seed|spark|blaze|vine|nourish|inferno,sword,quick,swift|expose|strike|guard|cut|unity,balanced,balanced,0,0,0,0,5,5,75,0,75,0
loadout,fire,ignite,seed|spark|blaze|vine|nourish|inferno,sword,quick,swift|expose|strike|guard|cut|unity,balanced,balanced,0,1,1,0,4,5,0,70,36,0
loadout,fire,ignite,seed|spark|blaze|vine|nourish|inferno,sword,quick,swift|expose|strike|guard|cut|unity,balanced,balanced,1,0,0,0,5,5,75,0,75,0
loadout,fire,ignite,seed|spark|blaze|vine|nourish|inferno,sword,quick,swift|expose|strike|guard|cut|unity,balanced,balanced,1,1,1,1,8,6,0,17,0,65
loadout,fire,ignite,seed|spark|blaze|vine|nourish|inferno,sword,quick,swift|expose|strike|guard|cut|unity,balanced,balanced,2,0,0,0,5,6,109,0,130,0
loadout,fire,ignite,seed|spark|blaze|vine|nourish|inferno,sword,quick,swift|expose|strike|guard|cut|unity,balanced,balanced,2,1,0,1,8,5,49,0,0,70
loadout,fire,ignite,seed|spark|blaze|vine|nourish|inferno,sword,heavy,swift|expose|strike|guard|return|unity,balanced,balanced,0,0,0,0,4,4,78,0,78,0
loadout,fire,ignite,seed|spark|blaze|vine|nourish|inferno,sword,heavy,swift|expose|strike|guard|return|unity,balanced,balanced,0,1,1,1,5,5,0,39,0,55
loadout,fire,ignite,seed|spark|blaze|vine|nourish|inferno,sword,heavy,swift|expose|strike|guard|return|unity,balanced,balanced,1,0,0,0,5,6,76,0,66,0
loadout,fire,ignite,seed|spark|blaze|vine|nourish|inferno,sword,heavy,swift|expose|strike|guard|return|unity,balanced,balanced,1,1,1,1,6,7,0,11,0,23
loadout,fire,ignite,seed|spark|blaze|vine|nourish|inferno,sword,heavy,swift|expose|strike|guard|return|unity,balanced,balanced,2,0,0,0,6,6,87,0,58,0
loadout,fire,ignite,seed|spark|blaze|vine|nourish|inferno,sword,heavy,swift|expose|strike|guard|return|unity,balanced,balanced,2,1,0,1,6,6,181,0,0,33
loadout,fire,ignite,seed|spark|blaze|vine|ember|inferno,sword,quick,swift|expose|strike|guard|cut|unity,balanced,balanced,0,0,0,0,5,5,61,0,61,0
loadout,fire,ignite,seed|spark|blaze|vine|ember|inferno,sword,quick,swift|expose|strike|guard|cut|unity,balanced,balanced,0,1,1,0,4,5,0,15,12,0
loadout,fire,ignite,seed|spark|blaze|vine|ember|inferno,sword,quick,swift|expose|strike|guard|cut|unity,balanced,balanced,1,0,0,0,5,5,61,0,61,0
loadout,fire,ignite,seed|spark|blaze|vine|ember|inferno,sword,quick,swift|expose|strike|guard|cut|unity,balanced,balanced,1,1,0,1,6,6,64,0,0,40
loadout,fire,ignite,seed|spark|blaze|vine|ember|inferno,sword,quick,swift|expose|strike|guard|cut|unity,balanced,balanced,2,0,0,0,5,6,109,0,130,0
loadout,fire,ignite,seed|spark|blaze|vine|ember|inferno,sword,quick,swift|expose|strike|guard|cut|unity,balanced,balanced,2,1,1,1,5,5,0,64,0,70
loadout,fire,ignite,seed|spark|blaze|vine|ember|inferno,sword,heavy,swift|expose|strike|guard|return|unity,balanced,balanced,0,0,0,0,4,4,78,0,78,0
loadout,fire,ignite,seed|spark|blaze|vine|ember|inferno,sword,heavy,swift|expose|strike|guard|return|unity,balanced,balanced,0,1,0,1,4,5,7,0,0,51
loadout,fire,ignite,seed|spark|blaze|vine|ember|inferno,sword,heavy,swift|expose|strike|guard|return|unity,balanced,balanced,1,0,0,0,5,6,76,0,52,0
loadout,fire,ignite,seed|spark|blaze|vine|ember|inferno,sword,heavy,swift|expose|strike|guard|return|unity,balanced,balanced,1,1,0,1,6,5,22,0,0,60
loadout,fire,ignite,seed|spark|blaze|vine|ember|inferno,sword,heavy,swift|expose|strike|guard|return|unity,balanced,balanced,2,0,1,1,5,6,0,45,0,51
loadout,fire,ignite,seed|spark|blaze|vine|ember|inferno,sword,heavy,swift|expose|strike|guard|return|unity,balanced,balanced,2,1,0,1,6,6,167,0,0,33
loadout,fire,ignite,seed|spark|blaze|vine|ember|nourish,sword,quick,swift|expose|strike|guard|cut|unity,balanced,balanced,0,0,0,0,5,5,75,0,75,0
loadout,fire,ignite,seed|spark|blaze|vine|ember|nourish,sword,quick,swift|expose|strike|guard|cut|unity,balanced,balanced,0,1,1,0,4,5,0,70,11,0
loadout,fire,ignite,seed|spark|blaze|vine|ember|nourish,sword,quick,swift|expose|strike|guard|cut|unity,balanced,balanced,1,0,0,0,5,5,75,0,75,0
loadout,fire,ignite,seed|spark|blaze|vine|ember|nourish,sword,quick,swift|expose|strike|guard|cut|unity,balanced,balanced,1,1,1,0,8,7,0,17,108,0
loadout,fire,ignite,seed|spark|blaze|vine|ember|nourish,sword,quick,swift|expose|strike|guard|cut|unity,balanced,balanced,2,0,0,0,5,6,154,0,130,0
loadout,fire,ignite,seed|spark|blaze|vine|ember|nourish,sword,quick,swift|expose|strike|guard|cut|unity,balanced,balanced,2,1,0,1,6,5,32,0,0,59
loadout,fire,ignite,seed|spark|blaze|vine|ember|nourish,sword,heavy,swift|expose|strike|guard|return|unity,balanced,balanced,0,0,0,0,4,4,78,0,78,0
loadout,fire,ignite,seed|spark|blaze|vine|ember|nourish,sword,heavy,swift|expose|strike|guard|return|unity,balanced,balanced,0,1,1,1,5,5,0,39,0,55
loadout,fire,ignite,seed|spark|blaze|vine|ember|nourish,sword,heavy,swift|expose|strike|guard|return|unity,balanced,balanced,1,0,0,0,5,6,76,0,66,0
loadout,fire,ignite,seed|spark|blaze|vine|ember|nourish,sword,heavy,swift|expose|strike|guard|return|unity,balanced,balanced,1,1,0,0,6,7,2,0,79,0
loadout,fire,ignite,seed|spark|blaze|vine|ember|nourish,sword,heavy,swift|expose|strike|guard|return|unity,balanced,balanced,2,0,0,0,6,7,87,0,56,0
loadout,fire,ignite,seed|spark|blaze|vine|ember|nourish,sword,heavy,swift|expose|strike|guard|return|unity,balanced,balanced,2,1,0,1,7,6,9,0,0,23
loadout,fire,ignite,seed|spark|blaze|heal|nourish|inferno,sword,quick,swift|expose|strike|guard|cut|unity,balanced,balanced,0,0,0,0,5,5,75,0,75,0
loadout,fire,ignite,seed|spark|blaze|heal|nourish|inferno,sword,quick,swift|expose|strike|guard|cut|unity,balanced,balanced,0,1,1,1,4,5,0,70,0,27
loadout,fire,ignite,seed|spark|blaze|heal|nourish|inferno,sword,quick,swift|expose|strike|guard|cut|unity,balanced,balanced,1,0,0,0,7,10,34,0,23,0
loadout,fire,ignite,seed|spark|blaze|heal|nourish|inferno,sword,quick,swift|expose|strike|guard|cut|unity,balanced,balanced,1,1,0,1,6,7,4,0,0,44
loadout,fire,ignite,seed|spark|blaze|heal|nourish|inferno,sword,quick,swift|expose|strike|guard|cut|unity,balanced,balanced,2,0,0,0,5,12,172,0,73,0
loadout,fire,ignite,seed|spark|blaze|heal|nourish|inferno,sword,quick,swift|expose|strike|guard|cut|unity,balanced,balanced,2,1,1,1,5,5,0,100,0,61
loadout,fire,ignite,seed|spark|blaze|heal|nourish|inferno,sword,heavy,swift|expose|strike|guard|return|unity,balanced,balanced,0,0,0,0,4,4,78,0,78,0
loadout,fire,ignite,seed|spark|blaze|heal|nourish|inferno,sword,heavy,swift|expose|strike|guard|return|unity,balanced,balanced,0,1,1,1,5,5,0,81,0,97
loadout,fire,ignite,seed|spark|blaze|heal|nourish|inferno,sword,heavy,swift|expose|strike|guard|return|unity,balanced,balanced,1,0,0,0,7,9,50,0,32,0
loadout,fire,ignite,seed|spark|blaze|heal|nourish|inferno,sword,heavy,swift|expose|strike|guard|return|unity,balanced,balanced,1,1,1,1,6,7,0,21,0,23
loadout,fire,ignite,seed|spark|blaze|heal|nourish|inferno,sword,heavy,swift|expose|strike|guard|return|unity,balanced,balanced,2,0,0,0,7,7,7,0,54,0
loadout,fire,ignite,seed|spark|blaze|heal|nourish|inferno,sword,heavy,swift|expose|strike|guard|return|unity,balanced,balanced,2,1,1,1,5,5,0,53,0,53
loadout,fire,ignite,seed|spark|blaze|heal|ember|inferno,sword,quick,swift|expose|strike|guard|cut|unity,balanced,balanced,0,0,0,0,5,5,61,0,61,0
loadout,fire,ignite,seed|spark|blaze|heal|ember|inferno,sword,quick,swift|expose|strike|guard|cut|unity,balanced,balanced,0,1,1,0,4,5,0,15,130,0
loadout,fire,ignite,seed|spark|blaze|heal|ember|inferno,sword,quick,swift|expose|strike|guard|cut|unity,balanced,balanced,1,0,0,0,6,6,55,0,55,0
loadout,fire,ignite,seed|spark|blaze|heal|ember|inferno,sword,quick,swift|expose|strike|guard|cut|unity,balanced,balanced,1,1,0,1,5,5,67,0,0,22
loadout,fire,ignite,seed|spark|blaze|heal|ember|inferno,sword,quick,swift|expose|strike|guard|cut|unity,balanced,balanced,2,0,0,0,5,7,172,0,128,0
loadout,fire,ignite,seed|spark|blaze|heal|ember|inferno,sword,quick,swift|expose|strike|guard|cut|unity,balanced,balanced,2,1,1,1,5,5,0,100,0,61
loadout,fire,ignite,seed|spark|blaze|heal|ember|inferno,sword,heavy,swift|expose|strike|guard|return|unity,balanced,balanced,0,0,0,0,4,4,78,0,78,0
loadout,fire,ignite,seed|spark|blaze|heal|ember|inferno,sword,heavy,swift|expose|strike|guard|return|unity,balanced,balanced,0,1,0,1,4,5,7,0,0,51
loadout,fire,ignite,seed|spark|blaze|heal|ember|inferno,sword,heavy,swift|expose|strike|guard|return|unity,balanced,balanced,1,0,0,0,8,9,56,0,32,0
loadout,fire,ignite,seed|spark|blaze|heal|ember|inferno,sword,heavy,swift|expose|strike|guard|return|unity,balanced,balanced,1,1,1,1,6,5,0,14,0,60
loadout,fire,ignite,seed|spark|blaze|heal|ember|inferno,sword,heavy,swift|expose|strike|guard|return|unity,balanced,balanced,2,0,0,0,7,8,7,0,53,0
loadout,fire,ignite,seed|spark|blaze|heal|ember|inferno,sword,heavy,swift|expose|strike|guard|return|unity,balanced,balanced,2,1,1,1,5,5,0,53,0,53
loadout,fire,ignite,seed|spark|blaze|heal|ember|nourish,sword,quick,swift|expose|strike|guard|cut|unity,balanced,balanced,0,0,0,0,5,5,75,0,75,0
loadout,fire,ignite,seed|spark|blaze|heal|ember|nourish,sword,quick,swift|expose|strike|guard|cut|unity,balanced,balanced,0,1,1,0,4,5,0,70,126,0
loadout,fire,ignite,seed|spark|blaze|heal|ember|nourish,sword,quick,swift|expose|strike|guard|cut|unity,balanced,balanced,1,0,0,0,7,10,34,0,23,0
loadout,fire,ignite,seed|spark|blaze|heal|ember|nourish,sword,quick,swift|expose|strike|guard|cut|unity,balanced,balanced,1,1,0,0,6,7,4,0,55,0
loadout,fire,ignite,seed|spark|blaze|heal|ember|nourish,sword,quick,swift|expose|strike|guard|cut|unity,balanced,balanced,2,0,0,0,5,12,172,0,73,0
loadout,fire,ignite,seed|spark|blaze|heal|ember|nourish,sword,quick,swift|expose|strike|guard|cut|unity,balanced,balanced,2,1,1,1,6,5,0,1,0,30
loadout,fire,ignite,seed|spark|blaze|heal|ember|nourish,sword,heavy,swift|expose|strike|guard|return|unity,balanced,balanced,0,0,0,0,4,4,78,0,78,0
loadout,fire,ignite,seed|spark|blaze|heal|ember|nourish,sword,heavy,swift|expose|strike|guard|return|unity,balanced,balanced,0,1,1,1,5,5,0,57,0,86
loadout,fire,ignite,seed|spark|blaze|heal|ember|nourish,sword,heavy,swift|expose|strike|guard|return|unity,balanced,balanced,1,0,0,0,7,9,50,0,32,0
loadout,fire,ignite,seed|spark|blaze|heal|ember|nourish,sword,heavy,swift|expose|strike|guard|return|unity,balanced,balanced,1,1,1,1,6,7,0,21,0,29
loadout,fire,ignite,seed|spark|blaze|heal|ember|nourish,sword,heavy,swift|expose|strike|guard|return|unity,balanced,balanced,2,0,0,0,6,7,49,0,54,0
loadout,fire,ignite,seed|spark|blaze|heal|ember|nourish,sword,heavy,swift|expose|strike|guard|return|unity,balanced,balanced,2,1,1,1,5,7,0,53,0,11
loadout,fire,ignite,seed|spark|blaze|heal|vine|inferno,sword,quick,swift|expose|strike|guard|cut|unity,balanced,balanced,0,0,0,0,5,5,61,0,61,0
loadout,fire,ignite,seed|spark|blaze|heal|vine|inferno,sword,quick,swift|expose|strike|guard|cut|unity,balanced,balanced,0,1,1,0,4,8,0,15,78,0
loadout,fire,ignite,seed|spark|blaze|heal|vine|inferno,sword,quick,swift|expose|strike|guard|cut|unity,balanced,balanced,1,0,0,0,6,6,55,0,55,0
loadout,fire,ignite,seed|spark|blaze|heal|vine|inferno,sword,quick,swift|expose|strike|guard|cut|unity,balanced,balanced,1,1,1,0,6,5,0,15,84,0
loadout,fire,ignite,seed|spark|blaze|heal|vine|inferno,sword,quick,swift|expose|strike|guard|cut|unity,balanced,balanced,2,0,0,0,5,7,109,0,128,0
loadout,fire,ignite,seed|spark|blaze|heal|vine|inferno,sword,quick,swift|expose|strike|guard|cut|unity,balanced,balanced,2,1,0,1,6,5,39,0,0,61
loadout,fire,ignite,seed|spark|blaze|heal|vine|inferno,sword,heavy,swift|expose|strike|guard|return|unity,balanced,balanced,0,0,0,0,4,4,78,0,78,0
loadout,fire,ignite,seed|spark|blaze|heal|vine|inferno,sword,heavy,swift|expose|strike|guard|return|unity,balanced,balanced,0,1,0,1,4,5,7,0,0,61
loadout,fire,ignite,seed|spark|blaze|heal|vine|inferno,sword,heavy,swift|expose|strike|guard|return|unity,balanced,balanced,1,0,0,0,8,9,56,0,32,0
loadout,fire,ignite,seed|spark|blaze|heal|vine|inferno,sword,heavy,swift|expose|strike|guard|return|unity,balanced,balanced,1,1,1,1,7,5,0,20,0,60
loadout,fire,ignite,seed|spark|blaze|heal|vine|inferno,sword,heavy,swift|expose|strike|guard|return|unity,balanced,balanced,2,0,0,0,7,8,7,0,53,0
loadout,fire,ignite,seed|spark|blaze|heal|vine|inferno,sword,heavy,swift|expose|strike|guard|return|unity,balanced,balanced,2,1,0,1,6,5,185,0,0,32
loadout,fire,ignite,seed|spark|blaze|heal|vine|nourish,sword,quick,swift|expose|strike|guard|cut|unity,balanced,balanced,0,0,0,0,5,5,75,0,75,0
loadout,fire,ignite,seed|spark|blaze|heal|vine|nourish,sword,quick,swift|expose|strike|guard|cut|unity,balanced,balanced,0,1,1,0,4,5,0,70,15,0
loadout,fire,ignite,seed|spark|blaze|heal|vine|nourish,sword,quick,swift|expose|strike|guard|cut|unity,balanced,balanced,1,0,0,0,7,10,34,0,23,0
loadout,fire,ignite,seed|spark|blaze|heal|vine|nourish,sword,quick,swift|expose|strike|guard|cut|unity,balanced,balanced,1,1,0,0,9,7,150,0,81,0
loadout,fire,ignite,seed|spark|blaze|heal|vine|nourish,sword,quick,swift|expose|strike|guard|cut|unity,balanced,balanced,2,0,0,0,5,12,154,0,73,0
loadout,fire,ignite,seed|spark|blaze|heal|vine|nourish,sword,quick,swift|expose|strike|guard|cut|unity,balanced,balanced,2,1,0,1,7,5,59,0,0,30
loadout,fire,ignite,seed|spark|blaze|heal|vine|nourish,sword,heavy,swift|expose|strike|guard|return|unity,balanced,balanced,0,0,0,0,4,4,78,0,78,0
loadout,fire,ignite,seed|spark|blaze|heal|vine|nourish,sword,heavy,swift|expose|strike|guard|return|unity,balanced,balanced,0,1,1,1,5,5,0,57,0,86
loadout,fire,ignite,seed|spark|blaze|heal|vine|nourish,sword,heavy,swift|expose|strike|guard|return|unity,balanced,balanced,1,0,0,0,7,9,50,0,32,0
loadout,fire,ignite,seed|spark|blaze|heal|vine|nourish,sword,heavy,swift|expose|strike|guard|return|unity,balanced,balanced,1,1,0,1,6,7,12,0,0,29
loadout,fire,ignite,seed|spark|blaze|heal|vine|nourish,sword,heavy,swift|expose|strike|guard|return|unity,balanced,balanced,2,0,0,0,6,7,49,0,54,0
loadout,fire,ignite,seed|spark|blaze|heal|vine|nourish,sword,heavy,swift|expose|strike|guard|return|unity,balanced,balanced,2,1,0,1,6,7,18,0,0,11
loadout,fire,ignite,seed|spark|blaze|heal|vine|ember,sword,quick,swift|expose|strike|guard|cut|unity,balanced,balanced,0,0,0,0,5,5,61,0,61,0
loadout,fire,ignite,seed|spark|blaze|heal|vine|ember,sword,quick,swift|expose|strike|guard|cut|unity,balanced,balanced,0,1,1,0,4,5,0,15,130,0
loadout,fire,ignite,seed|spark|blaze|heal|vine|ember,sword,quick,swift|expose|strike|guard|cut|unity,balanced,balanced,1,0,0,0,6,6,55,0,55,0
loadout,fire,ignite,seed|spark|blaze|heal|vine|ember,sword,quick,swift|expose|strike|guard|cut|unity,balanced,balanced,1,1,0,0,6,6,91,0,102,0
loadout,fire,ignite,seed|spark|blaze|heal|vine|ember,sword,quick,swift|expose|strike|guard|cut|unity,balanced,balanced,2,0,0,0,5,7,154,0,128,0
loadout,fire,ignite,seed|spark|blaze|heal|vine|ember,sword,quick,swift|expose|strike|guard|cut|unity,balanced,balanced,2,1,0,1,7,5,59,0,0,46
loadout,fire,ignite,seed|spark|blaze|heal|vine|ember,sword,heavy,swift|expose|strike|guard|return|unity,balanced,balanced,0,0,0,0,4,4,78,0,78,0
loadout,fire,ignite,seed|spark|blaze|heal|vine|ember,sword,heavy,swift|expose|strike|guard|return|unity,balanced,balanced,0,1,0,1,4,5,7,0,0,26
loadout,fire,ignite,seed|spark|blaze|heal|vine|ember,sword,heavy,swift|expose|strike|guard|return|unity,balanced,balanced,1,0,0,0,8,9,56,0,32,0
loadout,fire,ignite,seed|spark|blaze|heal|vine|ember,sword,heavy,swift|expose|strike|guard|return|unity,balanced,balanced,1,1,0,1,6,5,40,0,0,16
loadout,fire,ignite,seed|spark|blaze|heal|vine|ember,sword,heavy,swift|expose|strike|guard|return|unity,balanced,balanced,2,0,0,0,6,9,49,0,30,0
loadout,fire,ignite,seed|spark|blaze|heal|vine|ember,sword,heavy,swift|expose|strike|guard|return|unity,balanced,balanced,2,1,0,1,6,6,18,0,0,3
loadout,fire,sustain,blaze|heal|vine|ember|nourish|inferno,sword,quick,swift|expose|strike|guard|cut|unity,balanced,balanced,0,0,1,1,6,7,0,90,0,92
loadout,fire,sustain,blaze|heal|vine|ember|nourish|inferno,sword,quick,swift|expose|strike|guard|cut|unity,balanced,balanced,0,1,1,1,5,5,0,124,0,124
loadout,fire,sustain,blaze|heal|vine|ember|nourish|inferno,sword,quick,swift|expose|strike|guard|cut|unity,balanced,balanced,1,0,1,1,6,7,0,81,0,83
loadout,fire,sustain,blaze|heal|vine|ember|nourish|inferno,sword,quick,swift|expose|strike|guard|cut|unity,balanced,balanced,1,1,0,1,6,6,2,0,0,69
loadout,fire,sustain,blaze|heal|vine|ember|nourish|inferno,sword,quick,swift|expose|strike|guard|cut|unity,balanced,balanced,2,0,0,0,10,10,177,0,177,0
loadout,fire,sustain,blaze|heal|vine|ember|nourish|inferno,sword,quick,swift|expose|strike|guard|cut|unity,balanced,balanced,2,1,1,1,4,5,0,230,0,108
loadout,fire,sustain,blaze|heal|vine|ember|nourish|inferno,sword,heavy,swift|expose|strike|guard|return|unity,balanced,balanced,0,0,1,1,8,8,0,46,0,46
loadout,fire,sustain,blaze|heal|vine|ember|nourish|inferno,sword,heavy,swift|expose|strike|guard|return|unity,balanced,balanced,0,1,1,1,4,4,0,117,0,117
loadout,fire,sustain,blaze|heal|vine|ember|nourish|inferno,sword,heavy,swift|expose|strike|guard|return|unity,balanced,balanced,1,0,1,1,8,8,0,37,0,37
loadout,fire,sustain,blaze|heal|vine|ember|nourish|inferno,sword,heavy,swift|expose|strike|guard|return|unity,balanced,balanced,1,1,1,0,4,6,0,157,195,0
loadout,fire,sustain,blaze|heal|vine|ember|nourish|inferno,sword,heavy,swift|expose|strike|guard|return|unity,balanced,balanced,2,0,0,0,9,9,10,0,10,0
loadout,fire,sustain,blaze|heal|vine|ember|nourish|inferno,sword,heavy,swift|expose|strike|guard|return|unity,balanced,balanced,2,1,1,1,5,6,0,165,0,34
loadout,fire,sustain,spark|heal|vine|ember|nourish|inferno,sword,quick,swift|expose|strike|guard|cut|unity,balanced,balanced,0,0,1,1,13,13,0,20,0,20
loadout,fire,sustain,spark|heal|vine|ember|nourish|inferno,sword,quick,swift|expose|strike|guard|cut|unity,balanced,balanced,0,1,1,1,4,4,0,143,0,143
loadout,fire,sustain,spark|heal|vine|ember|nourish|inferno,sword,quick,swift|expose|strike|guard|cut|unity,balanced,balanced,1,0,0,0,15,15,74,0,74,0
loadout,fire,sustain,spark|heal|vine|ember|nourish|inferno,sword,quick,swift|expose|strike|guard|cut|unity,balanced,balanced,1,1,1,1,4,4,0,131,0,131
loadout,fire,sustain,spark|heal|vine|ember|nourish|inferno,sword,quick,swift|expose|strike|guard|cut|unity,balanced,balanced,2,0,0,0,15,15,74,0,74,0
loadout,fire,sustain,spark|heal|vine|ember|nourish|inferno,sword,quick,swift|expose|strike|guard|cut|unity,balanced,balanced,2,1,1,1,4,4,0,131,0,131
loadout,fire,sustain,spark|heal|vine|ember|nourish|inferno,sword,heavy,swift|expose|strike|guard|return|unity,balanced,balanced,0,0,1,1,6,6,0,118,0,118
loadout,fire,sustain,spark|heal|vine|ember|nourish|inferno,sword,heavy,swift|expose|strike|guard|return|unity,balanced,balanced,0,1,1,1,5,5,0,132,0,132
loadout,fire,sustain,spark|heal|vine|ember|nourish|inferno,sword,heavy,swift|expose|strike|guard|return|unity,balanced,balanced,1,0,1,1,8,8,0,74,0,74
loadout,fire,sustain,spark|heal|vine|ember|nourish|inferno,sword,heavy,swift|expose|strike|guard|return|unity,balanced,balanced,1,1,1,1,7,7,0,88,0,88
loadout,fire,sustain,spark|heal|vine|ember|nourish|inferno,sword,heavy,swift|expose|strike|guard|return|unity,balanced,balanced,2,0,1,1,8,8,0,65,0,65
loadout,fire,sustain,spark|heal|vine|ember|nourish|inferno,sword,heavy,swift|expose|strike|guard|return|unity,balanced,balanced,2,1,1,1,5,5,0,116,0,116
loadout,fire,sustain,spark|blaze|vine|ember|nourish|inferno,sword,quick,swift|expose|strike|guard|cut|unity,balanced,balanced,0,0,0,0,8,8,56,0,56,0
loadout,fire,sustain,spark|blaze|vine|ember|nourish|inferno,sword,quick,swift|expose|strike|guard|cut|unity,balanced,balanced,0,1,1,1,5,5,0,50,0,57
loadout,fire,sustain,spark|blaze|vine|ember|nourish|inferno,sword,quick,swift|expose|strike|guard|cut|unity,balanced,balanced,1,0,0,1,8,7,114,0,0,51
loadout,fire,sustain,spark|blaze|vine|ember|nourish|inferno,sword,quick,swift|expose|strike|guard|cut|unity,balanced,balanced,1,1,0,0,5,7,54,0,2,0
loadout,fire,sustain,spark|blaze|vine|ember|nourish|inferno,sword,quick,swift|expose|strike|guard|cut|unity,balanced,balanced,2,0,0,1,7,7,124,0,0,42
loadout,fire,sustain,spark|blaze|vine|ember|nourish|inferno,sword,quick,swift|expose|strike|guard|cut|unity,balanced,balanced,2,1,1,0,5,6,0,68,48,0
loadout,fire,sustain,spark|blaze|vine|ember|nourish|inferno,sword,heavy,swift|expose|strike|guard|return|unity,balanced,balanced,0,0,1,1,8,8,0,10,0,10
loadout,fire,sustain,spark|blaze|vine|ember|nourish|inferno,sword,heavy,swift|expose|strike|guard|return|unity,balanced,balanced,0,1,1,1,4,4,0,88,0,88
loadout,fire,sustain,spark|blaze|vine|ember|nourish|inferno,sword,heavy,swift|expose|strike|guard|return|unity,balanced,balanced,1,0,0,0,8,8,43,0,84,0
loadout,fire,sustain,spark|blaze|vine|ember|nourish|inferno,sword,heavy,swift|expose|strike|guard|return|unity,balanced,balanced,1,1,1,1,5,8,0,26,0,8
loadout,fire,sustain,spark|blaze|vine|ember|nourish|inferno,sword,heavy,swift|expose|strike|guard|return|unity,balanced,balanced,2,0,1,0,5,8,0,102,84,0
loadout,fire,sustain,spark|blaze|vine|ember|nourish|inferno,sword,heavy,swift|expose|strike|guard|return|unity,balanced,balanced,2,1,1,1,5,7,0,68,0,12
loadout,fire,sustain,spark|blaze|heal|ember|nourish|inferno,sword,quick,swift|expose|strike|guard|cut|unity,balanced,balanced,0,0,0,0,9,9,24,0,24,0
loadout,fire,sustain,spark|blaze|heal|ember|nourish|inferno,sword,quick,swift|expose|strike|guard|cut|unity,balanced,balanced,0,1,1,1,5,5,0,50,0,66
loadout,fire,sustain,spark|blaze|heal|ember|nourish|inferno,sword,quick,swift|expose|strike|guard|cut|unity,balanced,balanced,1,0,0,0,8,12,142,0,91,0
loadout,fire,sustain,spark|blaze|heal|ember|nourish|inferno,sword,quick,swift|expose|strike|guard|cut|unity,balanced,balanced,1,1,1,1,6,7,0,6,0,53
loadout,fire,sustain,spark|blaze|heal|ember|nourish|inferno,sword,quick,swift|expose|strike|guard|cut|unity,balanced,balanced,2,0,0,0,7,12,145,0,91,0
loadout,fire,sustain,spark|blaze|heal|ember|nourish|inferno,sword,quick,swift|expose|strike|guard|cut|unity,balanced,balanced,2,1,1,1,5,5,0,68,0,46
loadout,fire,sustain,spark|blaze|heal|ember|nourish|inferno,sword,heavy,swift|expose|strike|guard|return|unity,balanced,balanced,0,0,0,0,9,9,6,0,6,0
loadout,fire,sustain,spark|blaze|heal|ember|nourish|inferno,sword,heavy,swift|expose|strike|guard|return|unity,balanced,balanced,0,1,1,1,4,4,0,88,0,88
loadout,fire,sustain,spark|blaze|heal|ember|nourish|inferno,sword,heavy,swift|expose|strike|guard|return|unity,balanced,balanced,1,0,0,0,9,9,31,0,18,0
loadout,fire,sustain,spark|blaze|heal|ember|nourish|inferno,sword,heavy,swift|expose|strike|guard|return|unity,balanced,balanced,1,1,1,1,5,7,0,60,0,22
loadout,fire,sustain,spark|blaze|heal|ember|nourish|inferno,sword,heavy,swift|expose|strike|guard|return|unity,balanced,balanced,2,0,1,0,6,9,0,33,18,0
loadout,fire,sustain,spark|blaze|heal|ember|nourish|inferno,sword,heavy,swift|expose|strike|guard|return|unity,balanced,balanced,2,1,1,1,5,7,0,68,0,21
loadout,fire,sustain,spark|blaze|heal|vine|nourish|inferno,sword,quick,swift|expose|strike|guard|cut|unity,balanced,balanced,0,0,0,0,9,9,24,0,24,0
loadout,fire,sustain,spark|blaze|heal|vine|nourish|inferno,sword,quick,swift|expose|strike|guard|cut|unity,balanced,balanced,0,1,1,1,5,5,0,50,0,66
loadout,fire,sustain,spark|blaze|heal|vine|nourish|inferno,sword,quick,swift|expose|strike|guard|cut|unity,balanced,balanced,1,0,0,0,7,12,148,0,91,0
loadout,fire,sustain,spark|blaze|heal|vine|nourish|inferno,sword,quick,swift|expose|strike|guard|cut|unity,balanced,balanced,1,1,0,0,5,8,58,0,80,0
loadout,fire,sustain,spark|blaze|heal|vine|nourish|inferno,sword,quick,swift|expose|strike|guard|cut|unity,balanced,balanced,2,0,0,0,7,12,136,0,91,0
loadout,fire,sustain,spark|blaze|heal|vine|nourish|inferno,sword,quick,swift|expose|strike|guard|cut|unity,balanced,balanced,2,1,1,1,5,6,0,68,0,33
loadout,fire,sustain,spark|blaze|heal|vine|nourish|inferno,sword,heavy,swift|expose|strike|guard|return|unity,balanced,balanced,0,0,0,0,9,9,6,0,6,0
loadout,fire,sustain,spark|blaze|heal|vine|nourish|inferno,sword,heavy,swift|expose|strike|guard|return|unity,balanced,balanced,0,1,1,1,4,4,0,88,0,88
loadout,fire,sustain,spark|blaze|heal|vine|nourish|inferno,sword,heavy,swift|expose|strike|guard|return|unity,balanced,balanced,1,0,0,0,9,9,31,0,18,0
loadout,fire,sustain,spark|blaze|heal|vine|nourish|inferno,sword,heavy,swift|expose|strike|guard|return|unity,balanced,balanced,1,1,1,1,5,8,0,60,0,8
loadout,fire,sustain,spark|blaze|heal|vine|nourish|inferno,sword,heavy,swift|expose|strike|guard|return|unity,balanced,balanced,2,0,1,0,6,9,0,33,18,0
loadout,fire,sustain,spark|blaze|heal|vine|nourish|inferno,sword,heavy,swift|expose|strike|guard|return|unity,balanced,balanced,2,1,1,1,5,8,0,68,0,24
loadout,fire,sustain,spark|blaze|heal|vine|ember|inferno,sword,quick,swift|expose|strike|guard|cut|unity,balanced,balanced,0,0,0,0,8,8,40,0,40,0
loadout,fire,sustain,spark|blaze|heal|vine|ember|inferno,sword,quick,swift|expose|strike|guard|cut|unity,balanced,balanced,0,1,0,0,5,5,21,0,21,0
loadout,fire,sustain,spark|blaze|heal|vine|ember|inferno,sword,quick,swift|expose|strike|guard|cut|unity,balanced,balanced,1,0,0,0,14,10,84,0,19,0
loadout,fire,sustain,spark|blaze|heal|vine|ember|inferno,sword,quick,swift|expose|strike|guard|cut|unity,balanced,balanced,1,1,0,1,5,6,46,0,0,56
loadout,fire,sustain,spark|blaze|heal|vine|ember|inferno,sword,quick,swift|expose|strike|guard|cut|unity,balanced,balanced,2,0,0,0,7,7,136,0,136,0
loadout,fire,sustain,spark|blaze|heal|vine|ember|inferno,sword,quick,swift|expose|strike|guard|cut|unity,balanced,balanced,2,1,1,0,4,5,0,112,68,0
loadout,fire,sustain,spark|blaze|heal|vine|ember|inferno,sword,heavy,swift|expose|strike|guard|return|unity,balanced,balanced,0,0,0,1,8,8,10,0,0,10
loadout,fire,sustain,spark|blaze|heal|vine|ember|inferno,sword,heavy,swift|expose|strike|guard|return|unity,balanced,balanced,0,1,1,1,4,4,0,96,0,96
loadout,fire,sustain,spark|blaze|heal|vine|ember|inferno,sword,heavy,swift|expose|strike|guard|return|unity,balanced,balanced,1,0,0,1,9,8,19,0,0,46
loadout,fire,sustain,spark|blaze|heal|vine|ember|inferno,sword,heavy,swift|expose|strike|guard|return|unity,balanced,balanced,1,1,0,1,5,6,18,0,0,77
loadout,fire,sustain,spark|blaze|heal|vine|ember|inferno,sword,heavy,swift|expose|strike|guard|return|unity,balanced,balanced,2,0,1,1,6,8,0,33,0,37
loadout,fire,sustain,spark|blaze|heal|vine|ember|inferno,sword,heavy,swift|expose|strike|guard|return|unity,balanced,balanced,2,1,1,1,4,6,0,112,0,67
loadout,fire,sustain,spark|blaze|heal|vine|ember|nourish,sword,quick,swift|expose|strike|guard|cut|unity,balanced,balanced,0,0,0,0,9,9,24,0,24,0
loadout,fire,sustain,spark|blaze|heal|vine|ember|nourish,sword,quick,swift|expose|strike|guard|cut|unity,balanced,balanced,0,1,1,1,5,5,0,26,0,55
loadout,fire,sustain,spark|blaze|heal|vine|ember|nourish,sword,quick,swift|expose|strike|guard|cut|unity,balanced,balanced,1,0,0,0,7,12,148,0,91,0
loadout,fire,sustain,spark|blaze|heal|vine|ember|nourish,sword,quick,swift|expose|strike|guard|cut|unity,balanced,balanced,1,1,0,0,6,7,85,0,76,0
loadout,fire,sustain,spark|blaze|heal|vine|ember|nourish,sword,quick,swift|expose|strike|guard|cut|unity,balanced,balanced,2,0,0,0,7,12,136,0,91,0
loadout,fire,sustain,spark|blaze|heal|vine|ember|nourish,sword,quick,swift|expose|strike|guard|cut|unity,balanced,balanced,2,1,1,1,5,5,0,26,0,73
loadout,fire,sustain,spark|blaze|heal|vine|ember|nourish,sword,heavy,swift|expose|strike|guard|return|unity,balanced,balanced,0,0,0,0,9,9,6,0,6,0
loadout,fire,sustain,spark|blaze|heal|vine|ember|nourish,sword,heavy,swift|expose|strike|guard|return|unity,balanced,balanced,0,1,1,1,4,4,0,88,0,88
loadout,fire,sustain,spark|blaze|heal|vine|ember|nourish,sword,heavy,swift|expose|strike|guard|return|unity,balanced,balanced,1,0,0,0,9,9,31,0,18,0
loadout,fire,sustain,spark|blaze|heal|vine|ember|nourish,sword,heavy,swift|expose|strike|guard|return|unity,balanced,balanced,1,1,1,1,5,5,0,60,0,70
loadout,fire,sustain,spark|blaze|heal|vine|ember|nourish,sword,heavy,swift|expose|strike|guard|return|unity,balanced,balanced,2,0,0,0,7,9,59,0,18,0
loadout,fire,sustain,spark|blaze|heal|vine|ember|nourish,sword,heavy,swift|expose|strike|guard|return|unity,balanced,balanced,2,1,0,1,6,5,21,0,0,73
loadout,fire,sustain,seed|heal|vine|ember|nourish|inferno,sword,quick,swift|expose|strike|guard|cut|unity,balanced,balanced,0,0,1,1,15,15,0,8,0,8
loadout,fire,sustain,seed|heal|vine|ember|nourish|inferno,sword,quick,swift|expose|strike|guard|cut|unity,balanced,balanced,0,1,1,1,3,3,0,204,0,204
loadout,fire,sustain,seed|heal|vine|ember|nourish|inferno,sword,quick,swift|expose|strike|guard|cut|unity,balanced,balanced,1,0,1,1,6,6,0,169,0,169
loadout,fire,sustain,seed|heal|vine|ember|nourish|inferno,sword,quick,swift|expose|strike|guard|cut|unity,balanced,balanced,1,1,1,1,4,4,0,204,0,204
loadout,fire,sustain,seed|heal|vine|ember|nourish|inferno,sword,quick,swift|expose|strike|guard|cut|unity,balanced,balanced,2,0,1,1,6,6,0,155,0,155
loadout,fire,sustain,seed|heal|vine|ember|nourish|inferno,sword,quick,swift|expose|strike|guard|cut|unity,balanced,balanced,2,1,1,1,4,4,0,208,0,208
loadout,fire,sustain,seed|heal|vine|ember|nourish|inferno,sword,heavy,swift|expose|strike|guard|return|unity,balanced,balanced,0,0,1,1,6,6,0,182,0,182
loadout,fire,sustain,seed|heal|vine|ember|nourish|inferno,sword,heavy,swift|expose|strike|guard|return|unity,balanced,balanced,0,1,1,1,4,4,0,178,0,178
loadout,fire,sustain,seed|heal|vine|ember|nourish|inferno,sword,heavy,swift|expose|strike|guard|return|unity,balanced,balanced,1,0,1,1,5,5,0,178,0,178
loadout,fire,sustain,seed|heal|vine|ember|nourish|inferno,sword,heavy,swift|expose|strike|guard|return|unity,balanced,balanced,1,1,1,1,4,4,0,204,0,204
loadout,fire,sustain,seed|heal|vine|ember|nourish|inferno,sword,heavy,swift|expose|strike|guard|return|unity,balanced,balanced,2,0,1,1,7,7,0,167,0,167
loadout,fire,sustain,seed|heal|vine|ember|nourish|inferno,sword,heavy,swift|expose|strike|guard|return|unity,balanced,balanced,2,1,1,1,5,5,0,182,0,182
loadout,fire,sustain,seed|blaze|vine|ember|nourish|inferno,sword,quick,swift|expose|strike|guard|cut|unity,balanced,balanced,0,0,1,1,9,9,0,10,0,10
loadout,fire,sustain,seed|blaze|vine|ember|nourish|inferno,sword,quick,swift|expose|strike|guard|cut|unity,balanced,balanced,0,1,1,0,5,5,0,78,19,0
loadout,fire,sustain,seed|blaze|vine|ember|nourish|inferno,sword,quick,swift|expose|strike|guard|cut|unity,balanced,balanced,1,0,1,1,8,11,0,92,0,11
loadout,fire,sustain,seed|blaze|vine|ember|nourish|inferno,sword,quick,swift|expose|strike|guard|cut|unity,balanced,balanced,1,1,0,1,7,5,115,0,0,5
loadout,fire,sustain,seed|blaze|vine|ember|nourish|inferno,sword,quick,swift|expose|strike|guard|cut|unity,balanced,balanced,2,0,1,1,8,11,0,31,0,25
loadout,fire,sustain,seed|blaze|vine|ember|nourish|inferno,sword,quick,swift|expose|strike|guard|cut|unity,balanced,balanced,2,1,1,0,6,5,0,108,139,0
loadout,fire,sustain,seed|blaze|vine|ember|nourish|inferno,sword,heavy,swift|expose|strike|guard|return|unity,balanced,balanced,0,0,0,1,8,7,124,0,0,51
loadout,fire,sustain,seed|blaze|vine|ember|nourish|inferno,sword,heavy,swift|expose|strike|guard|return|unity,balanced,balanced,0,1,1,0,5,6,0,122,96,0
loadout,fire,sustain,seed|blaze|vine|ember|nourish|inferno,sword,heavy,swift|expose|strike|guard|return|unity,balanced,balanced,1,0,0,0,6,6,105,0,105,0
loadout,fire,sustain,seed|blaze|vine|ember|nourish|inferno,sword,heavy,swift|expose|strike|guard|return|unity,balanced,balanced,1,1,0,1,6,6,140,0,0,36
loadout,fire,sustain,seed|blaze|vine|ember|nourish|inferno,sword,heavy,swift|expose|strike|guard|return|unity,balanced,balanced,2,0,0,0,9,9,56,0,56,0
loadout,fire,sustain,seed|blaze|vine|ember|nourish|inferno,sword,heavy,swift|expose|strike|guard|return|unity,balanced,balanced,2,1,0,0,8,6,73,0,191,0
loadout,fire,sustain,seed|blaze|heal|ember|nourish|inferno,sword,quick,swift|expose|strike|guard|cut|unity,balanced,balanced,0,0,1,1,6,7,0,77,0,79
loadout,fire,sustain,seed|blaze|heal|ember|nourish|inferno,sword,quick,swift|expose|strike|guard|cut|unity,balanced,balanced,0,1,1,1,6,6,0,84,0,16
loadout,fire,sustain,seed|blaze|heal|ember|nourish|inferno,sword,quick,swift|expose|strike|guard|cut|unity,balanced,balanced,1,0,1,1,6,6,0,124,0,124
loadout,fire,sustain,seed|blaze|heal|ember|nourish|inferno,sword,quick,swift|expose|strike|guard|cut|unity,balanced,balanced,1,1,1,1,6,6,0,49,0,5
loadout,fire,sustain,seed|blaze|heal|ember|nourish|inferno,sword,quick,swift|expose|strike|guard|cut|unity,balanced,balanced,2,0,0,1,8,6,12,0,0,115
loadout,fire,sustain,seed|blaze|heal|ember|nourish|inferno,sword,quick,swift|expose|strike|guard|cut|unity,balanced,balanced,2,1,1,0,6,6,0,108,96,0
loadout,fire,sustain,seed|blaze|heal|ember|nourish|inferno,sword,heavy,swift|expose|strike|guard|return|unity,balanced,balanced,0,0,0,0,10,10,8,0,8,0
loadout,fire,sustain,seed|blaze|heal|ember|nourish|inferno,sword,heavy,swift|expose|strike|guard|return|unity,balanced,balanced,0,1,1,0,5,7,0,122,53,0
loadout,fire,sustain,seed|blaze|heal|ember|nourish|inferno,sword,heavy,swift|expose|strike|guard|return|unity,balanced,balanced,1,0,0,0,7,7,45,0,45,0
loadout,fire,sustain,seed|blaze|heal|ember|nourish|inferno,sword,heavy,swift|expose|strike|guard|return|unity,balanced,balanced,1,1,1,0,7,9,0,64,119,0
loadout,fire,sustain,seed|blaze|heal|ember|nourish|inferno,sword,heavy,swift|expose|strike|guard|return|unity,balanced,balanced,2,0,0,1,9,9,28,0,0,5
loadout,fire,sustain,seed|blaze|heal|ember|nourish|inferno,sword,heavy,swift|expose|strike|guard|return|unity,balanced,balanced,2,1,1,0,8,9,0,56,47,0
loadout,fire,sustain,seed|blaze|heal|vine|nourish|inferno,sword,quick,swift|expose|strike|guard|cut|unity,balanced,balanced,0,0,1,1,6,6,0,81,0,90
loadout,fire,sustain,seed|blaze|heal|vine|nourish|inferno,sword,quick,swift|expose|strike|guard|cut|unity,balanced,balanced,0,1,1,0,4,5,0,117,97,0
loadout,fire,sustain,seed|blaze|heal|vine|nourish|inferno,sword,quick,swift|expose|strike|guard|cut|unity,balanced,balanced,1,0,1,1,6,6,0,128,0,128
loadout,fire,sustain,seed|blaze|heal|vine|nourish|inferno,sword,quick,swift|expose|strike|guard|cut|unity,balanced,balanced,1,1,1,1,7,5,0,35,0,13
loadout,fire,sustain,seed|blaze|heal|vine|nourish|inferno,sword,quick,swift|expose|strike|guard|cut|unity,balanced,balanced,2,0,0,1,8,6,9,0,0,115
loadout,fire,sustain,seed|blaze|heal|vine|nourish|inferno,sword,quick,swift|expose|strike|guard|cut|unity,balanced,balanced,2,1,1,1,6,6,0,65,0,49
loadout,fire,sustain,seed|blaze|heal|vine|nourish|inferno,sword,heavy,swift|expose|strike|guard|return|unity,balanced,balanced,0,0,1,1,8,8,0,46,0,46
loadout,fire,sustain,seed|blaze|heal|vine|nourish|inferno,sword,heavy,swift|expose|strike|guard|return|unity,balanced,balanced,0,1,1,0,5,6,0,101,113,0
loadout,fire,sustain,seed|blaze|heal|vine|nourish|inferno,sword,heavy,swift|expose|strike|guard|return|unity,balanced,balanced,1,0,0,0,6,6,109,0,109,0
loadout,fire,sustain,seed|blaze|heal|vine|nourish|inferno,sword,heavy,swift|expose|strike|guard|return|unity,balanced,balanced,1,1,1,0,7,7,0,1,113,0
loadout,fire,sustain,seed|blaze|heal|vine|nourish|inferno,sword,heavy,swift|expose|strike|guard|return|unity,balanced,balanced,2,0,0,0,9,9,48,0,48,0
loadout,fire,sustain,seed|blaze|heal|vine|nourish|inferno,sword,heavy,swift|expose|strike|guard|return|unity,balanced,balanced,2,1,1,0,5,6,0,134,191,0
loadout,fire,sustain,seed|blaze|heal|vine|ember|inferno,sword,quick,swift|expose|strike|guard|cut|unity,balanced,balanced,0,0,1,0,6,9,0,77,24,0
loadout,fire,sustain,seed|blaze|heal|vine|ember|inferno,sword,quick,swift|expose|strike|guard|cut|unity,balanced,balanced,0,1,1,0,5,5,0,75,16,0
loadout,fire,sustain,seed|blaze|heal|vine|ember|inferno,sword,quick,swift|expose|strike|guard|cut|unity,balanced,balanced,1,0,1,1,4,4,0,142,0,142
loadout,fire,sustain,seed|blaze|heal|vine|ember|inferno,sword,quick,swift|expose|strike|guard|cut|unity,balanced,balanced,1,1,1,1,6,5,0,47,0,64
loadout,fire,sustain,seed|blaze|heal|vine|ember|inferno,sword,quick,swift|expose|strike|guard|cut|unity,balanced,balanced,2,0,1,1,4,4,0,122,0,122
loadout,fire,sustain,seed|blaze|heal|vine|ember|inferno,sword,quick,swift|expose|strike|guard|cut|unity,balanced,balanced,2,1,1,0,7,6,0,66,109,0
loadout,fire,sustain,seed|blaze|heal|vine|ember|inferno,sword,heavy,swift|expose|strike|guard|return|unity,balanced,balanced,0,0,1,1,8,8,0,46,0,46
loadout,fire,sustain,seed|blaze|heal|vine|ember|inferno,sword,heavy,swift|expose|strike|guard|return|unity,balanced,balanced,0,1,1,0,4,5,0,130,122,0
loadout,fire,sustain,seed|blaze|heal|vine|ember|inferno,sword,heavy,swift|expose|strike|guard|return|unity,balanced,balanced,1,0,0,0,6,6,95,0,95,0
loadout,fire,sustain,seed|blaze|heal|vine|ember|inferno,sword,heavy,swift|expose|strike|guard|return|unity,balanced,balanced,1,1,1,0,6,5,0,64,101,0
loadout,fire,sustain,seed|blaze|heal|vine|ember|inferno,sword,heavy,swift|expose|strike|guard|return|unity,balanced,balanced,2,0,1,1,6,6,0,29,0,29
loadout,fire,sustain,seed|blaze|heal|vine|ember|inferno,sword,heavy,swift|expose|strike|guard|return|unity,balanced,balanced,2,1,1,0,7,6,0,69,121,0
loadout,fire,sustain,seed|blaze|heal|vine|ember|nourish,sword,quick,swift|expose|strike|guard|cut|unity,balanced,balanced,0,0,1,0,6,9,0,77,24,0
loadout,fire,sustain,seed|blaze|heal|vine|ember|nourish,sword,quick,swift|expose|strike|guard|cut|unity,balanced,balanced,0,1,1,0,5,6,0,84,143,0
loadout,fire,sustain,seed|blaze|heal|vine|ember|nourish,sword,quick,swift|expose|strike|guard|cut|unity,balanced,balanced,1,0,1,0,7,10,0,86,86,0
loadout,fire,sustain,seed|blaze|heal|vine|ember|nourish,sword,quick,swift|expose|strike|guard|cut|unity,balanced,balanced,1,1,0,0,7,6,29,0,119,0
loadout,fire,sustain,seed|blaze|heal|vine|ember|nourish,sword,quick,swift|expose|strike|guard|cut|unity,balanced,balanced,2,0,0,1,8,9,29,0,0,2
loadout,fire,sustain,seed|blaze|heal|vine|ember|nourish,sword,quick,swift|expose|strike|guard|cut|unity,balanced,balanced,2,1,1,0,6,5,0,86,143,0
loadout,fire,sustain,seed|blaze|heal|vine|ember|nourish,sword,heavy,swift|expose|strike|guard|return|unity,balanced,balanced,0,0,0,0,8,10,115,0,86,0
loadout,fire,sustain,seed|blaze|heal|vine|ember|nourish,sword,heavy,swift|expose|strike|guard|return|unity,balanced,balanced,0,1,1,0,5,6,0,106,183,0
loadout,fire,sustain,seed|blaze|heal|vine|ember|nourish,sword,heavy,swift|expose|strike|guard|return|unity,balanced,balanced,1,0,1,0,7,10,0,86,88,0
loadout,fire,sustain,seed|blaze|heal|vine|ember|nourish,sword,heavy,swift|expose|strike|guard|return|unity,balanced,balanced,1,1,0,0,8,7,138,0,183,0
loadout,fire,sustain,seed|blaze|heal|vine|ember|nourish,sword,heavy,swift|expose|strike|guard|return|unity,balanced,balanced,2,0,1,0,7,7,0,77,74,0
loadout,fire,sustain,seed|blaze|heal|vine|ember|nourish,sword,heavy,swift|expose|strike|guard|return|unity,balanced,balanced,2,1,1,0,6,6,0,86,191,0
loadout,fire,sustain,seed|spark|vine|ember|nourish|inferno,sword,quick,swift|expose|strike|guard|cut|unity,balanced,balanced,0,0,1,1,11,11,0,43,0,43
loadout,fire,sustain,seed|spark|vine|ember|nourish|inferno,sword,quick,swift|expose|strike|guard|cut|unity,balanced,balanced,0,1,1,1,4,4,0,143,0,143
loadout,fire,sustain,seed|spark|vine|ember|nourish|inferno,sword,quick,swift|expose|strike|guard|cut|unity,balanced,balanced,1,0,1,1,8,8,0,47,0,47
loadout,fire,sustain,seed|spark|vine|ember|nourish|inferno,sword,quick,swift|expose|strike|guard|cut|unity,balanced,balanced,1,1,1,1,4,4,0,131,0,131
loadout,fire,sustain,seed|spark|vine|ember|nourish|inferno,sword,quick,swift|expose|strike|guard|cut|unity,balanced,balanced,2,0,1,1,8,8,0,38,0,38
loadout,fire,sustain,seed|spark|vine|ember|nourish|inferno,sword,quick,swift|expose|strike|guard|cut|unity,balanced,balanced,2,1,1,1,4,4,0,131,0,131
loadout,fire,sustain,seed|spark|vine|ember|nourish|inferno,sword,heavy,swift|expose|strike|guard|return|unity,balanced,balanced,0,0,1,1,6,6,0,118,0,118
loadout,fire,sustain,seed|spark|vine|ember|nourish|inferno,sword,heavy,swift|expose|strike|guard|return|unity,balanced,balanced,0,1,1,1,5,5,0,116,0,116
loadout,fire,sustain,seed|spark|vine|ember|nourish|inferno,sword,heavy,swift|expose|strike|guard|return|unity,balanced,balanced,1,0,1,1,8,8,0,84,0,84
loadout,fire,sustain,seed|spark|vine|ember|nourish|inferno,sword,heavy,swift|expose|strike|guard|return|unity,balanced,balanced,1,1,1,1,5,5,0,116,0,116
loadout,fire,sustain,seed|spark|vine|ember|nourish|inferno,sword,heavy,swift|expose|strike|guard|return|unity,balanced,balanced,2,0,1,1,8,8,0,75,0,75
loadout,fire,sustain,seed|spark|vine|ember|nourish|inferno,sword,heavy,swift|expose|strike|guard|return|unity,balanced,balanced,2,1,1,1,5,5,0,116,0,116
loadout,fire,sustain,seed|spark|heal|ember|nourish|inferno,sword,quick,swift|expose|strike|guard|cut|unity,balanced,balanced,0,0,0,0,14,14,16,0,16,0
loadout,fire,sustain,seed|spark|heal|ember|nourish|inferno,sword,quick,swift|expose|strike|guard|cut|unity,balanced,balanced,0,1,1,1,4,4,0,143,0,143
loadout,fire,sustain,seed|spark|heal|ember|nourish|inferno,sword,quick,swift|expose|strike|guard|cut|unity,balanced,balanced,1,0,0,0,15,15,76,0,76,0
loadout,fire,sustain,seed|spark|heal|ember|nourish|inferno,sword,quick,swift|expose|strike|guard|cut|unity,balanced,balanced,1,1,1,1,4,4,0,131,0,131
loadout,fire,sustain,seed|spark|heal|ember|nourish|inferno,sword,quick,swift|expose|strike|guard|cut|unity,balanced,balanced,2,0,0,0,15,15,74,0,74,0
loadout,fire,sustain,seed|spark|heal|ember|nourish|inferno,sword,quick,swift|expose|strike|guard|cut|unity,balanced,balanced,2,1,1,1,4,4,0,131,0,131
loadout,fire,sustain,seed|spark|heal|ember|nourish|inferno,sword,heavy,swift|expose|strike|guard|return|unity,balanced,balanced,0,0,1,1,6,6,0,118,0,118
loadout,fire,sustain,seed|spark|heal|ember|nourish|inferno,sword,heavy,swift|expose|strike|guard|return|unity,balanced,balanced,0,1,1,1,5,5,0,132,0,132
loadout,fire,sustain,seed|spark|heal|ember|nourish|inferno,sword,heavy,swift|expose|strike|guard|return|unity,balanced,balanced,1,0,1,1,8,8,0,74,0,74
loadout,fire,sustain,seed|spark|heal|ember|nourish|inferno,sword,heavy,swift|expose|strike|guard|return|unity,balanced,balanced,1,1,1,1,7,7,0,88,0,88
loadout,fire,sustain,seed|spark|heal|ember|nourish|inferno,sword,heavy,swift|expose|strike|guard|return|unity,balanced,balanced,2,0,1,1,8,8,0,65,0,65
loadout,fire,sustain,seed|spark|heal|ember|nourish|inferno,sword,heavy,swift|expose|strike|guard|return|unity,balanced,balanced,2,1,1,1,5,5,0,116,0,116
loadout,fire,sustain,seed|spark|heal|vine|nourish|inferno,sword,quick,swift|expose|strike|guard|cut|unity,balanced,balanced,0,0,1,1,13,13,0,20,0,20
loadout,fire,sustain,seed|spark|heal|vine|nourish|inferno,sword,quick,swift|expose|strike|guard|cut|unity,balanced,balanced,0,1,1,1,4,4,0,143,0,143
loadout,fire,sustain,seed|spark|heal|vine|nourish|inferno,sword,quick,swift|expose|strike|guard|cut|unity,balanced,balanced,1,0,0,0,15,15,74,0,74,0
loadout,fire,sustain,seed|spark|heal|vine|nourish|inferno,sword,quick,swift|expose|strike|guard|cut|unity,balanced,balanced,1,1,1,1,4,4,0,131,0,131
loadout,fire,sustain,seed|spark|heal|vine|nourish|inferno,sword,quick,swift|expose|strike|guard|cut|unity,balanced,balanced,2,0,0,0,15,15,74,0,74,0
loadout,fire,sustain,seed|spark|heal|vine|nourish|inferno,sword,quick,swift|expose|strike|guard|cut|unity,balanced,balanced,2,1,1,1,4,4,0,131,0,131
loadout,fire,sustain,seed|spark|heal|vine|nourish|inferno,sword,heavy,swift|expose|strike|guard|return|unity,balanced,balanced,0,0,1,1,6,6,0,118,0,118
loadout,fire,sustain,seed|spark|heal|vine|nourish|inferno,sword,heavy,swift|expose|strike|guard|return|unity,balanced,balanced,0,1,1,1,5,5,0,132,0,132
loadout,fire,sustain,seed|spark|heal|vine|nourish|inferno,sword,heavy,swift|expose|strike|guard|return|unity,balanced,balanced,1,0,1,1,8,8,0,74,0,74
loadout,fire,sustain,seed|spark|heal|vine|nourish|inferno,sword,heavy,swift|expose|strike|guard|return|unity,balanced,balanced,1,1,1,1,7,7,0,88,0,88
loadout,fire,sustain,seed|spark|heal|vine|nourish|inferno,sword,heavy,swift|expose|strike|guard|return|unity,balanced,balanced,2,0,1,1,8,8,0,65,0,65
loadout,fire,sustain,seed|spark|heal|vine|nourish|inferno,sword,heavy,swift|expose|strike|guard|return|unity,balanced,balanced,2,1,1,1,5,5,0,116,0,116
loadout,fire,sustain,seed|spark|heal|vine|ember|inferno,sword,quick,swift|expose|strike|guard|cut|unity,balanced,balanced,0,0,1,1,13,13,0,20,0,20
loadout,fire,sustain,seed|spark|heal|vine|ember|inferno,sword,quick,swift|expose|strike|guard|cut|unity,balanced,balanced,0,1,1,1,4,4,0,143,0,143
loadout,fire,sustain,seed|spark|heal|vine|ember|inferno,sword,quick,swift|expose|strike|guard|cut|unity,balanced,balanced,1,0,1,1,14,14,0,42,0,42
loadout,fire,sustain,seed|spark|heal|vine|ember|inferno,sword,quick,swift|expose|strike|guard|cut|unity,balanced,balanced,1,1,1,1,5,5,0,93,0,93
loadout,fire,sustain,seed|spark|heal|vine|ember|inferno,sword,quick,swift|expose|strike|guard|cut|unity,balanced,balanced,2,0,1,1,14,14,0,33,0,33
loadout,fire,sustain,seed|spark|heal|vine|ember|inferno,sword,quick,swift|expose|strike|guard|cut|unity,balanced,balanced,2,1,1,1,4,4,0,131,0,131
loadout,fire,sustain,seed|spark|heal|vine|ember|inferno,sword,heavy,swift|expose|strike|guard|return|unity,balanced,balanced,0,0,1,1,6,6,0,118,0,118
loadout,fire,sustain,seed|spark|heal|vine|ember|inferno,sword,heavy,swift|expose|strike|guard|return|unity,balanced,balanced,0,1,1,1,4,4,0,161,0,161
loadout,fire,sustain,seed|spark|heal|vine|ember|inferno,sword,heavy,swift|expose|strike|guard|return|unity,balanced,balanced,1,0,1,1,6,6,0,114,0,114
loadout,fire,sustain,seed|spark|heal|vine|ember|inferno,sword,heavy,swift|expose|strike|guard|return|unity,balanced,balanced,1,1,1,1,4,4,0,161,0,161
loadout,fire,sustain,seed|spark|heal|vine|ember|inferno,sword,heavy,swift|expose|strike|guard|return|unity,balanced,balanced,2,0,1,1,6,6,0,105,0,105
loadout,fire,sustain,seed|spark|heal|vine|ember|inferno,sword,heavy,swift|expose|strike|guard|return|unity,balanced,balanced,2,1,1,1,5,5,0,116,0,116
loadout,fire,sustain,seed|spark|heal|vine|ember|nourish,sword,quick,swift|expose|strike|guard|cut|unity,balanced,balanced,0,0,0,0,14,14,39,0,39,0
loadout,fire,sustain,seed|spark|heal|vine|ember|nourish,sword,quick,swift|expose|strike|guard|cut|unity,balanced,balanced,0,1,1,1,4,4,0,143,0,143
loadout,fire,sustain,seed|spark|heal|vine|ember|nourish,sword,quick,swift|expose|strike|guard|cut|unity,balanced,balanced,1,0,0,0,15,15,74,0,74,0
loadout,fire,sustain,seed|spark|heal|vine|ember|nourish,sword,quick,swift|expose|strike|guard|cut|unity,balanced,balanced,1,1,1,1,4,4,0,123,0,123
loadout,fire,sustain,seed|spark|heal|vine|ember|nourish,sword,quick,swift|expose|strike|guard|cut|unity,balanced,balanced,2,0,0,0,15,15,74,0,74,0
loadout,fire,sustain,seed|spark|heal|vine|ember|nourish,sword,quick,swift|expose|strike|guard|cut|unity,balanced,balanced,2,1,1,1,4,4,0,123,0,123
loadout,fire,sustain,seed|spark|heal|vine|ember|nourish,sword,heavy,swift|expose|strike|guard|return|unity,balanced,balanced,0,0,1,1,11,11,0,10,0,10
loadout,fire,sustain,seed|spark|heal|vine|ember|nourish,sword,heavy,swift|expose|strike|guard|return|unity,balanced,balanced,0,1,1,1,5,5,0,132,0,132
loadout,fire,sustain,seed|spark|heal|vine|ember|nourish,sword,heavy,swift|expose|strike|guard|return|unity,balanced,balanced,1,0,0,0,11,11,10,0,10,0
loadout,fire,sustain,seed|spark|heal|vine|ember|nourish,sword,heavy,swift|expose|strike|guard|return|unity,balanced,balanced,1,1,1,1,7,7,0,88,0,88
loadout,fire,sustain,seed|spark|heal|vine|ember|nourish,sword,heavy,swift|expose|strike|guard|return|unity,balanced,balanced,2,0,0,0,11,11,10,0,10,0
loadout,fire,sustain,seed|spark|heal|vine|ember|nourish,sword,heavy,swift|expose|strike|guard|return|unity,balanced,balanced,2,1,1,1,5,5,0,116,0,116
loadout,fire,sustain,seed|spark|blaze|ember|nourish|inferno,sword,quick,swift|expose|strike|guard|cut|unity,balanced,balanced,0,0,0,1,7,7,74,0,0,14
loadout,fire,sustain,seed|spark|blaze|ember|nourish|inferno,sword,quick,swift|expose|strike|guard|cut|unity,balanced,balanced,0,1,1,0,5,5,0,60,98,0
loadout,fire,sustain,seed|spark|blaze|ember|nourish|inferno,sword,quick,swift|expose|strike|guard|cut|unity,balanced,balanced,1,0,0,1,8,7,116,0,0,42
loadout,fire,sustain,seed|spark|blaze|ember|nourish|inferno,sword,quick,swift|expose|strike|guard|cut|unity,balanced,balanced,1,1,0,1,9,6,136,0,0,46
loadout,fire,sustain,seed|spark|blaze|ember|nourish|inferno,sword,quick,swift|expose|strike|guard|cut|unity,balanced,balanced,2,0,0,1,6,7,166,0,0,42
loadout,fire,sustain,seed|spark|blaze|ember|nourish|inferno,sword,quick,swift|expose|strike|guard|cut|unity,balanced,balanced,2,1,1,1,7,6,0,27,0,61
loadout,fire,sustain,seed|spark|blaze|ember|nourish|inferno,sword,heavy,swift|expose|strike|guard|return|unity,balanced,balanced,0,0,1,0,7,8,0,47,94,0
loadout,fire,sustain,seed|spark|blaze|ember|nourish|inferno,sword,heavy,swift|expose|strike|guard|return|unity,balanced,balanced,0,1,1,1,6,5,0,75,0,97
loadout,fire,sustain,seed|spark|blaze|ember|nourish|inferno,sword,heavy,swift|expose|strike|guard|return|unity,balanced,balanced,1,0,0,0,7,8,53,0,70,0
loadout,fire,sustain,seed|spark|blaze|ember|nourish|inferno,sword,heavy,swift|expose|strike|guard|return|unity,balanced,balanced,1,1,1,1,7,7,0,31,0,23
loadout,fire,sustain,seed|spark|blaze|ember|nourish|inferno,sword,heavy,swift|expose|strike|guard|return|unity,balanced,balanced,2,0,1,0,5,7,0,89,78,0
loadout,fire,sustain,seed|spark|blaze|ember|nourish|inferno,sword,heavy,swift|expose|strike|guard|return|unity,balanced,balanced,2,1,0,1,7,7,10,0,0,18
loadout,fire,sustain,seed|spark|blaze|vine|nourish|inferno,sword,quick,swift|expose|strike|guard|cut|unity,balanced,balanced,0,0,0,1,7,7,74,0,0,14
loadout,fire,sustain,seed|spark|blaze|vine|nourish|inferno,sword,quick,swift|expose|strike|guard|cut|unity,balanced,balanced,0,1,1,0,5,5,0,60,44,0
loadout,fire,sustain,seed|spark|blaze|vine|nourish|inferno,sword,quick,swift|expose|strike|guard|cut|unity,balanced,balanced,1,0,0,1,8,7,116,0,0,42
loadout,fire,sustain,seed|spark|blaze|vine|nourish|inferno,sword,quick,swift|expose|strike|guard|cut|unity,balanced,balanced,1,1,0,0,8,6,81,0,42,0
loadout,fire,sustain,seed|spark|blaze|vine|nourish|inferno,sword,quick,swift|expose|strike|guard|cut|unity,balanced,balanced,2,0,0,1,5,7,176,0,0,42
loadout,fire,sustain,seed|spark|blaze|vine|nourish|inferno,sword,quick,swift|expose|strike|guard|cut|unity,balanced,balanced,2,1,0,1,9,6,135,0,0,61
loadout,fire,sustain,seed|spark|blaze|vine|nourish|inferno,sword,heavy,swift|expose|strike|guard|return|unity,balanced,balanced,0,0,1,0,7,8,0,47,94,0
loadout,fire,sustain,seed|spark|blaze|vine|nourish|inferno,sword,heavy,swift|expose|strike|guard|return|unity,balanced,balanced,0,1,1,1,6,5,0,75,0,97
loadout,fire,sustain,seed|spark|blaze|vine|nourish|inferno,sword,heavy,swift|expose|strike|guard|return|unity,balanced,balanced,1,0,0,0,7,8,53,0,70,0
loadout,fire,sustain,seed|spark|blaze|vine|nourish|inferno,sword,heavy,swift|expose|strike|guard|return|unity,balanced,balanced,1,1,1,1,7,7,0,18,0,23
loadout,fire,sustain,seed|spark|blaze|vine|nourish|inferno,sword,heavy,swift|expose|strike|guard|return|unity,balanced,balanced,2,0,1,0,5,7,0,89,78,0
loadout,fire,sustain,seed|spark|blaze|vine|nourish|inferno,sword,heavy,swift|expose|strike|guard|return|unity,balanced,balanced,2,1,0,1,7,7,67,0,0,18
loadout,fire,sustain,seed|spark|blaze|vine|ember|inferno,sword,quick,swift|expose|strike|guard|cut|unity,balanced,balanced,0,0,1,1,6,6,0,11,0,15
loadout,fire,sustain,seed|spark|blaze|vine|ember|inferno,sword,quick,swift|expose|strike|guard|cut|unity,balanced,balanced,0,1,0,0,4,5,8,0,15,0
loadout,fire,sustain,seed|spark|blaze|vine|ember|inferno,sword,quick,swift|expose|strike|guard|cut|unity,balanced,balanced,1,0,1,1,6,6,0,6,0,10
loadout,fire,sustain,seed|spark|blaze|vine|ember|inferno,sword,quick,swift|expose|strike|guard|cut|unity,balanced,balanced,1,1,0,1,6,6,10,0,0,40
loadout,fire,sustain,seed|spark|blaze|vine|ember|inferno,sword,quick,swift|expose|strike|guard|cut|unity,balanced,balanced,2,0,0,0,7,8,75,0,58,0
loadout,fire,sustain,seed|spark|blaze|vine|ember|inferno,sword,quick,swift|expose|strike|guard|cut|unity,balanced,balanced,2,1,0,1,6,5,45,0,0,82
loadout,fire,sustain,seed|spark|blaze|vine|ember|inferno,sword,heavy,swift|expose|strike|guard|return|unity,balanced,balanced,0,0,1,0,6,7,0,15,8,0
loadout,fire,sustain,seed|spark|blaze|vine|ember|inferno,sword,heavy,swift|expose|strike|guard|return|unity,balanced,balanced,0,1,1,1,5,5,0,48,0,58
loadout,fire,sustain,seed|spark|blaze|vine|ember|inferno,sword,heavy,swift|expose|strike|guard|return|unity,balanced,balanced,1,0,1,1,6,6,0,44,0,76
loadout,fire,sustain,seed|spark|blaze|vine|ember|inferno,sword,heavy,swift|expose|strike|guard|return|unity,balanced,balanced,1,1,1,1,6,5,0,38,0,85
loadout,fire,sustain,seed|spark|blaze|vine|ember|inferno,sword,heavy,swift|expose|strike|guard|return|unity,balanced,balanced,2,0,0,1,8,6,14,0,0,67
loadout,fire,sustain,seed|spark|blaze|vine|ember|inferno,sword,heavy,swift|expose|strike|guard|return|unity,balanced,balanced,2,1,0,1,6,6,38,0,0,2
loadout,fire,sustain,seed|spark|blaze|vine|ember|nourish,sword,quick,swift|expose|strike|guard|cut|unity,balanced,balanced,0,0,0,1,7,7,74,0,0,14
loadout,fire,sustain,seed|spark|blaze|vine|ember|nourish,sword,quick,swift|expose|strike|guard|cut|unity,balanced,balanced,0,1,1,0,5,5,0,60,19,0
loadout,fire,sustain,seed|spark|blaze|vine|ember|nourish,sword,quick,swift|expose|strike|guard|cut|unity,balanced,balanced,1,0,0,0,8,7,116,0,140,0
loadout,fire,sustain,seed|spark|blaze|vine|ember|nourish,sword,quick,swift|expose|strike|guard|cut|unity,balanced,balanced,1,1,0,0,8,7,81,0,87,0
loadout,fire,sustain,seed|spark|blaze|vine|ember|nourish,sword,quick,swift|expose|strike|guard|cut|unity,balanced,balanced,2,0,0,0,5,7,176,0,140,0
loadout,fire,sustain,seed|spark|blaze|vine|ember|nourish,sword,quick,swift|expose|strike|guard|cut|unity,balanced,balanced,2,1,0,1,10,7,137,0,0,1
loadout,fire,sustain,seed|spark|blaze|vine|ember|nourish,sword,heavy,swift|expose|strike|guard|return|unity,balanced,balanced,0,0,0,0,8,8,84,0,94,0
loadout,fire,sustain,seed|spark|blaze|vine|ember|nourish,sword,heavy,swift|expose|strike|guard|return|unity,balanced,balanced,0,1,1,1,6,5,0,75,0,86
loadout,fire,sustain,seed|spark|blaze|vine|ember|nourish,sword,heavy,swift|expose|strike|guard|return|unity,balanced,balanced,1,0,0,0,7,8,53,0,70,0
loadout,fire,sustain,seed|spark|blaze|vine|ember|nourish,sword,heavy,swift|expose|strike|guard|return|unity,balanced,balanced,1,1,0,0,8,8,57,0,61,0
loadout,fire,sustain,seed|spark|blaze|vine|ember|nourish,sword,heavy,swift|expose|strike|guard|return|unity,balanced,balanced,2,0,0,0,7,7,53,0,78,0
loadout,fire,sustain,seed|spark|blaze|vine|ember|nourish,sword,heavy,swift|expose|strike|guard|return|unity,balanced,balanced,2,1,1,1,7,7,0,22,0,20
loadout,fire,sustain,seed|spark|blaze|heal|nourish|inferno,sword,quick,swift|expose|strike|guard|cut|unity,balanced,balanced,0,0,0,1,7,7,35,0,0,41
loadout,fire,sustain,seed|spark|blaze|heal|nourish|inferno,sword,quick,swift|expose|strike|guard|cut|unity,balanced,balanced,0,1,1,0,5,5,0,50,102,0
loadout,fire,sustain,seed|spark|blaze|heal|nourish|inferno,sword,quick,swift|expose|strike|guard|cut|unity,balanced,balanced,1,0,0,0,8,16,62,0,52,0
loadout,fire,sustain,seed|spark|blaze|heal|nourish|inferno,sword,quick,swift|expose|strike|guard|cut|unity,balanced,balanced,1,1,0,1,9,7,160,0,0,44
loadout,fire,sustain,seed|spark|blaze|heal|nourish|inferno,sword,quick,swift|expose|strike|guard|cut|unity,balanced,balanced,2,0,0,0,8,12,79,0,91,0
loadout,fire,sustain,seed|spark|blaze|heal|nourish|inferno,sword,quick,swift|expose|strike|guard|cut|unity,balanced,balanced,2,1,1,1,6,6,0,73,0,60
loadout,fire,sustain,seed|spark|blaze|heal|nourish|inferno,sword,heavy,swift|expose|strike|guard|return|unity,balanced,balanced,0,0,0,0,10,11,5,0,16,0
loadout,fire,sustain,seed|spark|blaze|heal|nourish|inferno,sword,heavy,swift|expose|strike|guard|return|unity,balanced,balanced,0,1,1,1,5,5,0,81,0,97
loadout,fire,sustain,seed|spark|blaze|heal|nourish|inferno,sword,heavy,swift|expose|strike|guard|return|unity,balanced,balanced,1,0,0,0,7,9,61,0,18,0
loadout,fire,sustain,seed|spark|blaze|heal|nourish|inferno,sword,heavy,swift|expose|strike|guard|return|unity,balanced,balanced,1,1,1,1,7,7,0,23,0,23
loadout,fire,sustain,seed|spark|blaze|heal|nourish|inferno,sword,heavy,swift|expose|strike|guard|return|unity,balanced,balanced,2,0,0,0,8,7,37,0,64,0
loadout,fire,sustain,seed|spark|blaze|heal|nourish|inferno,sword,heavy,swift|expose|strike|guard|return|unity,balanced,balanced,2,1,1,1,6,7,0,57,0,18
loadout,fire,sustain,seed|spark|blaze|heal|ember|inferno,sword,quick,swift|expose|strike|guard|cut|unity,balanced,balanced,0,0,1,0,6,11,0,33,22,0
loadout,fire,sustain,seed|spark|blaze|heal|ember|inferno,sword,quick,swift|expose|strike|guard|cut|unity,balanced,balanced,0,1,0,0,4,5,8,0,88,0
loadout,fire,sustain,seed|spark|blaze|heal|ember|inferno,sword,quick,swift|expose|strike|guard|cut|unity,balanced,balanced,1,0,0,0,7,16,28,0,52,0
loadout,fire,sustain,seed|spark|blaze|heal|ember|inferno,sword,quick,swift|expose|strike|guard|cut|unity,balanced,balanced,1,1,1,0,6,6,0,57,58,0
loadout,fire,sustain,seed|spark|blaze|heal|ember|inferno,sword,quick,swift|expose|strike|guard|cut|unity,balanced,balanced,2,0,0,0,7,11,45,0,89,0
loadout,fire,sustain,seed|spark|blaze|heal|ember|inferno,sword,quick,swift|expose|strike|guard|cut|unity,balanced,balanced,2,1,1,1,6,6,0,59,0,60
loadout,fire,sustain,seed|spark|blaze|heal|ember|inferno,sword,heavy,swift|expose|strike|guard|return|unity,balanced,balanced,0,0,1,0,9,11,0,6,16,0
loadout,fire,sustain,seed|spark|blaze|heal|ember|inferno,sword,heavy,swift|expose|strike|guard|return|unity,balanced,balanced,0,1,1,1,5,5,0,48,0,58
loadout,fire,sustain,seed|spark|blaze|heal|ember|inferno,sword,heavy,swift|expose|strike|guard|return|unity,balanced,balanced,1,0,0,0,7,7,33,0,50,0
loadout,fire,sustain,seed|spark|blaze|heal|ember|inferno,sword,heavy,swift|expose|strike|guard|return|unity,balanced,balanced,1,1,0,1,9,5,62,0,0,85
loadout,fire,sustain,seed|spark|blaze|heal|ember|inferno,sword,heavy,swift|expose|strike|guard|return|unity,balanced,balanced,2,0,0,0,8,7,53,0,50,0
loadout,fire,sustain,seed|spark|blaze|heal|ember|inferno,sword,heavy,swift|expose|strike|guard|return|unity,balanced,balanced,2,1,1,1,6,6,0,57,0,9
loadout,fire,sustain,seed|spark|blaze|heal|ember|nourish,sword,quick,swift|expose|strike|guard|cut|unity,balanced,balanced,0,0,0,0,7,8,35,0,6,0
loadout,fire,sustain,seed|spark|blaze|heal|ember|nourish,sword,quick,swift|expose|strike|guard|cut|unity,balanced,balanced,0,1,1,0,5,6,0,26,61,0
loadout,fire,sustain,seed|spark|blaze|heal|ember|nourish,sword,quick,swift|expose|strike|guard|cut|unity,balanced,balanced,1,0,0,0,8,16,62,0,52,0
loadout,fire,sustain,seed|spark|blaze|heal|ember|nourish,sword,quick,swift|expose|strike|guard|cut|unity,balanced,balanced,1,1,0,0,9,9,160,0,210,0
loadout,fire,sustain,seed|spark|blaze|heal|ember|nourish,sword,quick,swift|expose|strike|guard|cut|unity,balanced,balanced,2,0,0,0,8,12,79,0,93,0
loadout,fire,sustain,seed|spark|blaze|heal|ember|nourish,sword,quick,swift|expose|strike|guard|cut|unity,balanced,balanced,2,1,1,1,6,6,0,49,0,37
loadout,fire,sustain,seed|spark|blaze|heal|ember|nourish,sword,heavy,swift|expose|strike|guard|return|unity,balanced,balanced,0,0,0,0,9,11,16,0,16,0
loadout,fire,sustain,seed|spark|blaze|heal|ember|nourish,sword,heavy,swift|expose|strike|guard|return|unity,balanced,balanced,0,1,1,1,5,5,0,57,0,86
loadout,fire,sustain,seed|spark|blaze|heal|ember|nourish,sword,heavy,swift|expose|strike|guard|return|unity,balanced,balanced,1,0,0,0,7,9,61,0,18,0
loadout,fire,sustain,seed|spark|blaze|heal|ember|nourish,sword,heavy,swift|expose|strike|guard|return|unity,balanced,balanced,1,1,1,0,7,8,0,23,61,0
loadout,fire,sustain,seed|spark|blaze|heal|ember|nourish,sword,heavy,swift|expose|strike|guard|return|unity,balanced,balanced,2,0,0,0,8,7,37,0,64,0
loadout,fire,sustain,seed|spark|blaze|heal|ember|nourish,sword,heavy,swift|expose|strike|guard|return|unity,balanced,balanced,2,1,1,0,6,8,0,57,22,0
loadout,fire,sustain,seed|spark|blaze|heal|vine|inferno,sword,quick,swift|expose|strike|guard|cut|unity,balanced,balanced,0,0,1,0,6,11,0,33,22,0
loadout,fire,sustain,seed|spark|blaze|heal|vine|inferno,sword,quick,swift|expose|strike|guard|cut|unity,balanced,balanced,0,1,0,0,4,5,8,0,33,0
loadout,fire,sustain,seed|spark|blaze|heal|vine|inferno,sword,quick,swift|expose|strike|guard|cut|unity,balanced,balanced,1,0,0,0,7,16,28,0,52,0
loadout,fire,sustain,seed|spark|blaze|heal|vine|inferno,sword,quick,swift|expose|strike|guard|cut|unity,balanced,balanced,1,1,0,0,6,6,112,0,55,0
loadout,fire,sustain,seed|spark|blaze|heal|vine|inferno,sword,quick,swift|expose|strike|guard|cut|unity,balanced,balanced,2,0,0,0,7,11,45,0,87,0
loadout,fire,sustain,seed|spark|blaze|heal|vine|inferno,sword,quick,swift|expose|strike|guard|cut|unity,balanced,balanced,2,1,0,1,8,6,121,0,0,60
loadout,fire,sustain,seed|spark|blaze|heal|vine|inferno,sword,heavy,swift|expose|strike|guard|return|unity,balanced,balanced,0,0,1,0,9,11,0,6,16,0
loadout,fire,sustain,seed|spark|blaze|heal|vine|inferno,sword,heavy,swift|expose|strike|guard|return|unity,balanced,balanced,0,1,1,1,5,5,0,48,0,30
loadout,fire,sustain,seed|spark|blaze|heal|vine|inferno,sword,heavy,swift|expose|strike|guard|return|unity,balanced,balanced,1,0,0,0,7,7,33,0,50,0
loadout,fire,sustain,seed|spark|blaze|heal|vine|inferno,sword,heavy,swift|expose|strike|guard|return|unity,balanced,balanced,1,1,1,1,7,5,0,34,0,85
loadout,fire,sustain,seed|spark|blaze|heal|vine|inferno,sword,heavy,swift|expose|strike|guard|return|unity,balanced,balanced,2,0,0,0,8,7,53,0,50,0
loadout,fire,sustain,seed|spark|blaze|heal|vine|inferno,sword,heavy,swift|expose|strike|guard|return|unity,balanced,balanced,2,1,0,1,7,6,71,0,0,9
loadout,fire,sustain,seed|spark|blaze|heal|vine|nourish,sword,quick,swift|expose|strike|guard|cut|unity,balanced,balanced,0,0,0,0,7,8,35,0,4,0
loadout,fire,sustain,seed|spark|blaze|heal|vine|nourish,sword,quick,swift|expose|strike|guard|cut|unity,balanced,balanced,0,1,1,0,5,5,0,26,23,0
loadout,fire,sustain,seed|spark|blaze|heal|vine|nourish,sword,quick,swift|expose|strike|guard|cut|unity,balanced,balanced,1,0,0,0,8,16,62,0,52,0
loadout,fire,sustain,seed|spark|blaze|heal|vine|nourish,sword,quick,swift|expose|strike|guard|cut|unity,balanced,balanced,1,1,0,0,7,7,144,0,91,0
loadout,fire,sustain,seed|spark|blaze|heal|vine|nourish,sword,quick,swift|expose|strike|guard|cut|unity,balanced,balanced,2,0,0,0,8,12,79,0,91,0
loadout,fire,sustain,seed|spark|blaze|heal|vine|nourish,sword,quick,swift|expose|strike|guard|cut|unity,balanced,balanced,2,1,0,1,9,6,144,0,0,37
loadout,fire,sustain,seed|spark|blaze|heal|vine|nourish,sword,heavy,swift|expose|strike|guard|return|unity,balanced,balanced,0,0,0,0,9,11,16,0,16,0
loadout,fire,sustain,seed|spark|blaze|heal|vine|nourish,sword,heavy,swift|expose|strike|guard|return|unity,balanced,balanced,0,1,1,1,5,5,0,57,0,86
loadout,fire,sustain,seed|spark|blaze|heal|vine|nourish,sword,heavy,swift|expose|strike|guard|return|unity,balanced,balanced,1,0,0,0,7,9,61,0,18,0
loadout,fire,sustain,seed|spark|blaze|heal|vine|nourish,sword,heavy,swift|expose|strike|guard|return|unity,balanced,balanced,1,1,0,0,6,8,38,0,61,0
loadout,fire,sustain,seed|spark|blaze|heal|vine|nourish,sword,heavy,swift|expose|strike|guard|return|unity,balanced,balanced,2,0,0,0,8,7,37,0,64,0
loadout,fire,sustain,seed|spark|blaze|heal|vine|nourish,sword,heavy,swift|expose|strike|guard|return|unity,balanced,balanced,2,1,1,0,6,8,0,16,22,0
loadout,fire,sustain,seed|spark|blaze|heal|vine|ember,sword,quick,swift|expose|strike|guard|cut|unity,balanced,balanced,0,0,1,0,6,11,0,33,22,0
loadout,fire,sustain,seed|spark|blaze|heal|vine|ember,sword,quick,swift|expose|strike|guard|cut|unity,balanced,balanced,0,1,0,0,4,5,8,0,120,0
loadout,fire,sustain,seed|spark|blaze|heal|vine|ember,sword,quick,swift|expose|strike|guard|cut|unity,balanced,balanced,1,0,0,0,7,16,28,0,52,0
loadout,fire,sustain,seed|spark|blaze|heal|vine|ember,sword,quick,swift|expose|strike|guard|cut|unity,balanced,balanced,1,1,0,0,7,7,53,0,30,0
loadout,fire,sustain,seed|spark|blaze|heal|vine|ember,sword,quick,swift|expose|strike|guard|cut|unity,balanced,balanced,2,0,0,0,7,11,45,0,89,0
loadout,fire,sustain,seed|spark|blaze|heal|vine|ember,sword,quick,swift|expose|strike|guard|cut|unity,balanced,balanced,2,1,0,0,8,7,133,0,77,0
loadout,fire,sustain,seed|spark|blaze|heal|vine|ember,sword,heavy,swift|expose|strike|guard|return|unity,balanced,balanced,0,0,1,0,9,11,0,6,16,0
loadout,fire,sustain,seed|spark|blaze|heal|vine|ember,sword,heavy,swift|expose|strike|guard|return|unity,balanced,balanced,0,1,1,1,5,5,0,11,0,14
loadout,fire,sustain,seed|spark|blaze|heal|vine|ember,sword,heavy,swift|expose|strike|guard|return|unity,balanced,balanced,1,0,0,0,7,7,33,0,50,0
loadout,fire,sustain,seed|spark|blaze|heal|vine|ember,sword,heavy,swift|expose|strike|guard|return|unity,balanced,balanced,1,1,1,1,7,5,0,33,0,48
loadout,fire,sustain,seed|spark|blaze|heal|vine|ember,sword,heavy,swift|expose|strike|guard|return|unity,balanced,balanced,2,0,0,0,8,7,53,0,50,0
loadout,fire,sustain,seed|spark|blaze|heal|vine|ember,sword,heavy,swift|expose|strike|guard|return|unity,balanced,balanced,2,1,0,0,6,7,38,0,22,0
loadout,sword,quick,strike|guard|cut|lunge|return|unity,fire,ignite,seed|spark|blaze|heal|vine|inferno,balanced,balanced,0,0,0,1,7,6,26,0,0,41
loadout,sword,quick,strike|guard|cut|lunge|return|unity,fire,ignite,seed|spark|blaze|heal|vine|inferno,balanced,balanced,0,1,1,1,7,7,0,157,0,157
loadout,sword,quick,strike|guard|cut|lunge|return|unity,fire,ignite,seed|spark|blaze|heal|vine|inferno,balanced,balanced,1,0,1,1,9,8,0,111,0,40
loadout,sword,quick,strike|guard|cut|lunge|return|unity,fire,ignite,seed|spark|blaze|heal|vine|inferno,balanced,balanced,1,1,1,1,7,11,0,132,0,177
loadout,sword,quick,strike|guard|cut|lunge|return|unity,fire,ignite,seed|spark|blaze|heal|vine|inferno,balanced,balanced,2,0,1,1,7,8,0,75,0,87
loadout,sword,quick,strike|guard|cut|lunge|return|unity,fire,ignite,seed|spark|blaze|heal|vine|inferno,balanced,balanced,2,1,1,1,6,9,0,182,0,122
loadout,sword,quick,strike|guard|cut|lunge|return|unity,fire,sustain,seed|spark|blaze|heal|nourish|vine,balanced,balanced,0,0,1,1,11,6,0,158,0,9
loadout,sword,quick,strike|guard|cut|lunge|return|unity,fire,sustain,seed|spark|blaze|heal|nourish|vine,balanced,balanced,0,1,1,1,11,11,0,210,0,210
loadout,sword,quick,strike|guard|cut|lunge|return|unity,fire,sustain,seed|spark|blaze|heal|nourish|vine,balanced,balanced,1,0,1,1,12,7,0,120,0,43
loadout,sword,quick,strike|guard|cut|lunge|return|unity,fire,sustain,seed|spark|blaze|heal|nourish|vine,balanced,balanced,1,1,1,1,9,10,0,143,0,210
loadout,sword,quick,strike|guard|cut|lunge|return|unity,fire,sustain,seed|spark|blaze|heal|nourish|vine,balanced,balanced,2,0,1,1,13,8,0,205,0,69
loadout,sword,quick,strike|guard|cut|lunge|return|unity,fire,sustain,seed|spark|blaze|heal|nourish|vine,balanced,balanced,2,1,1,1,7,10,0,210,0,203
loadout,sword,quick,expose|guard|cut|lunge|return|unity,fire,ignite,seed|spark|blaze|heal|vine|inferno,balanced,balanced,0,0,1,1,6,8,0,149,0,41
loadout,sword,quick,expose|guard|cut|lunge|return|unity,fire,ignite,seed|spark|blaze|heal|vine|inferno,balanced,balanced,0,1,1,1,6,6,0,80,0,80
loadout,sword,quick,expose|guard|cut|lunge|return|unity,fire,ignite,seed|spark|blaze|heal|vine|inferno,balanced,balanced,1,0,1,1,6,8,0,147,0,210
loadout,sword,quick,expose|guard|cut|lunge|return|unity,fire,ignite,seed|spark|blaze|heal|vine|inferno,balanced,balanced,1,1,1,1,6,6,0,80,0,80
loadout,sword,quick,expose|guard|cut|lunge|return|unity,fire,ignite,seed|spark|blaze|heal|vine|inferno,balanced,balanced,2,0,1,1,6,8,0,147,0,58
loadout,sword,quick,expose|guard|cut|lunge|return|unity,fire,ignite,seed|spark|blaze|heal|vine|inferno,balanced,balanced,2,1,1,1,5,7,0,144,0,169
loadout,sword,quick,expose|guard|cut|lunge|return|unity,fire,sustain,seed|spark|blaze|heal|nourish|vine,balanced,balanced,0,0,1,1,7,8,0,52,0,46
loadout,sword,quick,expose|guard|cut|lunge|return|unity,fire,sustain,seed|spark|blaze|heal|nourish|vine,balanced,balanced,0,1,1,1,11,11,0,210,0,210
loadout,sword,quick,expose|guard|cut|lunge|return|unity,fire,sustain,seed|spark|blaze|heal|nourish|vine,balanced,balanced,1,0,1,1,11,8,0,188,0,135
loadout,sword,quick,expose|guard|cut|lunge|return|unity,fire,sustain,seed|spark|blaze|heal|nourish|vine,balanced,balanced,1,1,1,1,11,11,0,210,0,210
loadout,sword,quick,expose|guard|cut|lunge|return|unity,fire,sustain,seed|spark|blaze|heal|nourish|vine,balanced,balanced,2,0,1,1,11,11,0,133,0,94
loadout,sword,quick,expose|guard|cut|lunge|return|unity,fire,sustain,seed|spark|blaze|heal|nourish|vine,balanced,balanced,2,1,1,1,7,7,0,174,0,210
loadout,sword,quick,expose|strike|cut|lunge|return|unity,fire,ignite,seed|spark|blaze|heal|vine|inferno,balanced,balanced,0,0,1,1,4,4,0,7,0,7
loadout,sword,quick,expose|strike|cut|lunge|return|unity,fire,ignite,seed|spark|blaze|heal|vine|inferno,balanced,balanced,0,1,1,1,5,5,0,65,0,65
loadout,sword,quick,expose|strike|cut|lunge|return|unity,fire,ignite,seed|spark|blaze|heal|vine|inferno,balanced,balanced,1,0,1,0,4,6,0,48,43,0
loadout,sword,quick,expose|strike|cut|lunge|return|unity,fire,ignite,seed|spark|blaze|heal|vine|inferno,balanced,balanced,1,1,1,1,6,8,0,119,0,151
loadout,sword,quick,expose|strike|cut|lunge|return|unity,fire,ignite,seed|spark|blaze|heal|vine|inferno,balanced,balanced,2,0,1,0,5,7,0,157,39,0
loadout,sword,quick,expose|strike|cut|lunge|return|unity,fire,ignite,seed|spark|blaze|heal|vine|inferno,balanced,balanced,2,1,1,1,4,5,0,104,0,104
loadout,sword,quick,expose|strike|cut|lunge|return|unity,fire,sustain,seed|spark|blaze|heal|nourish|vine,balanced,balanced,0,0,1,1,6,5,0,14,0,57
loadout,sword,quick,expose|strike|cut|lunge|return|unity,fire,sustain,seed|spark|blaze|heal|nourish|vine,balanced,balanced,0,1,1,1,6,6,0,81,0,81
loadout,sword,quick,expose|strike|cut|lunge|return|unity,fire,sustain,seed|spark|blaze|heal|nourish|vine,balanced,balanced,1,0,1,1,5,5,0,100,0,75
loadout,sword,quick,expose|strike|cut|lunge|return|unity,fire,sustain,seed|spark|blaze|heal|nourish|vine,balanced,balanced,1,1,1,1,8,12,0,77,0,88
loadout,sword,quick,expose|strike|cut|lunge|return|unity,fire,sustain,seed|spark|blaze|heal|nourish|vine,balanced,balanced,2,0,1,1,5,6,0,65,0,32
loadout,sword,quick,expose|strike|cut|lunge|return|unity,fire,sustain,seed|spark|blaze|heal|nourish|vine,balanced,balanced,2,1,1,1,7,7,0,76,0,112
loadout,sword,quick,expose|strike|guard|lunge|return|unity,fire,ignite,seed|spark|blaze|heal|vine|inferno,balanced,balanced,0,0,1,1,6,6,0,149,0,65
loadout,sword,quick,expose|strike|guard|lunge|return|unity,fire,ignite,seed|spark|blaze|heal|vine|inferno,balanced,balanced,0,1,1,1,7,7,0,157,0,157
loadout,sword,quick,expose|strike|guard|lunge|return|unity,fire,ignite,seed|spark|blaze|heal|vine|inferno,balanced,balanced,1,0,1,1,6,8,0,147,0,130
loadout,sword,quick,expose|strike|guard|lunge|return|unity,fire,ignite,seed|spark|blaze|heal|vine|inferno,balanced,balanced,1,1,1,1,6,7,0,105,0,191
loadout,sword,quick,expose|strike|guard|lunge|return|unity,fire,ignite,seed|spark|blaze|heal|vine|inferno,balanced,balanced,2,0,1,1,6,6,0,147,0,78
loadout,sword,quick,expose|strike|guard|lunge|return|unity,fire,ignite,seed|spark|blaze|heal|vine|inferno,balanced,balanced,2,1,1,1,6,7,0,101,0,133
loadout,sword,quick,expose|strike|guard|lunge|return|unity,fire,sustain,seed|spark|blaze|heal|nourish|vine,balanced,balanced,0,0,1,0,13,10,0,84,5,0
loadout,sword,quick,expose|strike|guard|lunge|return|unity,fire,sustain,seed|spark|blaze|heal|nourish|vine,balanced,balanced,0,1,1,1,9,12,0,158,0,105
loadout,sword,quick,expose|strike|guard|lunge|return|unity,fire,sustain,seed|spark|blaze|heal|nourish|vine,balanced,balanced,1,0,1,1,11,8,0,159,0,173
loadout,sword,quick,expose|strike|guard|lunge|return|unity,fire,sustain,seed|spark|blaze|heal|nourish|vine,balanced,balanced,1,1,1,1,6,6,0,149,0,172
loadout,sword,quick,expose|strike|guard|lunge|return|unity,fire,sustain,seed|spark|blaze|heal|nourish|vine,balanced,balanced,2,0,1,1,11,9,0,129,0,53
loadout,sword,quick,expose|strike|guard|lunge|return|unity,fire,sustain,seed|spark|blaze|heal|nourish|vine,balanced,balanced,2,1,1,1,7,7,0,76,0,176
loadout,sword,quick,expose|strike|guard|cut|return|unity,fire,ignite,seed|spark|blaze|heal|vine|inferno,balanced,balanced,0,0,1,1,10,6,0,115,0,106
loadout,sword,quick,expose|strike|guard|cut|return|unity,fire,ignite,seed|spark|blaze|heal|vine|inferno,balanced,balanced,0,1,1,1,7,7,0,157,0,157
loadout,sword,quick,expose|strike|guard|cut|return|unity,fire,ignite,seed|spark|blaze|heal|vine|inferno,balanced,balanced,1,0,1,1,6,7,0,147,0,90
loadout,sword,quick,expose|strike|guard|cut|return|unity,fire,ignite,seed|spark|blaze|heal|vine|inferno,balanced,balanced,1,1,1,1,6,7,0,105,0,191
loadout,sword,quick,expose|strike|guard|cut|return|unity,fire,ignite,seed|spark|blaze|heal|vine|inferno,balanced,balanced,2,0,1,1,6,8,0,147,0,63
loadout,sword,quick,expose|strike|guard|cut|return|unity,fire,ignite,seed|spark|blaze|heal|vine|inferno,balanced,balanced,2,1,1,1,6,7,0,101,0,133
loadout,sword,quick,expose|strike|guard|cut|return|unity,fire,sustain,seed|spark|blaze|heal|nourish|vine,balanced,balanced,0,0,1,1,10,10,0,103,0,125
loadout,sword,quick,expose|strike|guard|cut|return|unity,fire,sustain,seed|spark|blaze|heal|nourish|vine,balanced,balanced,0,1,1,1,9,12,0,158,0,105
loadout,sword,quick,expose|strike|guard|cut|return|unity,fire,sustain,seed|spark|blaze|heal|nourish|vine,balanced,balanced,1,0,1,1,11,8,0,159,0,173
loadout,sword,quick,expose|strike|guard|cut|return|unity,fire,sustain,seed|spark|blaze|heal|nourish|vine,balanced,balanced,1,1,1,1,6,6,0,149,0,172
loadout,sword,quick,expose|strike|guard|cut|return|unity,fire,sustain,seed|spark|blaze|heal|nourish|vine,balanced,balanced,2,0,1,1,11,9,0,129,0,53
loadout,sword,quick,expose|strike|guard|cut|return|unity,fire,sustain,seed|spark|blaze|heal|nourish|vine,balanced,balanced,2,1,1,1,7,7,0,76,0,176
loadout,sword,quick,expose|strike|guard|cut|lunge|unity,fire,ignite,seed|spark|blaze|heal|vine|inferno,balanced,balanced,0,0,1,1,6,6,0,149,0,65
loadout,sword,quick,expose|strike|guard|cut|lunge|unity,fire,ignite,seed|spark|blaze|heal|vine|inferno,balanced,balanced,0,1,0,0,6,6,37,0,37,0
loadout,sword,quick,expose|strike|guard|cut|lunge|unity,fire,ignite,seed|spark|blaze|heal|vine|inferno,balanced,balanced,1,0,1,1,6,7,0,147,0,81
loadout,sword,quick,expose|strike|guard|cut|lunge|unity,fire,ignite,seed|spark|blaze|heal|vine|inferno,balanced,balanced,1,1,1,1,5,5,0,165,0,165
loadout,sword,quick,expose|strike|guard|cut|lunge|unity,fire,ignite,seed|spark|blaze|heal|vine|inferno,balanced,balanced,2,0,1,1,6,8,0,147,0,63
loadout,sword,quick,expose|strike|guard|cut|lunge|unity,fire,ignite,seed|spark|blaze|heal|vine|inferno,balanced,balanced,2,1,1,1,6,7,0,101,0,94
loadout,sword,quick,expose|strike|guard|cut|lunge|unity,fire,sustain,seed|spark|blaze|heal|nourish|vine,balanced,balanced,0,0,1,0,13,10,0,84,5,0
loadout,sword,quick,expose|strike|guard|cut|lunge|unity,fire,sustain,seed|spark|blaze|heal|nourish|vine,balanced,balanced,0,1,1,1,9,13,0,102,0,44
loadout,sword,quick,expose|strike|guard|cut|lunge|unity,fire,sustain,seed|spark|blaze|heal|nourish|vine,balanced,balanced,1,0,1,1,11,8,0,159,0,173
loadout,sword,quick,expose|strike|guard|cut|lunge|unity,fire,sustain,seed|spark|blaze|heal|nourish|vine,balanced,balanced,1,1,1,1,8,7,0,131,0,113
loadout,sword,quick,expose|strike|guard|cut|lunge|unity,fire,sustain,seed|spark|blaze|heal|nourish|vine,balanced,balanced,2,0,1,1,11,8,0,129,0,56
loadout,sword,quick,expose|strike|guard|cut|lunge|unity,fire,sustain,seed|spark|blaze|heal|nourish|vine,balanced,balanced,2,1,1,1,8,7,0,56,0,115
loadout,sword,quick,expose|strike|guard|cut|lunge|return,fire,ignite,seed|spark|blaze|heal|vine|inferno,balanced,balanced,0,0,1,0,9,6,0,30,90,0
loadout,sword,quick,expose|strike|guard|cut|lunge|return,fire,ignite,seed|spark|blaze|heal|vine|inferno,balanced,balanced,0,1,1,1,7,7,0,157,0,157
loadout,sword,quick,expose|strike|guard|cut|lunge|return,fire,ignite,seed|spark|blaze|heal|vine|inferno,balanced,balanced,1,0,1,0,8,9,0,36,78,0
loadout,sword,quick,expose|strike|guard|cut|lunge|return,fire,ignite,seed|spark|blaze|heal|vine|inferno,balanced,balanced,1,1,1,1,6,12,0,130,0,50
loadout,sword,quick,expose|strike|guard|cut|lunge|return,fire,ignite,seed|spark|blaze|heal|vine|inferno,balanced,balanced,2,0,1,0,12,5,0,101,68,0
loadout,sword,quick,expose|strike|guard|cut|lunge|return,fire,ignite,seed|spark|blaze|heal|vine|inferno,balanced,balanced,2,1,1,1,6,8,0,122,0,87
loadout,sword,quick,expose|strike|guard|cut|lunge|return,fire,sustain,seed|spark|blaze|heal|nourish|vine,balanced,balanced,0,0,1,1,12,9,0,112,0,7
loadout,sword,quick,expose|strike|guard|cut|lunge|return,fire,sustain,seed|spark|blaze|heal|nourish|vine,balanced,balanced,0,1,1,1,9,12,0,104,0,105
loadout,sword,quick,expose|strike|guard|cut|lunge|return,fire,sustain,seed|spark|blaze|heal|nourish|vine,balanced,balanced,1,0,1,1,13,13,0,181,0,8
loadout,sword,quick,expose|strike|guard|cut|lunge|return,fire,sustain,seed|spark|blaze|heal|nourish|vine,balanced,balanced,1,1,1,1,8,11,0,107,0,86
loadout,sword,quick,expose|strike|guard|cut|lunge|return,fire,sustain,seed|spark|blaze|heal|nourish|vine,balanced,balanced,2,0,1,1,11,9,0,183,0,22
loadout,sword,quick,expose|strike|guard|cut|lunge|return,fire,sustain,seed|spark|blaze|heal|nourish|vine,balanced,balanced,2,1,1,1,7,9,0,98,0,63
loadout,sword,quick,swift|guard|cut|lunge|return|unity,fire,ignite,seed|spark|blaze|heal|vine|inferno,balanced,balanced,0,0,0,1,5,5,14,0,0,17
loadout,sword,quick,swift|guard|cut|lunge|return|unity,fire,ignite,seed|spark|blaze|heal|vine|inferno,balanced,balanced,0,1,1,1,5,5,0,58,0,58
loadout,sword,quick,swift|guard|cut|lunge|return|unity,fire,ignite,seed|spark|blaze|heal|vine|inferno,balanced,balanced,1,0,1,1,7,7,0,53,0,68
loadout,sword,quick,swift|guard|cut|lunge|return|unity,fire,ignite,seed|spark|blaze|heal|vine|inferno,balanced,balanced,1,1,1,1,5,5,0,114,0,114
loadout,sword,quick,swift|guard|cut|lunge|return|unity,fire,ignite,seed|spark|blaze|heal|vine|inferno,balanced,balanced,2,0,1,1,6,6,0,123,0,9
loadout,sword,quick,swift|guard|cut|lunge|return|unity,fire,ignite,seed|spark|blaze|heal|vine|inferno,balanced,balanced,2,1,1,1,5,5,0,114,0,114
loadout,sword,quick,swift|guard|cut|lunge|return|unity,fire,sustain,seed|spark|blaze|heal|nourish|vine,balanced,balanced,0,0,1,1,6,6,0,105,0,39
loadout,sword,quick,swift|guard|cut|lunge|return|unity,fire,sustain,seed|spark|blaze|heal|nourish|vine,balanced,balanced,0,1,1,1,7,7,0,64,0,64
loadout,sword,quick,swift|guard|cut|lunge|return|unity,fire,sustain,seed|spark|blaze|heal|nourish|vine,balanced,balanced,1,0,1,1,9,7,0,128,0,72
loadout,sword,quick,swift|guard|cut|lunge|return|unity,fire,sustain,seed|spark|blaze|heal|nourish|vine,balanced,balanced,1,1,1,1,7,7,0,148,0,148
loadout,sword,quick,swift|guard|cut|lunge|return|unity,fire,sustain,seed|spark|blaze|heal|nourish|vine,balanced,balanced,2,0,1,1,7,7,0,133,0,62
loadout,sword,quick,swift|guard|cut|lunge|return|unity,fire,sustain,seed|spark|blaze|heal|nourish|vine,balanced,balanced,2,1,1,1,7,8,0,148,0,144
loadout,sword,quick,swift|strike|cut|lunge|return|unity,fire,ignite,seed|spark|blaze|heal|vine|inferno,balanced,balanced,0,0,0,1,5,5,3,0,0,5
loadout,sword,quick,swift|strike|cut|lunge|return|unity,fire,ignite,seed|spark|blaze|heal|vine|inferno,balanced,balanced,0,1,1,1,5,5,0,58,0,58
loadout,sword,quick,swift|strike|cut|lunge|return|unity,fire,ignite,seed|spark|blaze|heal|vine|inferno,balanced,balanced,1,0,0,1,5,5,8,0,0,54
loadout,sword,quick,swift|strike|cut|lunge|return|unity,fire,ignite,seed|spark|blaze|heal|vine|inferno,balanced,balanced,1,1,1,1,7,7,0,38,0,106
loadout,sword,quick,swift|strike|cut|lunge|return|unity,fire,ignite,seed|spark|blaze|heal|vine|inferno,balanced,balanced,2,0,0,0,4,5,101,0,56,0
loadout,sword,quick,swift|strike|cut|lunge|return|unity,fire,ignite,seed|spark|blaze|heal|vine|inferno,balanced,balanced,2,1,1,1,5,5,0,89,0,63
loadout,sword,quick,swift|strike|cut|lunge|return|unity,fire,sustain,seed|spark|blaze|heal|nourish|vine,balanced,balanced,0,0,1,1,5,6,0,44,0,55
loadout,sword,quick,swift|strike|cut|lunge|return|unity,fire,sustain,seed|spark|blaze|heal|nourish|vine,balanced,balanced,0,1,1,1,7,7,0,64,0,64
loadout,sword,quick,swift|strike|cut|lunge|return|unity,fire,sustain,seed|spark|blaze|heal|nourish|vine,balanced,balanced,1,0,1,1,6,6,0,4,0,74
loadout,sword,quick,swift|strike|cut|lunge|return|unity,fire,sustain,seed|spark|blaze|heal|nourish|vine,balanced,balanced,1,1,1,1,8,10,0,58,0,71
loadout,sword,quick,swift|strike|cut|lunge|return|unity,fire,sustain,seed|spark|blaze|heal|nourish|vine,balanced,balanced,2,0,0,1,6,5,14,0,0,8
loadout,sword,quick,swift|strike|cut|lunge|return|unity,fire,sustain,seed|spark|blaze|heal|nourish|vine,balanced,balanced,2,1,1,1,8,8,0,58,0,102
loadout,sword,quick,swift|strike|guard|lunge|return|unity,fire,ignite,seed|spark|blaze|heal|vine|inferno,balanced,balanced,0,0,0,1,5,5,14,0,0,11
loadout,sword,quick,swift|strike|guard|lunge|return|unity,fire,ignite,seed|spark|blaze|heal|vine|inferno,balanced,balanced,0,1,1,1,5,5,0,58,0,58
loadout,sword,quick,swift|strike|guard|lunge|return|unity,fire,ignite,seed|spark|blaze|heal|vine|inferno,balanced,balanced,1,0,0,1,7,6,20,0,0,79
loadout,sword,quick,swift|strike|guard|lunge|return|unity,fire,ignite,seed|spark|blaze|heal|vine|inferno,balanced,balanced,1,1,1,1,7,7,0,38,0,106
loadout,sword,quick,swift|strike|guard|lunge|return|unity,fire,ignite,seed|spark|blaze|heal|vine|inferno,balanced,balanced,2,0,0,0,6,5,46,0,61,0
loadout,sword,quick,swift|strike|guard|lunge|return|unity,fire,ignite,seed|spark|blaze|heal|vine|inferno,balanced,balanced,2,1,1,1,5,5,0,89,0,63
loadout,sword,quick,swift|strike|guard|lunge|return|unity,fire,sustain,seed|spark|blaze|heal|nourish|vine,balanced,balanced,0,0,1,1,6,6,0,99,0,55
loadout,sword,quick,swift|strike|guard|lunge|return|unity,fire,sustain,seed|spark|blaze|heal|nourish|vine,balanced,balanced,0,1,1,1,7,7,0,64,0,64
loadout,sword,quick,swift|strike|guard|lunge|return|unity,fire,sustain,seed|spark|blaze|heal|nourish|vine,balanced,balanced,1,0,1,0,9,7,0,129,19,0
loadout,sword,quick,swift|strike|guard|lunge|return|unity,fire,sustain,seed|spark|blaze|heal|nourish|vine,balanced,balanced,1,1,1,1,8,10,0,58,0,71
loadout,sword,quick,swift|strike|guard|lunge|return|unity,fire,sustain,seed|spark|blaze|heal|nourish|vine,balanced,balanced,2,0,1,0,8,7,0,32,21,0
loadout,sword,quick,swift|strike|guard|lunge|return|unity,fire,sustain,seed|spark|blaze|heal|nourish|vine,balanced,balanced,2,1,1,1,8,8,0,58,0,102
loadout,sword,quick,swift|strike|guard|cut|return|unity,fire,ignite,seed|spark|blaze|heal|vine|inferno,balanced,balanced,0,0,1,1,4,8,0,22,0,87
loadout,sword,quick,swift|strike|guard|cut|return|unity,fire,ignite,seed|spark|blaze|heal|vine|inferno,balanced,balanced,0,1,1,1,5,5,0,114,0,114
loadout,sword,quick,swift|strike|guard|cut|return|unity,fire,ignite,seed|spark|blaze|heal|vine|inferno,balanced,balanced,1,0,0,1,7,5,20,0,0,39
loadout,sword,quick,swift|strike|guard|cut|return|unity,fire,ignite,seed|spark|blaze|heal|vine|inferno,balanced,balanced,1,1,1,1,7,7,0,38,0,106
loadout,sword,quick,swift|strike|guard|cut|return|unity,fire,ignite,seed|spark|blaze|heal|vine|inferno,balanced,balanced,2,0,0,0,6,5,46,0,61,0
loadout,sword,quick,swift|strike|guard|cut|return|unity,fire,ignite,seed|spark|blaze|heal|vine|inferno,balanced,balanced,2,1,1,1,5,5,0,89,0,63
loadout,sword,quick,swift|strike|guard|cut|return|unity,fire,sustain,seed|spark|blaze|heal|nourish|vine,balanced,balanced,0,0,0,1,5,5,54,0,0,23
loadout,sword,quick,swift|strike|guard|cut|return|unity,fire,sustain,seed|spark|blaze|heal|nourish|vine,balanced,balanced,0,1,1,1,7,7,0,98,0,98
loadout,sword,quick,swift|strike|guard|cut|return|unity,fire,sustain,seed|spark|blaze|heal|nourish|vine,balanced,balanced,1,0,1,0,9,7,0,129,19,0
loadout,sword,quick,swift|strike|guard|cut|return|unity,fire,sustain,seed|spark|blaze|heal|nourish|vine,balanced,balanced,1,1,1,1,8,10,0,58,0,71
loadout,sword,quick,swift|strike|guard|cut|return|unity,fire,sustain,seed|spark|blaze|heal|nourish|vine,balanced,balanced,2,0,1,0,8,7,0,32,21,0
loadout,sword,quick,swift|strike|guard|cut|return|unity,fire,sustain,seed|spark|blaze|heal|nourish|vine,balanced,balanced,2,1,1,1,8,8,0,58,0,102
loadout,sword,quick,swift|strike|guard|cut|lunge|unity,fire,ignite,seed|spark|blaze|heal|vine|inferno,balanced,balanced,0,0,0,1,5,5,14,0,0,11
loadout,sword,quick,swift|strike|guard|cut|lunge|unity,fire,ignite,seed|spark|blaze|heal|vine|inferno,balanced,balanced,0,1,1,1,5,5,0,58,0,58
loadout,sword,quick,swift|strike|guard|cut|lunge|unity,fire,ignite,seed|spark|blaze|heal|vine|inferno,balanced,balanced,1,0,0,1,7,5,20,0,0,39
loadout,sword,quick,swift|strike|guard|cut|lunge|unity,fire,ignite,seed|spark|blaze|heal|vine|inferno,balanced,balanced,1,1,1,1,7,7,0,38,0,106
loadout,sword,quick,swift|strike|guard|cut|lunge|unity,fire,ignite,seed|spark|blaze|heal|vine|inferno,balanced,balanced,2,0,0,0,6,5,46,0,61,0
loadout,sword,quick,swift|strike|guard|cut|lunge|unity,fire,ignite,seed|spark|blaze|heal|vine|inferno,balanced,balanced,2,1,1,1,5,5,0,89,0,63
loadout,sword,quick,swift|strike|guard|cut|lunge|unity,fire,sustain,seed|spark|blaze|heal|nourish|vine,balanced,balanced,0,0,1,1,6,6,0,99,0,55
loadout,sword,quick,swift|strike|guard|cut|lunge|unity,fire,sustain,seed|spark|blaze|heal|nourish|vine,balanced,balanced,0,1,1,1,7,7,0,64,0,64
loadout,sword,quick,swift|strike|guard|cut|lunge|unity,fire,sustain,seed|spark|blaze|heal|nourish|vine,balanced,balanced,1,0,1,0,9,7,0,129,19,0
loadout,sword,quick,swift|strike|guard|cut|lunge|unity,fire,sustain,seed|spark|blaze|heal|nourish|vine,balanced,balanced,1,1,1,1,8,10,0,58,0,71
loadout,sword,quick,swift|strike|guard|cut|lunge|unity,fire,sustain,seed|spark|blaze|heal|nourish|vine,balanced,balanced,2,0,1,1,8,6,0,32,0,28
loadout,sword,quick,swift|strike|guard|cut|lunge|unity,fire,sustain,seed|spark|blaze|heal|nourish|vine,balanced,balanced,2,1,1,1,8,8,0,58,0,102
loadout,sword,quick,swift|strike|guard|cut|lunge|return,fire,ignite,seed|spark|blaze|heal|vine|inferno,balanced,balanced,0,0,1,0,5,5,0,18,26,0
loadout,sword,quick,swift|strike|guard|cut|lunge|return,fire,ignite,seed|spark|blaze|heal|vine|inferno,balanced,balanced,0,1,1,1,5,5,0,58,0,58
loadout,sword,quick,swift|strike|guard|cut|lunge|return,fire,ignite,seed|spark|blaze|heal|vine|inferno,balanced,balanced,1,0,0,0,7,6,19,0,49,0
loadout,sword,quick,swift|strike|guard|cut|lunge|return,fire,ignite,seed|spark|blaze|heal|vine|inferno,balanced,balanced,1,1,1,1,7,7,0,106,0,106
loadout,sword,quick,swift|strike|guard|cut|lunge|return,fire,ignite,seed|spark|blaze|heal|vine|inferno,balanced,balanced,2,0,0,0,6,5,46,0,40,0
loadout,sword,quick,swift|strike|guard|cut|lunge|return,fire,ignite,seed|spark|blaze|heal|vine|inferno,balanced,balanced,2,1,1,1,5,7,0,89,0,84
loadout,sword,quick,swift|strike|guard|cut|lunge|return,fire,sustain,seed|spark|blaze|heal|nourish|vine,balanced,balanced,0,0,1,1,11,8,0,162,0,60
loadout,sword,quick,swift|strike|guard|cut|lunge|return,fire,sustain,seed|spark|blaze|heal|nourish|vine,balanced,balanced,0,1,1,1,7,7,0,64,0,64
loadout,sword,quick,swift|strike|guard|cut|lunge|return,fire,sustain,seed|spark|blaze|heal|nourish|vine,balanced,balanced,1,0,1,1,11,8,0,131,0,70
loadout,sword,quick,swift|strike|guard|cut|lunge|return,fire,sustain,seed|spark|blaze|heal|nourish|vine,balanced,balanced,1,1,1,1,8,10,0,58,0,34
loadout,sword,quick,swift|strike|guard|cut|lunge|return,fire,sustain,seed|spark|blaze|heal|nourish|vine,balanced,balanced,2,0,1,1,12,9,0,164,0,89
loadout,sword,quick,swift|strike|guard|cut|lunge|return,fire,sustain,seed|spark|blaze|heal|nourish|vine,balanced,balanced,2,1,1,1,8,8,0,58,0,102
loadout,sword,quick,swift|expose|cut|lunge|return|unity,fire,ignite,seed|spark|blaze|heal|vine|inferno,balanced,balanced,0,0,1,1,4,4,0,89,0,65
loadout,sword,quick,swift|expose|cut|lunge|return|unity,fire,ignite,seed|spark|blaze|heal|vine|inferno,balanced,balanced,0,1,1,1,5,5,0,58,0,58
loadout,sword,quick,swift|expose|cut|lunge|return|unity,fire,ignite,seed|spark|blaze|heal|vine|inferno,balanced,balanced,1,0,1,1,5,5,0,88,0,39
loadout,sword,quick,swift|expose|cut|lunge|return|unity,fire,ignite,seed|spark|blaze|heal|vine|inferno,balanced,balanced,1,1,1,1,5,5,0,114,0,114
loadout,sword,quick,swift|expose|cut|lunge|return|unity,fire,ignite,seed|spark|blaze|heal|vine|inferno,balanced,balanced,2,0,1,1,5,5,0,95,0,110
loadout,sword,quick,swift|expose|cut|lunge|return|unity,fire,ignite,seed|spark|blaze|heal|vine|inferno,balanced,balanced,2,1,1,1,5,5,0,114,0,114
loadout,sword,quick,swift|expose|cut|lunge|return|unity,fire,sustain,seed|spark|blaze|heal|nourish|vine,balanced,balanced,0,0,1,1,5,5,0,101,0,36
loadout,sword,quick,swift|expose|cut|lunge|return|unity,fire,sustain,seed|spark|blaze|heal|nourish|vine,balanced,balanced,0,1,1,1,7,7,0,64,0,64
loadout,sword,quick,swift|expose|cut|lunge|return|unity,fire,sustain,seed|spark|blaze|heal|nourish|vine,balanced,balanced,1,0,1,1,5,6,0,77,0,115
loadout,sword,quick,swift|expose|cut|lunge|return|unity,fire,sustain,seed|spark|blaze|heal|nourish|vine,balanced,balanced,1,1,1,1,7,7,0,148,0,148
loadout,sword,quick,swift|expose|cut|lunge|return|unity,fire,sustain,seed|spark|blaze|heal|nourish|vine,balanced,balanced,2,0,1,0,5,6,0,76,12,0
loadout,sword,quick,swift|expose|cut|lunge|return|unity,fire,sustain,seed|spark|blaze|heal|nourish|vine,balanced,balanced,2,1,1,1,7,8,0,148,0,144
loadout,sword,quick,swift|expose|guard|lunge|return|unity,fire,ignite,seed|spark|blaze|heal|vine|inferno,balanced,balanced,0,0,1,1,4,4,0,89,0,65
loadout,sword,quick,swift|expose|guard|lunge|return|unity,fire,ignite,seed|spark|blaze|heal|vine|inferno,balanced,balanced,0,1,1,1,5,5,0,58,0,58
loadout,sword,quick,swift|expose|guard|lunge|return|unity,fire,ignite,seed|spark|blaze|heal|vine|inferno,balanced,balanced,1,0,1,1,7,5,0,111,0,104
loadout,sword,quick,swift|expose|guard|lunge|return|unity,fire,ignite,seed|spark|blaze|heal|vine|inferno,balanced,balanced,1,1,1,1,5,5,0,114,0,114
loadout,sword,quick,swift|expose|guard|lunge|return|unity,fire,ignite,seed|spark|blaze|heal|vine|inferno,balanced,balanced,2,0,1,0,6,6,0,111,53,0
loadout,sword,quick,swift|expose|guard|lunge|return|unity,fire,ignite,seed|spark|blaze|heal|vine|inferno,balanced,balanced,2,1,1,1,5,5,0,114,0,114
loadout,sword,quick,swift|expose|guard|lunge|return|unity,fire,sustain,seed|spark|blaze|heal|nourish|vine,balanced,balanced,0,0,1,1,5,5,0,101,0,76
loadout,sword,quick,swift|expose|guard|lunge|return|unity,fire,sustain,seed|spark|blaze|heal|nourish|vine,balanced,balanced,0,1,1,1,7,7,0,64,0,64
loadout,sword,quick,swift|expose|guard|lunge|return|unity,fire,sustain,seed|spark|blaze|heal|nourish|vine,balanced,balanced,1,0,1,1,6,7,0,34,0,138
loadout,sword,quick,swift|expose|guard|lunge|return|unity,fire,sustain,seed|spark|blaze|heal|nourish|vine,balanced,balanced,1,1,1,1,7,7,0,148,0,148
loadout,sword,quick,swift|expose|guard|lunge|return|unity,fire,sustain,seed|spark|blaze|heal|nourish|vine,balanced,balanced,2,0,1,1,7,6,0,125,0,88
loadout,sword,quick,swift|expose|guard|lunge|return|unity,fire,sustain,seed|spark|blaze|heal|nourish|vine,balanced,balanced,2,1,1,1,7,8,0,148,0,144
loadout,sword,quick,swift|expose|guard|cut|return|unity,fire,ignite,seed|spark|blaze|heal|vine|inferno,balanced,balanced,0,0,1,1,4,5,0,103,0,91
loadout,sword,quick,swift|expose|guard|cut|return|unity,fire,ignite,seed|spark|blaze|heal|vine|inferno,balanced,balanced,0,1,1,1,5,5,0,114,0,114
loadout,sword,quick,swift|expose|guard|cut|return|unity,fire,ignite,seed|spark|blaze|heal|vine|inferno,balanced,balanced,1,0,1,1,7,6,0,111,0,89
loadout,sword,quick,swift|expose|guard|cut|return|unity,fire,ignite,seed|spark|blaze|heal|vine|inferno,balanced,balanced,1,1,1,1,5,5,0,114,0,114
loadout,sword,quick,swift|expose|guard|cut|return|unity,fire,ignite,seed|spark|blaze|heal|vine|inferno,balanced,balanced,2,0,1,0,6,6,0,111,13,0
loadout,sword,quick,swift|expose|guard|cut|return|unity,fire,ignite,seed|spark|blaze|heal|vine|inferno,balanced,balanced,2,1,1,1,5,5,0,114,0,114
loadout,sword,quick,swift|expose|guard|cut|return|unity,fire,sustain,seed|spark|blaze|heal|nourish|vine,balanced,balanced,0,0,1,1,5,6,0,115,0,166
loadout,sword,quick,swift|expose|guard|cut|return|unity,fire,sustain,seed|spark|blaze|heal|nourish|vine,balanced,balanced,0,1,1,1,7,7,0,148,0,148
loadout,sword,quick,swift|expose|guard|cut|return|unity,fire,sustain,seed|spark|blaze|heal|nourish|vine,balanced,balanced,1,0,1,1,6,7,0,34,0,138
loadout,sword,quick,swift|expose|guard|cut|return|unity,fire,sustain,seed|spark|blaze|heal|nourish|vine,balanced,balanced,1,1,1,1,7,7,0,148,0,148
loadout,sword,quick,swift|expose|guard|cut|return|unity,fire,sustain,seed|spark|blaze|heal|nourish|vine,balanced,balanced,2,0,1,1,7,6,0,125,0,88
loadout,sword,quick,swift|expose|guard|cut|return|unity,fire,sustain,seed|spark|blaze|heal|nourish|vine,balanced,balanced,2,1,1,1,7,8,0,148,0,144
loadout,sword,quick,swift|expose|guard|cut|lunge|unity,fire,ignite,seed|spark|blaze|heal|vine|inferno,balanced,balanced,0,0,1,1,4,4,0,89,0,65
loadout,sword,quick,swift|expose|guard|cut|lunge|unity,fire,ignite,seed|spark|blaze|heal|vine|inferno,balanced,balanced,0,1,1,1,5,5,0,58,0,58
loadout,sword,quick,swift|expose|guard|cut|lunge|unity,fire,ignite,seed|spark|blaze|heal|vine|inferno,balanced,balanced,1,0,1,1,7,6,0,111,0,89
loadout,sword,quick,swift|expose|guard|cut|lunge|unity,fire,ignite,seed|spark|blaze|heal|vine|inferno,balanced,balanced,1,1,1,1,5,5,0,114,0,114
loadout,sword,quick,swift|expose|guard|cut|lunge|unity,fire,ignite,seed|spark|blaze|heal|vine|inferno,balanced,balanced,2,0,1,0,7,6,0,136,13,0
loadout,sword,quick,swift|expose|guard|cut|lunge|unity,fire,ignite,seed|spark|blaze|heal|vine|inferno,balanced,balanced,2,1,1,1,5,5,0,114,0,114
loadout,sword,quick,swift|expose|guard|cut|lunge|unity,fire,sustain,seed|spark|blaze|heal|nourish|vine,balanced,balanced,0,0,1,1,5,5,0,101,0,76
loadout,sword,quick,swift|expose|guard|cut|lunge|unity,fire,sustain,seed|spark|blaze|heal|nourish|vine,balanced,balanced,0,1,1,1,7,7,0,64,0,64
loadout,sword,quick,swift|expose|guard|cut|lunge|unity,fire,sustain,seed|spark|blaze|heal|nourish|vine,balanced,balanced,1,0,1,1,6,7,0,42,0,138
loadout,sword,quick,swift|expose|guard|cut|lunge|unity,fire,sustain,seed|spark|blaze|heal|nourish|vine,balanced,balanced,1,1,1,1,7,7,0,148,0,148
loadout,sword,quick,swift|expose|guard|cut|lunge|unity,fire,sustain,seed|spark|blaze|heal|nourish|vine,balanced,balanced,2,0,1,1,7,6,0,125,0,96
loadout,sword,quick,swift|expose|guard|cut|lunge|unity,fire,sustain,seed|spark|blaze|heal|nourish|vine,balanced,balanced,2,1,1,1,7,8,0,148,0,144
loadout,sword,quick,swift|expose|guard|cut|lunge|return,fire,ignite,seed|spark|blaze|heal|vine|inferno,balanced,balanced,0,0,1,0,9,5,0,54,53,0
loadout,sword,quick,swift|expose|guard|cut|lunge|return,fire,ignite,seed|spark|blaze|heal|vine|inferno,balanced,balanced,0,1,1,1,5,5,0,58,0,58
loadout,sword,quick,swift|expose|guard|cut|lunge|return,fire,ignite,seed|spark|blaze|heal|vine|inferno,balanced,balanced,1,0,1,1,6,8,0,74,0,100
loadout,sword,quick,swift|expose|guard|cut|lunge|return,fire,ignite,seed|spark|blaze|heal|vine|inferno,balanced,balanced,1,1,1,1,5,5,0,114,0,114
loadout,sword,quick,swift|expose|guard|cut|lunge|return,fire,ignite,seed|spark|blaze|heal|vine|inferno,balanced,balanced,2,0,1,1,6,6,0,89,0,44
loadout,sword,quick,swift|expose|guard|cut|lunge|return,fire,ignite,seed|spark|blaze|heal|vine|inferno,balanced,balanced,2,1,1,1,5,5,0,114,0,114
loadout,sword,quick,swift|expose|guard|cut|lunge|return,fire,sustain,seed|spark|blaze|heal|nourish|vine,balanced,balanced,0,0,1,1,11,7,0,167,0,57
loadout,sword,quick,swift|expose|guard|cut|lunge|return,fire,sustain,seed|spark|blaze|heal|nourish|vine,balanced,balanced,0,1,1,1,7,7,0,64,0,64
loadout,sword,quick,swift|expose|guard|cut|lunge|return,fire,sustain,seed|spark|blaze|heal|nourish|vine,balanced,balanced,1,0,1,1,12,7,0,171,0,117
loadout,sword,quick,swift|expose|guard|cut|lunge|return,fire,sustain,seed|spark|blaze|heal|nourish|vine,balanced,balanced,1,1,1,1,7,7,0,148,0,148
loadout,sword,quick,swift|expose|guard|cut|lunge|return,fire,sustain,seed|spark|blaze|heal|nourish|vine,balanced,balanced,2,0,1,1,12,7,0,190,0,135
loadout,sword,quick,swift|expose|guard|cut|lunge|return,fire,sustain,seed|spark|blaze|heal|nourish|vine,balanced,balanced,2,1,1,1,7,8,0,148,0,144
loadout,sword,quick,swift|expose|strike|lunge|return|unity,fire,ignite,seed|spark|blaze|heal|vine|inferno,balanced,balanced,0,0,0,0,4,4,67,0,83,0
loadout,sword,quick,swift|expose|strike|lunge|return|unity,fire,ignite,seed|spark|blaze|heal|vine|inferno,balanced,balanced,0,1,1,1,5,5,0,58,0,58
loadout,sword,quick,swift|expose|strike|lunge|return|unity,fire,ignite,seed|spark|blaze|heal|vine|inferno,balanced,balanced,1,0,1,0,5,5,0,59,47,0
loadout,sword,quick,swift|expose|strike|lunge|return|unity,fire,ignite,seed|spark|blaze|heal|vine|inferno,balanced,balanced,1,1,1,1,6,6,0,55,0,55
loadout,sword,quick,swift|expose|strike|lunge|return|unity,fire,ignite,seed|spark|blaze|heal|vine|inferno,balanced,balanced,2,0,0,0,4,5,85,0,56,0
loadout,sword,quick,swift|expose|strike|lunge|return|unity,fire,ignite,seed|spark|blaze|heal|vine|inferno,balanced,balanced,2,1,1,1,5,7,0,109,0,128
loadout,sword,quick,swift|expose|strike|lunge|return|unity,fire,sustain,seed|spark|blaze|heal|nourish|vine,balanced,balanced,0,0,1,0,5,5,0,101,8,0
loadout,sword,quick,swift|expose|strike|lunge|return|unity,fire,sustain,seed|spark|blaze|heal|nourish|vine,balanced,balanced,0,1,1,0,8,8,0,11,22,0
loadout,sword,quick,swift|expose|strike|lunge|return|unity,fire,sustain,seed|spark|blaze|heal|nourish|vine,balanced,balanced,1,0,1,1,5,6,0,22,0,115
loadout,sword,quick,swift|expose|strike|lunge|return|unity,fire,sustain,seed|spark|blaze|heal|nourish|vine,balanced,balanced,1,1,1,1,8,16,0,62,0,52
loadout,sword,quick,swift|expose|strike|lunge|return|unity,fire,sustain,seed|spark|blaze|heal|nourish|vine,balanced,balanced,2,0,0,0,5,5,26,0,39,0
loadout,sword,quick,swift|expose|strike|lunge|return|unity,fire,sustain,seed|spark|blaze|heal|nourish|vine,balanced,balanced,2,1,1,1,8,12,0,79,0,91
loadout,sword,quick,swift|expose|strike|cut|return|unity,fire,ignite,seed|spark|blaze|heal|vine|inferno,balanced,balanced,0,0,0,1,4,4,15,0,0,46
loadout,sword,quick,swift|expose|strike|cut|return|unity,fire,ignite,seed|spark|blaze|heal|vine|inferno,balanced,balanced,0,1,1,1,5,5,0,61,0,61
loadout,sword,quick,swift|expose|strike|cut|return|unity,fire,ignite,seed|spark|blaze|heal|vine|inferno,balanced,balanced,1,0,1,0,5,5,0,59,47,0
loadout,sword,quick,swift|expose|strike|cut|return|unity,fire,ignite,seed|spark|blaze|heal|vine|inferno,balanced,balanced,1,1,1,1,6,6,0,55,0,55
loadout,sword,quick,swift|expose|strike|cut|return|unity,fire,ignite,seed|spark|blaze|heal|vine|inferno,balanced,balanced,2,0,0,0,4,5,85,0,56,0
loadout,sword,quick,swift|expose|strike|cut|return|unity,fire,ignite,seed|spark|blaze|heal|vine|inferno,balanced,balanced,2,1,1,1,5,7,0,109,0,128
loadout,sword,quick,swift|expose|strike|cut|return|unity,fire,sustain,seed|spark|blaze|heal|nourish|vine,balanced,balanced,0,0,0,1,5,5,26,0,0,23
loadout,sword,quick,swift|expose|strike|cut|return|unity,fire,sustain,seed|spark|blaze|heal|nourish|vine,balanced,balanced,0,1,1,1,7,8,0,35,0,4
loadout,sword,quick,swift|expose|strike|cut|return|unity,fire,sustain,seed|spark|blaze|heal|nourish|vine,balanced,balanced,1,0,1,1,5,6,0,22,0,115
loadout,sword,quick,swift|expose|strike|cut|return|unity,fire,sustain,seed|spark|blaze|heal|nourish|vine,balanced,balanced,1,1,1,1,8,16,0,62,0,52
loadout,sword,quick,swift|expose|strike|cut|return|unity,fire,sustain,seed|spark|blaze|heal|nourish|vine,balanced,balanced,2,0,0,0,5,5,26,0,39,0
loadout,sword,quick,swift|expose|strike|cut|return|unity,fire,sustain,seed|spark|blaze|heal|nourish|vine,balanced,balanced,2,1,1,1,8,12,0,79,0,91
loadout,sword,quick,swift|expose|strike|cut|lunge|unity,fire,ignite,seed|spark|blaze|heal|vine|inferno,balanced,balanced,0,0,0,0,4,4,67,0,83,0
loadout,sword,quick,swift|expose|strike|cut|lunge|unity,fire,ignite,seed|spark|blaze|heal|vine|inferno,balanced,balanced,0,1,1,1,5,5,0,58,0,58
loadout,sword,quick,swift|expose|strike|cut|lunge|unity,fire,ignite,seed|spark|blaze|heal|vine|inferno,balanced,balanced,1,0,1,0,5,5,0,59,47,0
loadout,sword,quick,swift|expose|strike|cut|lunge|unity,fire,ignite,seed|spark|blaze|heal|vine|inferno,balanced,balanced,1,1,1,1,6,6,0,55,0,55
loadout,sword,quick,swift|expose|strike|cut|lunge|unity,fire,ignite,seed|spark|blaze|heal|vine|inferno,balanced,balanced,2,0,0,0,4,5,85,0,56,0
loadout,sword,quick,swift|expose|strike|cut|lunge|unity,fire,ignite,seed|spark|blaze|heal|vine|inferno,balanced,balanced,2,1,1,1,5,7,0,109,0,128
loadout,sword,quick,swift|expose|strike|cut|lunge|unity,fire,sustain,seed|spark|blaze|heal|nourish|vine,balanced,balanced,0,0,1,0,5,5,0,101,8,0
loadout,sword,quick,swift|expose|strike|cut|lunge|unity,fire,sustain,seed|spark|blaze|heal|nourish|vine,balanced,balanced,0,1,1,0,8,8,0,11,22,0
loadout,sword,quick,swift|expose|strike|cut|lunge|unity,fire,sustain,seed|spark|blaze|heal|nourish|vine,balanced,balanced,1,0,1,1,5,6,0,22,0,115
loadout,sword,quick,swift|expose|strike|cut|lunge|unity,fire,sustain,seed|spark|blaze|heal|nourish|vine,balanced,balanced,1,1,1,1,8,16,0,62,0,52
loadout,sword,quick,swift|expose|strike|cut|lunge|unity,fire,sustain,seed|spark|blaze|heal|nourish|vine,balanced,balanced,2,0,0,0,5,5,26,0,39,0
loadout,sword,quick,swift|expose|strike|cut|lunge|unity,fire,sustain,seed|spark|blaze|heal|nourish|vine,balanced,balanced,2,1,1,1,8,12,0,79,0,91
loadout,sword,quick,swift|expose|strike|cut|lunge|return,fire,ignite,seed|spark|blaze|heal|vine|inferno,balanced,balanced,0,0,0,0,4,4,67,0,83,0
loadout,sword,quick,swift|expose|strike|cut|lunge|return,fire,ignite,seed|spark|blaze|heal|vine|inferno,balanced,balanced,0,1,1,1,5,5,0,58,0,58
loadout,sword,quick,swift|expose|strike|cut|lunge|return,fire,ignite,seed|spark|blaze|heal|vine|inferno,balanced,balanced,1,0,0,1,5,5,8,0,0,38
loadout,sword,quick,swift|expose|strike|cut|lunge|return,fire,ignite,seed|spark|blaze|heal|vine|inferno,balanced,balanced,1,1,1,1,6,6,0,55,0,55
loadout,sword,quick,swift|expose|strike|cut|lunge|return,fire,ignite,seed|spark|blaze|heal|vine|inferno,balanced,balanced,2,0,0,0,4,4,85,0,60,0
loadout,sword,quick,swift|expose|strike|cut|lunge|return,fire,ignite,seed|spark|blaze|heal|vine|inferno,balanced,balanced,2,1,1,0,6,6,0,81,36,0
loadout,sword,quick,swift|expose|strike|cut|lunge|return,fire,sustain,seed|spark|blaze|heal|nourish|vine,balanced,balanced,0,0,0,0,5,6,42,0,54,0
loadout,sword,quick,swift|expose|strike|cut|lunge|return,fire,sustain,seed|spark|blaze|heal|nourish|vine,balanced,balanced,0,1,1,0,8,8,0,11,22,0
loadout,sword,quick,swift|expose|strike|cut|lunge|return,fire,sustain,seed|spark|blaze|heal|nourish|vine,balanced,balanced,1,0,1,0,6,6,0,44,26,0
loadout,sword,quick,swift|expose|strike|cut|lunge|return,fire,sustain,seed|spark|blaze|heal|nourish|vine,balanced,balanced,1,1,1,1,8,15,0,62,0,60
loadout,sword,quick,swift|expose|strike|cut|lunge|return,fire,sustain,seed|spark|blaze|heal|nourish|vine,balanced,balanced,2,0,0,0,5,5,26,0,42,0
loadout,sword,quick,swift|expose|strike|cut|lunge|return,fire,sustain,seed|spark|blaze|heal|nourish|vine,balanced,balanced,2,1,1,1,8,8,0,79,0,46
loadout,sword,quick,swift|expose|strike|guard|return|unity,fire,ignite,seed|spark|blaze|heal|vine|inferno,balanced,balanced,0,0,0,1,4,8,15,0,0,78
loadout,sword,quick,swift|expose|strike|guard|return|unity,fire,ignite,seed|spark|blaze|heal|vine|inferno,balanced,balanced,0,1,1,1,5,5,0,61,0,61
loadout,sword,quick,swift|expose|strike|guard|return|unity,fire,ignite,seed|spark|blaze|heal|vine|inferno,balanced,balanced,1,0,0,1,6,5,15,0,0,84
loadout,sword,quick,swift|expose|strike|guard|return|unity,fire,ignite,seed|spark|blaze|heal|vine|inferno,balanced,balanced,1,1,1,1,6,6,0,55,0,55
loadout,sword,quick,swift|expose|strike|guard|return|unity,fire,ignite,seed|spark|blaze|heal|vine|inferno,balanced,balanced,2,0,1,0,6,5,0,39,61,0
loadout,sword,quick,swift|expose|strike|guard|return|unity,fire,ignite,seed|spark|blaze|heal|vine|inferno,balanced,balanced,2,1,1,1,5,7,0,109,0,128
loadout,sword,quick,swift|expose|strike|guard|return|unity,fire,sustain,seed|spark|blaze|heal|nourish|vine,balanced,balanced,0,0,0,1,5,5,26,0,0,23
loadout,sword,quick,swift|expose|strike|guard|return|unity,fire,sustain,seed|spark|blaze|heal|nourish|vine,balanced,balanced,0,1,1,1,7,8,0,35,0,4
loadout,sword,quick,swift|expose|strike|guard|return|unity,fire,sustain,seed|spark|blaze|heal|nourish|vine,balanced,balanced,1,0,1,1,7,7,0,144,0,91
loadout,sword,quick,swift|expose|strike|guard|return|unity,fire,sustain,seed|spark|blaze|heal|nourish|vine,balanced,balanced,1,1,1,1,8,16,0,62,0,52
loadout,sword,quick,swift|expose|strike|guard|return|unity,fire,sustain,seed|spark|blaze|heal|nourish|vine,balanced,balanced,2,0,1,0,9,6,0,144,37,0
loadout,sword,quick,swift|expose|strike|guard|return|unity,fire,sustain,seed|spark|blaze|heal|nourish|vine,balanced,balanced,2,1,1,1,8,12,0,79,0,91
loadout,sword,quick,swift|expose|strike|guard|lunge|unity,fire,ignite,seed|spark|blaze|heal|vine|inferno,balanced,balanced,0,0,0,0,4,4,67,0,83,0
loadout,sword,quick,swift|expose|strike|guard|lunge|unity,fire,ignite,seed|spark|blaze|heal|vine|inferno,balanced,balanced,0,1,1,1,5,5,0,58,0,58
loadout,sword,quick,swift|expose|strike|guard|lunge|unity,fire,ignite,seed|spark|blaze|heal|vine|inferno,balanced,balanced,1,0,0,1,6,5,15,0,0,84
loadout,sword,quick,swift|expose|strike|guard|lunge|unity,fire,ignite,seed|spark|blaze|heal|vine|inferno,balanced,balanced,1,1,1,1,6,6,0,55,0,55
loadout,sword,quick,swift|expose|strike|guard|lunge|unity,fire,ignite,seed|spark|blaze|heal|vine|inferno,balanced,balanced,2,0,1,0,6,5,0,39,61,0
loadout,sword,quick,swift|expose|strike|guard|lunge|unity,fire,ignite,seed|spark|blaze|heal|vine|inferno,balanced,balanced,2,1,1,1,5,7,0,109,0,128
loadout,sword,quick,swift|expose|strike|guard|lunge|unity,fire,sustain,seed|spark|blaze|heal|nourish|vine,balanced,balanced,0,0,1,0,5,5,0,101,8,0
loadout,sword,quick,swift|expose|strike|guard|lunge|unity,fire,sustain,seed|spark|blaze|heal|nourish|vine,balanced,balanced,0,1,1,0,8,8,0,11,22,0
loadout,sword,quick,swift|expose|strike|guard|lunge|unity,fire,sustain,seed|spark|blaze|heal|nourish|vine,balanced,balanced,1,0,1,1,7,7,0,144,0,91
loadout,sword,quick,swift|expose|strike|guard|lunge|unity,fire,sustain,seed|spark|blaze|heal|nourish|vine,balanced,balanced,1,1,1,1,8,16,0,62,0,52
loadout,sword,quick,swift|expose|strike|guard|lunge|unity,fire,sustain,seed|spark|blaze|heal|nourish|vine,balanced,balanced,2,0,1,0,9,6,0,144,37,0
loadout,sword,quick,swift|expose|strike|guard|lunge|unity,fire,sustain,seed|spark|blaze|heal|nourish|vine,balanced,balanced,2,1,1,1,8,12,0,79,0,91
loadout,sword,quick,swift|expose|strike|guard|lunge|return,fire,ignite,seed|spark|blaze|heal|vine|inferno,balanced,balanced,0,0,1,0,5,4,0,5,83,0
loadout,sword,quick,swift|expose|strike|guard|lunge|return,fire,ignite,seed|spark|blaze|heal|vine|inferno,balanced,balanced,0,1,1,1,5,5,0,58,0,58
loadout,sword,quick,swift|expose|strike|guard|lunge|return,fire,ignite,seed|spark|blaze|heal|vine|inferno,balanced,balanced,1,0,0,0,7,6,19,0,49,0
loadout,sword,quick,swift|expose|strike|guard|lunge|return,fire,ignite,seed|spark|blaze|heal|vine|inferno,balanced,balanced,1,1,1,1,6,6,0,55,0,55
loadout,sword,quick,swift|expose|strike|guard|lunge|return,fire,ignite,seed|spark|blaze|heal|vine|inferno,balanced,balanced,2,0,0,0,4,4,50,0,44,0
loadout,sword,quick,swift|expose|strike|guard|lunge|return,fire,ignite,seed|spark|blaze|heal|vine|inferno,balanced,balanced,2,1,1,1,6,8,0,81,0,26
loadout,sword,quick,swift|expose|strike|guard|lunge|return,fire,sustain,seed|spark|blaze|heal|nourish|vine,balanced,balanced,0,0,1,0,11,6,0,162,54,0
loadout,sword,quick,swift|expose|strike|guard|lunge|return,fire,sustain,seed|spark|blaze|heal|nourish|vine,balanced,balanced,0,1,1,0,8,8,0,11,22,0
loadout,sword,quick,swift|expose|strike|guard|lunge|return,fire,sustain,seed|spark|blaze|heal|nourish|vine,balanced,balanced,1,0,1,0,11,7,0,131,31,0
loadout,sword,quick,swift|expose|strike|guard|lunge|return,fire,sustain,seed|spark|blaze|heal|nourish|vine,balanced,balanced,1,1,1,1,8,15,0,62,0,60
loadout,sword,quick,swift|expose|strike|guard|lunge|return,fire,sustain,seed|spark|blaze|heal|nourish|vine,balanced,balanced,2,0,1,0,7,6,0,73,51,0
loadout,sword,quick,swift|expose|strike|guard|lunge|return,fire,sustain,seed|spark|blaze|heal|nourish|vine,balanced,balanced,2,1,1,1,8,8,0,79,0,46
loadout,sword,quick,swift|expose|strike|guard|cut|unity,fire,ignite,seed|spark|blaze|heal|vine|inferno,balanced,balanced,0,0,0,1,4,8,15,0,0,78
loadout,sword,quick,swift|expose|strike|guard|cut|unity,fire,ignite,seed|spark|blaze|heal|vine|inferno,balanced,balanced,0,1,1,1,5,5,0,61,0,61
loadout,sword,quick,swift|expose|strike|guard|cut|unity,fire,ignite,seed|spark|blaze|heal|vine|inferno,balanced,balanced,1,0,0,1,6,5,15,0,0,84
loadout,sword,quick,swift|expose|strike|guard|cut|unity,fire,ignite,seed|spark|blaze|heal|vine|inferno,balanced,balanced,1,1,1,1,6,6,0,55,0,55
loadout,sword,quick,swift|expose|strike|guard|cut|unity,fire,ignite,seed|spark|blaze|heal|vine|inferno,balanced,balanced,2,0,1,0,6,5,0,39,61,0
loadout,sword,quick,swift|expose|strike|guard|cut|unity,fire,ignite,seed|spark|blaze|heal|vine|inferno,balanced,balanced,2,1,1,1,5,7,0,109,0,128
loadout,sword,quick,swift|expose|strike|guard|cut|unity,fire,sustain,seed|spark|blaze|heal|nourish|vine,balanced,balanced,0,0,0,1,5,5,26,0,0,23
loadout,sword,quick,swift|expose|strike|guard|cut|unity,fire,sustain,seed|spark|blaze|heal|nourish|vine,balanced,balanced,0,1,1,1,7,8,0,35,0,4
loadout,sword,quick,swift|expose|strike|guard|cut|unity,fire,sustain,seed|spark|blaze|heal|nourish|vine,balanced,balanced,1,0,1,1,7,7,0,144,0,91
loadout,sword,quick,swift|expose|strike|guard|cut|unity,fire,sustain,seed|spark|blaze|heal|nourish|vine,balanced,balanced,1,1,1,1,8,16,0,62,0,52
loadout,sword,quick,swift|expose|strike|guard|cut|unity,fire,sustain,seed|spark|blaze|heal|nourish|vine,balanced,balanced,2,0,1,0,9,6,0,144,37,0
loadout,sword,quick,swift|expose|strike|guard|cut|unity,fire,sustain,seed|spark|blaze|heal|nourish|vine,balanced,balanced,2,1,1,1,8,12,0,79,0,91
loadout,sword,quick,swift|expose|strike|guard|cut|return,fire,ignite,seed|spark|blaze|heal|vine|inferno,balanced,balanced,0,0,0,0,4,4,15,0,44,0
loadout,sword,quick,swift|expose|strike|guard|cut|return,fire,ignite,seed|spark|blaze|heal|vine|inferno,balanced,balanced,0,1,1,1,5,5,0,61,0,61
loadout,sword,quick,swift|expose|strike|guard|cut|return,fire,ignite,seed|spark|blaze|heal|vine|inferno,balanced,balanced,1,0,0,0,7,6,19,0,49,0
loadout,sword,quick,swift|expose|strike|guard|cut|return,fire,ignite,seed|spark|blaze|heal|vine|inferno,balanced,balanced,1,1,1,1,6,6,0,55,0,55
loadout,sword,quick,swift|expose|strike|guard|cut|return,fire,ignite,seed|spark|blaze|heal|vine|inferno,balanced,balanced,2,0,0,0,4,4,50,0,44,0
loadout,sword,quick,swift|expose|strike|guard|cut|return,fire,ignite,seed|spark|blaze|heal|vine|inferno,balanced,balanced,2,1,1,1,6,8,0,81,0,26
loadout,sword,quick,swift|expose|strike|guard|cut|return,fire,sustain,seed|spark|blaze|heal|nourish|vine,balanced,balanced,0,0,0,0,5,5,26,0,55,0
loadout,sword,quick,swift|expose|strike|guard|cut|return,fire,sustain,seed|spark|blaze|heal|nourish|vine,balanced,balanced,0,1,1,1,7,8,0,35,0,4
loadout,sword,quick,swift|expose|strike|guard|cut|return,fire,sustain,seed|spark|blaze|heal|nourish|vine,balanced,balanced,1,0,1,0,11,7,0,131,31,0
loadout,sword,quick,swift|expose|strike|guard|cut|return,fire,sustain,seed|spark|blaze|heal|nourish|vine,balanced,balanced,1,1,1,1,8,15,0,62,0,60
loadout,sword,quick,swift|expose|strike|guard|cut|return,fire,sustain,seed|spark|blaze|heal|nourish|vine,balanced,balanced,2,0,1,0,7,6,0,73,51,0
loadout,sword,quick,swift|expose|strike|guard|cut|return,fire,sustain,seed|spark|blaze|heal|nourish|vine,balanced,balanced,2,1,1,1,8,8,0,79,0,46
loadout,sword,quick,swift|expose|strike|guard|cut|lunge,fire,ignite,seed|spark|blaze|heal|vine|inferno,balanced,balanced,0,0,1,0,5,4,0,5,83,0
loadout,sword,quick,swift|expose|strike|guard|cut|lunge,fire,ignite,seed|spark|blaze|heal|vine|inferno,balanced,balanced,0,1,1,1,5,5,0,58,0,58
loadout,sword,quick,swift|expose|strike|guard|cut|lunge,fire,ignite,seed|spark|blaze|heal|vine|inferno,balanced,balanced,1,0,0,0,7,6,19,0,49,0
loadout,sword,quick,swift|expose|strike|guard|cut|lunge,fire,ignite,seed|spark|blaze|heal|vine|inferno,balanced,balanced,1,1,1,1,6,6,0,55,0,55
loadout,sword,quick,swift|expose|strike|guard|cut|lunge,fire,ignite,seed|spark|blaze|heal|vine|inferno,balanced,balanced,2,0,0,0,4,4,50,0,44,0
loadout,sword,quick,swift|expose|strike|guard|cut|lunge,fire,ignite,seed|spark|blaze|heal|vine|inferno,balanced,balanced,2,1,1,1,6,8,0,81,0,26
loadout,sword,quick,swift|expose|strike|guard|cut|lunge,fire,sustain,seed|spark|blaze|heal|nourish|vine,balanced,balanced,0,0,1,0,11,6,0,162,54,0
loadout,sword,quick,swift|expose|strike|guard|cut|lunge,fire,sustain,seed|spark|blaze|heal|nourish|vine,balanced,balanced,0,1,1,0,8,8,0,11,22,0
loadout,sword,quick,swift|expose|strike|guard|cut|lunge,fire,sustain,seed|spark|blaze|heal|nourish|vine,balanced,balanced,1,0,1,0,11,7,0,131,31,0
loadout,sword,quick,swift|expose|strike|guard|cut|lunge,fire,sustain,seed|spark|blaze|heal|nourish|vine,balanced,balanced,1,1,1,1,8,15,0,62,0,60
loadout,sword,quick,swift|expose|strike|guard|cut|lunge,fire,sustain,seed|spark|blaze|heal|nourish|vine,balanced,balanced,2,0,1,0,7,6,0,73,51,0
loadout,sword,quick,swift|expose|strike|guard|cut|lunge,fire,sustain,seed|spark|blaze|heal|nourish|vine,balanced,balanced,2,1,1,1,8,8,0,79,0,46
loadout,sword,heavy,strike|guard|cut|lunge|return|unity,fire,ignite,seed|spark|blaze|heal|vine|inferno,balanced,balanced,0,0,1,1,6,7,0,32,0,99
loadout,sword,heavy,strike|guard|cut|lunge|return|unity,fire,ignite,seed|spark|blaze|heal|vine|inferno,balanced,balanced,0,1,1,1,5,5,0,58,0,58
loadout,sword,heavy,strike|guard|cut|lunge|return|unity,fire,ignite,seed|spark|blaze|heal|vine|inferno,balanced,balanced,1,0,1,1,10,8,0,78,0,56
loadout,sword,heavy,strike|guard|cut|lunge|return|unity,fire,ignite,seed|spark|blaze|heal|vine|inferno,balanced,balanced,1,1,1,1,7,11,0,14,0,72
loadout,sword,heavy,strike|guard|cut|lunge|return|unity,fire,ignite,seed|spark|blaze|heal|vine|inferno,balanced,balanced,2,0,0,0,8,9,3,0,19,0
loadout,sword,heavy,strike|guard|cut|lunge|return|unity,fire,ignite,seed|spark|blaze|heal|vine|inferno,balanced,balanced,2,1,1,1,5,5,0,46,0,46
loadout,sword,heavy,strike|guard|cut|lunge|return|unity,fire,sustain,seed|spark|blaze|heal|nourish|vine,balanced,balanced,0,0,1,0,11,8,0,132,4,0
loadout,sword,heavy,strike|guard|cut|lunge|return|unity,fire,sustain,seed|spark|blaze|heal|nourish|vine,balanced,balanced,0,1,1,1,7,7,0,32,0,32
loadout,sword,heavy,strike|guard|cut|lunge|return|unity,fire,sustain,seed|spark|blaze|heal|nourish|vine,balanced,balanced,1,0,1,1,11,8,0,202,0,115
loadout,sword,heavy,strike|guard|cut|lunge|return|unity,fire,sustain,seed|spark|blaze|heal|nourish|vine,balanced,balanced,1,1,1,1,7,7,0,32,0,32
loadout,sword,heavy,strike|guard|cut|lunge|return|unity,fire,sustain,seed|spark|blaze|heal|nourish|vine,balanced,balanced,2,0,1,1,13,8,0,200,0,45
loadout,sword,heavy,strike|guard|cut|lunge|return|unity,fire,sustain,seed|spark|blaze|heal|nourish|vine,balanced,balanced,2,1,1,1,7,8,0,26,0,36
loadout,sword,heavy,expose|guard|cut|lunge|return|unity,fire,ignite,seed|spark|blaze|heal|vine|inferno,balanced,balanced,0,0,1,1,6,6,0,191,0,201
loadout,sword,heavy,expose|guard|cut|lunge|return|unity,fire,ignite,seed|spark|blaze|heal|vine|inferno,balanced,balanced,0,1,1,1,6,6,0,30,0,30
loadout,sword,heavy,expose|guard|cut|lunge|return|unity,fire,ignite,seed|spark|blaze|heal|vine|inferno,balanced,balanced,1,0,1,1,6,9,0,140,0,74
loadout,sword,heavy,expose|guard|cut|lunge|return|unity,fire,ignite,seed|spark|blaze|heal|vine|inferno,balanced,balanced,1,1,1,1,6,6,0,30,0,30
loadout,sword,heavy,expose|guard|cut|lunge|return|unity,fire,ignite,seed|spark|blaze|heal|vine|inferno,balanced,balanced,2,0,1,1,6,8,0,140,0,47
loadout,sword,heavy,expose|guard|cut|lunge|return|unity,fire,ignite,seed|spark|blaze|heal|vine|inferno,balanced,balanced,2,1,1,1,7,10,0,201,0,201
loadout,sword,heavy,expose|guard|cut|lunge|return|unity,fire,sustain,seed|spark|blaze|heal|nourish|vine,balanced,balanced,0,0,1,1,9,9,0,24,0,24
loadout,sword,heavy,expose|guard|cut|lunge|return|unity,fire,sustain,seed|spark|blaze|heal|nourish|vine,balanced,balanced,0,1,1,1,6,6,0,210,0,210
loadout,sword,heavy,expose|guard|cut|lunge|return|unity,fire,sustain,seed|spark|blaze|heal|nourish|vine,balanced,balanced,1,0,1,1,11,8,0,171,0,129
loadout,sword,heavy,expose|guard|cut|lunge|return|unity,fire,sustain,seed|spark|blaze|heal|nourish|vine,balanced,balanced,1,1,1,1,8,8,0,210,0,210
loadout,sword,heavy,expose|guard|cut|lunge|return|unity,fire,sustain,seed|spark|blaze|heal|nourish|vine,balanced,balanced,2,0,1,1,11,11,0,116,0,77
loadout,sword,heavy,expose|guard|cut|lunge|return|unity,fire,sustain,seed|spark|blaze|heal|nourish|vine,balanced,balanced,2,1,1,1,9,8,0,210,0,210
loadout,sword,heavy,expose|strike|cut|lunge|return|unity,fire,ignite,seed|spark|blaze|heal|vine|inferno,balanced,balanced,0,0,1,1,4,4,0,52,0,112
loadout,sword,heavy,expose|strike|cut|lunge|return|unity,fire,ignite,seed|spark|blaze|heal|vine|inferno,balanced,balanced,0,1,1,0,6,11,0,46,17,0
loadout,sword,heavy,expose|strike|cut|lunge|return|unity,fire,ignite,seed|spark|blaze|heal|vine|inferno,balanced,balanced,1,0,1,0,5,6,0,51,43,0
loadout,sword,heavy,expose|strike|cut|lunge|return|unity,fire,ignite,seed|spark|blaze|heal|vine|inferno,balanced,balanced,1,1,1,0,5,11,0,24,8,0
loadout,sword,heavy,expose|strike|cut|lunge|return|unity,fire,ignite,seed|spark|blaze|heal|vine|inferno,balanced,balanced,2,0,1,0,5,7,0,109,39,0
loadout,sword,heavy,expose|strike|cut|lunge|return|unity,fire,ignite,seed|spark|blaze|heal|vine|inferno,balanced,balanced,2,1,0,1,6,9,4,0,0,7
loadout,sword,heavy,expose|strike|cut|lunge|return|unity,fire,sustain,seed|spark|blaze|heal|nourish|vine,balanced,balanced,0,0,1,1,7,6,0,96,0,71
loadout,sword,heavy,expose|strike|cut|lunge|return|unity,fire,sustain,seed|spark|blaze|heal|nourish|vine,balanced,balanced,0,1,1,1,6,6,0,5,0,5
loadout,sword,heavy,expose|strike|cut|lunge|return|unity,fire,sustain,seed|spark|blaze|heal|nourish|vine,balanced,balanced,1,0,1,1,5,5,0,94,0,75
loadout,sword,heavy,expose|strike|cut|lunge|return|unity,fire,sustain,seed|spark|blaze|heal|nourish|vine,balanced,balanced,1,1,0,0,7,9,62,0,58,0
loadout,sword,heavy,expose|strike|cut|lunge|return|unity,fire,sustain,seed|spark|blaze|heal|nourish|vine,balanced,balanced,2,0,1,0,5,6,0,71,37,0
loadout,sword,heavy,expose|strike|cut|lunge|return|unity,fire,sustain,seed|spark|blaze|heal|nourish|vine,balanced,balanced,2,1,1,0,6,9,0,146,49,0
loadout,sword,heavy,expose|strike|guard|lunge|return|unity,fire,ignite,seed|spark|blaze|heal|vine|inferno,balanced,balanced,0,0,0,0,7,7,77,0,62,0
loadout,sword,heavy,expose|strike|guard|lunge|return|unity,fire,ignite,seed|spark|blaze|heal|vine|inferno,balanced,balanced,0,1,1,0,6,11,0,79,17,0
loadout,sword,heavy,expose|strike|guard|lunge|return|unity,fire,ignite,seed|spark|blaze|heal|vine|inferno,balanced,balanced,1,0,1,0,6,7,0,140,37,0
loadout,sword,heavy,expose|strike|guard|lunge|return|unity,fire,ignite,seed|spark|blaze|heal|vine|inferno,balanced,balanced,1,1,1,0,6,11,0,66,8,0
loadout,sword,heavy,expose|strike|guard|lunge|return|unity,fire,ignite,seed|spark|blaze|heal|vine|inferno,balanced,balanced,2,0,1,1,6,6,0,140,0,73
loadout,sword,heavy,expose|strike|guard|lunge|return|unity,fire,ignite,seed|spark|blaze|heal|vine|inferno,balanced,balanced,2,1,1,1,6,9,0,126,0,16
loadout,sword,heavy,expose|strike|guard|lunge|return|unity,fire,sustain,seed|spark|blaze|heal|nourish|vine,balanced,balanced,0,0,1,1,11,7,0,39,0,132
loadout,sword,heavy,expose|strike|guard|lunge|return|unity,fire,sustain,seed|spark|blaze|heal|nourish|vine,balanced,balanced,0,1,1,1,7,9,0,27,0,4
loadout,sword,heavy,expose|strike|guard|lunge|return|unity,fire,sustain,seed|spark|blaze|heal|nourish|vine,balanced,balanced,1,0,1,1,11,8,0,153,0,93
loadout,sword,heavy,expose|strike|guard|lunge|return|unity,fire,sustain,seed|spark|blaze|heal|nourish|vine,balanced,balanced,1,1,1,0,8,12,0,91,22,0
loadout,sword,heavy,expose|strike|guard|lunge|return|unity,fire,sustain,seed|spark|blaze|heal|nourish|vine,balanced,balanced,2,0,1,1,11,8,0,117,0,50
loadout,sword,heavy,expose|strike|guard|lunge|return|unity,fire,sustain,seed|spark|blaze|heal|nourish|vine,balanced,balanced,2,1,1,0,6,12,0,183,13,0
loadout,sword,heavy,expose|strike|guard|cut|return|unity,fire,ignite,seed|spark|blaze|heal|vine|inferno,balanced,balanced,0,0,0,0,7,7,77,0,62,0
loadout,sword,heavy,expose|strike|guard|cut|return|unity,fire,ignite,seed|spark|blaze|heal|vine|inferno,balanced,balanced,0,1,1,0,6,11,0,79,17,0
loadout,sword,heavy,expose|strike|guard|cut|return|unity,fire,ignite,seed|spark|blaze|heal|vine|inferno,balanced,balanced,1,0,1,0,6,7,0,140,72,0
loadout,sword,heavy,expose|strike|guard|cut|return|unity,fire,ignite,seed|spark|blaze|heal|vine|inferno,balanced,balanced,1,1,1,0,6,11,0,66,8,0
loadout,sword,heavy,expose|strike|guard|cut|return|unity,fire,ignite,seed|spark|blaze|heal|vine|inferno,balanced,balanced,2,0,1,1,6,7,0,140,0,91
loadout,sword,heavy,expose|strike|guard|cut|return|unity,fire,ignite,seed|spark|blaze|heal|vine|inferno,balanced,balanced,2,1,1,1,6,9,0,126,0,16
loadout,sword,heavy,expose|strike|guard|cut|return|unity,fire,sustain,seed|spark|blaze|heal|nourish|vine,balanced,balanced,0,0,1,1,11,7,0,39,0,132
loadout,sword,heavy,expose|strike|guard|cut|return|unity,fire,sustain,seed|spark|blaze|heal|nourish|vine,balanced,balanced,0,1,1,1,7,9,0,27,0,4
loadout,sword,heavy,expose|strike|guard|cut|return|unity,fire,sustain,seed|spark|blaze|heal|nourish|vine,balanced,balanced,1,0,1,1,11,8,0,153,0,93
loadout,sword,heavy,expose|strike|guard|cut|return|unity,fire,sustain,seed|spark|blaze|heal|nourish|vine,balanced,balanced,1,1,1,0,8,12,0,91,22,0
loadout,sword,heavy,expose|strike|guard|cut|return|unity,fire,sustain,seed|spark|blaze|heal|nourish|vine,balanced,balanced,2,0,1,1,11,8,0,117,0,50
loadout,sword,heavy,expose|strike|guard|cut|return|unity,fire,sustain,seed|spark|blaze|heal|nourish|vine,balanced,balanced,2,1,1,0,6,12,0,183,13,0
loadout,sword,heavy,expose|strike|guard|cut|lunge|unity,fire,ignite,seed|spark|blaze|heal|vine|inferno,balanced,balanced,0,0,0,0,7,7,77,0,62,0
loadout,sword,heavy,expose|strike|guard|cut|lunge|unity,fire,ignite,seed|spark|blaze|heal|vine|inferno,balanced,balanced,0,1,1,0,6,11,0,79,17,0
loadout,sword,heavy,expose|strike|guard|cut|lunge|unity,fire,ignite,seed|spark|blaze|heal|vine|inferno,balanced,balanced,1,0,1,0,6,7,0,140,72,0
loadout,sword,heavy,expose|strike|guard|cut|lunge|unity,fire,ignite,seed|spark|blaze|heal|vine|inferno,balanced,balanced,1,1,1,0,6,11,0,66,8,0
loadout,sword,heavy,expose|strike|guard|cut|lunge|unity,fire,ignite,seed|spark|blaze|heal|vine|inferno,balanced,balanced,2,0,1,1,6,7,0,140,0,91
loadout,sword,heavy,expose|strike|guard|cut|lunge|unity,fire,ignite,seed|spark|blaze|heal|vine|inferno,balanced,balanced,2,1,1,1,6,9,0,126,0,16
loadout,sword,heavy,expose|strike|guard|cut|lunge|unity,fire,sustain,seed|spark|blaze|heal|nourish|vine,balanced,balanced,0,0,1,1,11,7,0,39,0,132
loadout,sword,heavy,expose|strike|guard|cut|lunge|unity,fire,sustain,seed|spark|blaze|heal|nourish|vine,balanced,balanced,0,1,0,0,6,6,57,0,57,0
loadout,sword,heavy,expose|strike|guard|cut|lunge|unity,fire,sustain,seed|spark|blaze|heal|nourish|vine,balanced,balanced,1,0,1,1,11,8,0,153,0,93
loadout,sword,heavy,expose|strike|guard|cut|lunge|unity,fire,sustain,seed|spark|blaze|heal|nourish|vine,balanced,balanced,1,1,1,0,8,12,0,91,22,0
loadout,sword,heavy,expose|strike|guard|cut|lunge|unity,fire,sustain,seed|spark|blaze|heal|nourish|vine,balanced,balanced,2,0,1,1,11,8,0,117,0,50
loadout,sword,heavy,expose|strike|guard|cut|lunge|unity,fire,sustain,seed|spark|blaze|heal|nourish|vine,balanced,balanced,2,1,1,0,6,12,0,183,13,0
loadout,sword,heavy,expose|strike|guard|cut|lunge|return,fire,ignite,seed|spark|blaze|heal|vine|inferno,balanced,balanced,0,0,1,0,7,7,0,7,55,0
loadout,sword,heavy,expose|strike|guard|cut|lunge|return,fire,ignite,seed|spark|blaze|heal|vine|inferno,balanced,balanced,0,1,1,0,6,11,0,52,17,0
loadout,sword,heavy,expose|strike|guard|cut|lunge|return,fire,ignite,seed|spark|blaze|heal|vine|inferno,balanced,balanced,1,0,0,0,8,8,21,0,58,0
loadout,sword,heavy,expose|strike|guard|cut|lunge|return,fire,ignite,seed|spark|blaze|heal|vine|inferno,balanced,balanced,1,1,1,0,7,11,0,46,8,0
loadout,sword,heavy,expose|strike|guard|cut|lunge|return,fire,ignite,seed|spark|blaze|heal|vine|inferno,balanced,balanced,2,0,1,0,9,9,0,15,42,0
loadout,sword,heavy,expose|strike|guard|cut|lunge|return,fire,ignite,seed|spark|blaze|heal|vine|inferno,balanced,balanced,2,1,1,0,7,11,0,56,65,0
loadout,sword,heavy,expose|strike|guard|cut|lunge|return,fire,sustain,seed|spark|blaze|heal|nourish|vine,balanced,balanced,0,0,1,1,11,10,0,138,0,47
loadout,sword,heavy,expose|strike|guard|cut|lunge|return,fire,sustain,seed|spark|blaze|heal|nourish|vine,balanced,balanced,0,1,0,0,9,9,27,0,23,0
loadout,sword,heavy,expose|strike|guard|cut|lunge|return,fire,sustain,seed|spark|blaze|heal|nourish|vine,balanced,balanced,1,0,1,0,11,10,0,138,32,0
loadout,sword,heavy,expose|strike|guard|cut|lunge|return,fire,sustain,seed|spark|blaze|heal|nourish|vine,balanced,balanced,1,1,1,1,12,18,0,56,0,3
loadout,sword,heavy,expose|strike|guard|cut|lunge|return,fire,sustain,seed|spark|blaze|heal|nourish|vine,balanced,balanced,2,0,1,0,11,9,0,179,48,0
loadout,sword,heavy,expose|strike|guard|cut|lunge|return,fire,sustain,seed|spark|blaze|heal|nourish|vine,balanced,balanced,2,1,1,0,8,16,0,27,21,0
loadout,sword,heavy,swift|guard|cut|lunge|return|unity,fire,ignite,seed|spark|blaze|heal|vine|inferno,balanced,balanced,0,0,1,1,6,7,0,132,0,103
loadout,sword,heavy,swift|guard|cut|lunge|return|unity,fire,ignite,seed|spark|blaze|heal|vine|inferno,balanced,balanced,0,1,1,1,5,5,0,72,0,72
loadout,sword,heavy,swift|guard|cut|lunge|return|unity,fire,ignite,seed|spark|blaze|heal|vine|inferno,balanced,balanced,1,0,1,1,9,6,0,113,0,20
loadout,sword,heavy,swift|guard|cut|lunge|return|unity,fire,ignite,seed|spark|blaze|heal|vine|inferno,balanced,balanced,1,1,1,1,5,5,0,114,0,114
loadout,sword,heavy,swift|guard|cut|lunge|return|unity,fire,ignite,seed|spark|blaze|heal|vine|inferno,balanced,balanced,2,0,1,1,6,7,0,129,0,124
loadout,sword,heavy,swift|guard|cut|lunge|return|unity,fire,ignite,seed|spark|blaze|heal|vine|inferno,balanced,balanced,2,1,1,1,5,5,0,114,0,114
loadout,sword,heavy,swift|guard|cut|lunge|return|unity,fire,sustain,seed|spark|blaze|heal|nourish|vine,balanced,balanced,0,0,1,1,9,8,0,200,0,119
loadout,sword,heavy,swift|guard|cut|lunge|return|unity,fire,sustain,seed|spark|blaze|heal|nourish|vine,balanced,balanced,0,1,1,1,7,7,0,78,0,78
loadout,sword,heavy,swift|guard|cut|lunge|return|unity,fire,sustain,seed|spark|blaze|heal|nourish|vine,balanced,balanced,1,0,1,1,10,7,0,164,0,114
loadout,sword,heavy,swift|guard|cut|lunge|return|unity,fire,sustain,seed|spark|blaze|heal|nourish|vine,balanced,balanced,1,1,1,1,7,7,0,148,0,148
loadout,sword,heavy,swift|guard|cut|lunge|return|unity,fire,sustain,seed|spark|blaze|heal|nourish|vine,balanced,balanced,2,0,1,0,9,7,0,168,1,0
loadout,sword,heavy,swift|guard|cut|lunge|return|unity,fire,sustain,seed|spark|blaze|heal|nourish|vine,balanced,balanced,2,1,1,1,7,8,0,148,0,144
loadout,sword,heavy,swift|strike|cut|lunge|return|unity,fire,ignite,seed|spark|blaze|heal|vine|inferno,balanced,balanced,0,0,0,1,4,5,67,0,0,74
loadout,sword,heavy,swift|strike|cut|lunge|return|unity,fire,ignite,seed|spark|blaze|heal|vine|inferno,balanced,balanced,0,1,1,1,5,5,0,72,0,72
loadout,sword,heavy,swift|strike|cut|lunge|return|unity,fire,ignite,seed|spark|blaze|heal|vine|inferno,balanced,balanced,1,0,0,1,5,5,8,0,0,20
loadout,sword,heavy,swift|strike|cut|lunge|return|unity,fire,ignite,seed|spark|blaze|heal|vine|inferno,balanced,balanced,1,1,1,1,7,12,0,36,0,59
loadout,sword,heavy,swift|strike|cut|lunge|return|unity,fire,ignite,seed|spark|blaze|heal|vine|inferno,balanced,balanced,2,0,0,1,4,5,101,0,0,108
loadout,sword,heavy,swift|strike|cut|lunge|return|unity,fire,ignite,seed|spark|blaze|heal|vine|inferno,balanced,balanced,2,1,1,1,5,7,0,85,0,33
loadout,sword,heavy,swift|strike|cut|lunge|return|unity,fire,sustain,seed|spark|blaze|heal|nourish|vine,balanced,balanced,0,0,0,1,6,6,12,0,0,40
loadout,sword,heavy,swift|strike|cut|lunge|return|unity,fire,sustain,seed|spark|blaze|heal|nourish|vine,balanced,balanced,0,1,1,1,7,7,0,78,0,78
loadout,sword,heavy,swift|strike|cut|lunge|return|unity,fire,sustain,seed|spark|blaze|heal|nourish|vine,balanced,balanced,1,0,1,1,6,6,0,8,0,76
loadout,sword,heavy,swift|strike|cut|lunge|return|unity,fire,sustain,seed|spark|blaze|heal|nourish|vine,balanced,balanced,1,1,1,1,10,16,0,25,0,63
loadout,sword,heavy,swift|strike|cut|lunge|return|unity,fire,sustain,seed|spark|blaze|heal|nourish|vine,balanced,balanced,2,0,1,1,6,6,0,5,0,97
loadout,sword,heavy,swift|strike|cut|lunge|return|unity,fire,sustain,seed|spark|blaze|heal|nourish|vine,balanced,balanced,2,1,1,0,8,7,0,74,64,0
loadout,sword,heavy,swift|strike|guard|lunge|return|unity,fire,ignite,seed|spark|blaze|heal|vine|inferno,balanced,balanced,0,0,0,0,5,6,17,0,36,0
loadout,sword,heavy,swift|strike|guard|lunge|return|unity,fire,ignite,seed|spark|blaze|heal|vine|inferno,balanced,balanced,0,1,1,1,5,5,0,72,0,72
loadout,sword,heavy,swift|strike|guard|lunge|return|unity,fire,ignite,seed|spark|blaze|heal|vine|inferno,balanced,balanced,1,0,1,0,9,5,0,73,60,0
loadout,sword,heavy,swift|strike|guard|lunge|return|unity,fire,ignite,seed|spark|blaze|heal|vine|inferno,balanced,balanced,1,1,1,1,7,12,0,35,0,59
loadout,sword,heavy,swift|strike|guard|lunge|return|unity,fire,ignite,seed|spark|blaze|heal|vine|inferno,balanced,balanced,2,0,0,0,5,6,42,0,50,0
loadout,sword,heavy,swift|strike|guard|lunge|return|unity,fire,ignite,seed|spark|blaze|heal|vine|inferno,balanced,balanced,2,1,1,1,5,6,0,85,0,120
loadout,sword,heavy,swift|strike|guard|lunge|return|unity,fire,sustain,seed|spark|blaze|heal|nourish|vine,balanced,balanced,0,0,1,0,7,7,0,63,18,0
loadout,sword,heavy,swift|strike|guard|lunge|return|unity,fire,sustain,seed|spark|blaze|heal|nourish|vine,balanced,balanced,0,1,1,1,7,7,0,78,0,78
loadout,sword,heavy,swift|strike|guard|lunge|return|unity,fire,sustain,seed|spark|blaze|heal|nourish|vine,balanced,balanced,1,0,1,1,10,7,0,153,0,114
loadout,sword,heavy,swift|strike|guard|lunge|return|unity,fire,sustain,seed|spark|blaze|heal|nourish|vine,balanced,balanced,1,1,1,1,10,16,0,25,0,63
loadout,sword,heavy,swift|strike|guard|lunge|return|unity,fire,sustain,seed|spark|blaze|heal|nourish|vine,balanced,balanced,2,0,1,1,7,6,0,90,0,41
loadout,sword,heavy,swift|strike|guard|lunge|return|unity,fire,sustain,seed|spark|blaze|heal|nourish|vine,balanced,balanced,2,1,1,0,8,9,0,74,25,0
loadout,sword,heavy,swift|strike|guard|cut|return|unity,fire,ignite,seed|spark|blaze|heal|vine|inferno,balanced,balanced,0,0,0,0,5,5,17,0,56,0
loadout,sword,heavy,swift|strike|guard|cut|return|unity,fire,ignite,seed|spark|blaze|heal|vine|inferno,balanced,balanced,0,1,1,1,4,4,0,78,0,78
loadout,sword,heavy,swift|strike|guard|cut|return|unity,fire,ignite,seed|spark|blaze|heal|vine|inferno,balanced,balanced,1,0,1,0,9,5,0,113,60,0
loadout,sword,heavy,swift|strike|guard|cut|return|unity,fire,ignite,seed|spark|blaze|heal|vine|inferno,balanced,balanced,1,1,1,1,7,12,0,36,0,59
loadout,sword,heavy,swift|strike|guard|cut|return|unity,fire,ignite,seed|spark|blaze|heal|vine|inferno,balanced,balanced,2,0,0,0,5,6,42,0,50,0
loadout,sword,heavy,swift|strike|guard|cut|return|unity,fire,ignite,seed|spark|blaze|heal|vine|inferno,balanced,balanced,2,1,1,1,5,6,0,85,0,120
loadout,sword,heavy,swift|strike|guard|cut|return|unity,fire,sustain,seed|spark|blaze|heal|nourish|vine,balanced,balanced,0,0,1,0,7,7,0,64,18,0
loadout,sword,heavy,swift|strike|guard|cut|return|unity,fire,sustain,seed|spark|blaze|heal|nourish|vine,balanced,balanced,0,1,1,1,7,7,0,88,0,88
loadout,sword,heavy,swift|strike|guard|cut|return|unity,fire,sustain,seed|spark|blaze|heal|nourish|vine,balanced,balanced,1,0,1,1,10,7,0,153,0,114
loadout,sword,heavy,swift|strike|guard|cut|return|unity,fire,sustain,seed|spark|blaze|heal|nourish|vine,balanced,balanced,1,1,1,1,10,16,0,25,0,63
loadout,sword,heavy,swift|strike|guard|cut|return|unity,fire,sustain,seed|spark|blaze|heal|nourish|vine,balanced,balanced,2,0,1,1,7,6,0,90,0,41
loadout,sword,heavy,swift|strike|guard|cut|return|unity,fire,sustain,seed|spark|blaze|heal|nourish|vine,balanced,balanced,2,1,1,0,8,9,0,74,25,0
loadout,sword,heavy,swift|strike|guard|cut|lunge|unity,fire,ignite,seed|spark|blaze|heal|vine|inferno,balanced,balanced,0,0,0,0,5,6,17,0,36,0
loadout,sword,heavy,swift|strike|guard|cut|lunge|unity,fire,ignite,seed|spark|blaze|heal|vine|inferno,balanced,balanced,0,1,1,1,5,5,0,72,0,72
loadout,sword,heavy,swift|strike|guard|cut|lunge|unity,fire,ignite,seed|spark|blaze|heal|vine|inferno,balanced,balanced,1,0,1,0,9,6,0,174,46,0
loadout,sword,heavy,swift|strike|guard|cut|lunge|unity,fire,ignite,seed|spark|blaze|heal|vine|inferno,balanced,balanced,1,1,1,1,7,12,0,36,0,59
loadout,sword,heavy,swift|strike|guard|cut|lunge|unity,fire,ignite,seed|spark|blaze|heal|vine|inferno,balanced,balanced,2,0,0,1,5,8,42,0,0,94
loadout,sword,heavy,swift|strike|guard|cut|lunge|unity,fire,ignite,seed|spark|blaze|heal|vine|inferno,balanced,balanced,2,1,1,1,5,6,0,85,0,120
loadout,sword,heavy,swift|strike|guard|cut|lunge|unity,fire,sustain,seed|spark|blaze|heal|nourish|vine,balanced,balanced,0,0,1,0,7,7,0,63,47,0
loadout,sword,heavy,swift|strike|guard|cut|lunge|unity,fire,sustain,seed|spark|blaze|heal|nourish|vine,balanced,balanced,0,1,1,1,7,7,0,78,0,78
loadout,sword,heavy,swift|strike|guard|cut|lunge|unity,fire,sustain,seed|spark|blaze|heal|nourish|vine,balanced,balanced,1,0,1,1,10,7,0,153,0,147
loadout,sword,heavy,swift|strike|guard|cut|lunge|unity,fire,sustain,seed|spark|blaze|heal|nourish|vine,balanced,balanced,1,1,1,1,10,16,0,25,0,81
loadout,sword,heavy,swift|strike|guard|cut|lunge|unity,fire,sustain,seed|spark|blaze|heal|nourish|vine,balanced,balanced,2,0,1,1,7,9,0,90,0,67
loadout,sword,heavy,swift|strike|guard|cut|lunge|unity,fire,sustain,seed|spark|blaze|heal|nourish|vine,balanced,balanced,2,1,1,0,8,9,0,74,25,0
loadout,sword,heavy,swift|strike|guard|cut|lunge|return,fire,ignite,seed|spark|blaze|heal|vine|inferno,balanced,balanced,0,0,0,0,5,6,17,0,36,0
loadout,sword,heavy,swift|strike|guard|cut|lunge|return,fire,ignite,seed|spark|blaze|heal|vine|inferno,balanced,balanced,0,1,1,1,5,5,0,72,0,72
loadout,sword,heavy,swift|strike|guard|cut|lunge|return,fire,ignite,seed|spark|blaze|heal|vine|inferno,balanced,balanced,1,0,0,0,7,5,38,0,60,0
loadout,sword,heavy,swift|strike|guard|cut|lunge|return,fire,ignite,seed|spark|blaze|heal|vine|inferno,balanced,balanced,1,1,1,1,7,12,0,101,0,59
loadout,sword,heavy,swift|strike|guard|cut|lunge|return,fire,ignite,seed|spark|blaze|heal|vine|inferno,balanced,balanced,2,0,0,0,5,5,53,0,40,0
loadout,sword,heavy,swift|strike|guard|cut|lunge|return,fire,ignite,seed|spark|blaze|heal|vine|inferno,balanced,balanced,2,1,1,1,5,7,0,85,0,23
loadout,sword,heavy,swift|strike|guard|cut|lunge|return,fire,sustain,seed|spark|blaze|heal|nourish|vine,balanced,balanced,0,0,1,0,12,7,0,111,18,0
loadout,sword,heavy,swift|strike|guard|cut|lunge|return,fire,sustain,seed|spark|blaze|heal|nourish|vine,balanced,balanced,0,1,1,1,7,7,0,78,0,78
loadout,sword,heavy,swift|strike|guard|cut|lunge|return,fire,sustain,seed|spark|blaze|heal|nourish|vine,balanced,balanced,1,0,1,1,8,9,0,21,0,78
loadout,sword,heavy,swift|strike|guard|cut|lunge|return,fire,sustain,seed|spark|blaze|heal|nourish|vine,balanced,balanced,1,1,1,1,10,16,0,25,0,63
loadout,sword,heavy,swift|strike|guard|cut|lunge|return,fire,sustain,seed|spark|blaze|heal|nourish|vine,balanced,balanced,2,0,1,1,8,7,0,11,0,12
loadout,sword,heavy,swift|strike|guard|cut|lunge|return,fire,sustain,seed|spark|blaze|heal|nourish|vine,balanced,balanced,2,1,1,1,8,16,0,74,0,24
loadout,sword,heavy,swift|expose|cut|lunge|return|unity,fire,ignite,seed|spark|blaze|heal|vine|inferno,balanced,balanced,0,0,1,0,4,5,0,89,53,0
loadout,sword,heavy,swift|expose|cut|lunge|return|unity,fire,ignite,seed|spark|blaze|heal|vine|inferno,balanced,balanced,0,1,1,1,5,5,0,72,0,72
loadout,sword,heavy,swift|expose|cut|lunge|return|unity,fire,ignite,seed|spark|blaze|heal|vine|inferno,balanced,balanced,1,0,1,1,5,5,0,88,0,39
loadout,sword,heavy,swift|expose|cut|lunge|return|unity,fire,ignite,seed|spark|blaze|heal|vine|inferno,balanced,balanced,1,1,1,1,5,5,0,114,0,114
loadout,sword,heavy,swift|expose|cut|lunge|return|unity,fire,ignite,seed|spark|blaze|heal|vine|inferno,balanced,balanced,2,0,1,1,4,5,0,26,0,108
loadout,sword,heavy,swift|expose|cut|lunge|return|unity,fire,ignite,seed|spark|blaze|heal|vine|inferno,balanced,balanced,2,1,1,1,5,5,0,114,0,114
loadout,sword,heavy,swift|expose|cut|lunge|return|unity,fire,sustain,seed|spark|blaze|heal|nourish|vine,balanced,balanced,0,0,0,0,5,5,20,0,20,0
loadout,sword,heavy,swift|expose|cut|lunge|return|unity,fire,sustain,seed|spark|blaze|heal|nourish|vine,balanced,balanced,0,1,1,1,7,7,0,78,0,78
loadout,sword,heavy,swift|expose|cut|lunge|return|unity,fire,sustain,seed|spark|blaze|heal|nourish|vine,balanced,balanced,1,0,1,1,5,6,0,77,0,115
loadout,sword,heavy,swift|expose|cut|lunge|return|unity,fire,sustain,seed|spark|blaze|heal|nourish|vine,balanced,balanced,1,1,1,1,7,7,0,148,0,148
loadout,sword,heavy,swift|expose|cut|lunge|return|unity,fire,sustain,seed|spark|blaze|heal|nourish|vine,balanced,balanced,2,0,1,0,6,6,0,4,21,0
loadout,sword,heavy,swift|expose|cut|lunge|return|unity,fire,sustain,seed|spark|blaze|heal|nourish|vine,balanced,balanced,2,1,1,1,7,8,0,148,0,144
loadout,sword,heavy,swift|expose|guard|lunge|return|unity,fire,ignite,seed|spark|blaze|heal|vine|inferno,balanced,balanced,0,0,1,1,6,6,0,105,0,45
loadout,sword,heavy,swift|expose|guard|lunge|return|unity,fire,ignite,seed|spark|blaze|heal|vine|inferno,balanced,balanced,0,1,1,1,5,5,0,72,0,72
loadout,sword,heavy,swift|expose|guard|lunge|return|unity,fire,ignite,seed|spark|blaze|heal|vine|inferno,balanced,balanced,1,0,1,1,7,6,0,77,0,22
loadout,sword,heavy,swift|expose|guard|lunge|return|unity,fire,ignite,seed|spark|blaze|heal|vine|inferno,balanced,balanced,1,1,1,1,5,5,0,114,0,114
loadout,sword,heavy,swift|expose|guard|lunge|return|unity,fire,ignite,seed|spark|blaze|heal|vine|inferno,balanced,balanced,2,0,1,1,6,6,0,185,0,66
loadout,sword,heavy,swift|expose|guard|lunge|return|unity,fire,ignite,seed|spark|blaze|heal|vine|inferno,balanced,balanced,2,1,1,1,5,5,0,114,0,114
loadout,sword,heavy,swift|expose|guard|lunge|return|unity,fire,sustain,seed|spark|blaze|heal|nourish|vine,balanced,balanced,0,0,1,1,11,8,0,117,0,119
loadout,sword,heavy,swift|expose|guard|lunge|return|unity,fire,sustain,seed|spark|blaze|heal|nourish|vine,balanced,balanced,0,1,1,1,7,7,0,78,0,78
loadout,sword,heavy,swift|expose|guard|lunge|return|unity,fire,sustain,seed|spark|blaze|heal|nourish|vine,balanced,balanced,1,0,1,1,10,7,0,123,0,114
loadout,sword,heavy,swift|expose|guard|lunge|return|unity,fire,sustain,seed|spark|blaze|heal|nourish|vine,balanced,balanced,1,1,1,1,7,7,0,148,0,148
loadout,sword,heavy,swift|expose|guard|lunge|return|unity,fire,sustain,seed|spark|blaze|heal|nourish|vine,balanced,balanced,2,0,1,1,8,7,0,184,0,8
loadout,sword,heavy,swift|expose|guard|lunge|return|unity,fire,sustain,seed|spark|blaze|heal|nourish|vine,balanced,balanced,2,1,1,1,7,8,0,148,0,144
loadout,sword,heavy,swift|expose|guard|cut|return|unity,fire,ignite,seed|spark|blaze|heal|vine|inferno,balanced,balanced,0,0,1,1,6,7,0,129,0,10
loadout,sword,heavy,swift|expose|guard|cut|return|unity,fire,ignite,seed|spark|blaze|heal|vine|inferno,balanced,balanced,0,1,1,1,5,5,0,114,0,114
loadout,sword,heavy,swift|expose|guard|cut|return|unity,fire,ignite,seed|spark|blaze|heal|vine|inferno,balanced,balanced,1,0,1,1,7,6,0,77,0,20
loadout,sword,heavy,swift|expose|guard|cut|return|unity,fire,ignite,seed|spark|blaze|heal|vine|inferno,balanced,balanced,1,1,1,1,5,5,0,114,0,114
loadout,sword,heavy,swift|expose|guard|cut|return|unity,fire,ignite,seed|spark|blaze|heal|vine|inferno,balanced,balanced,2,0,1,1,6,7,0,185,0,75
loadout,sword,heavy,swift|expose|guard|cut|return|unity,fire,ignite,seed|spark|blaze|heal|vine|inferno,balanced,balanced,2,1,1,1,5,5,0,114,0,114
loadout,sword,heavy,swift|expose|guard|cut|return|unity,fire,sustain,seed|spark|blaze|heal|nourish|vine,balanced,balanced,0,0,1,1,7,7,0,131,0,181
loadout,sword,heavy,swift|expose|guard|cut|return|unity,fire,sustain,seed|spark|blaze|heal|nourish|vine,balanced,balanced,0,1,1,1,7,7,0,148,0,148
loadout,sword,heavy,swift|expose|guard|cut|return|unity,fire,sustain,seed|spark|blaze|heal|nourish|vine,balanced,balanced,1,0,1,1,10,7,0,123,0,114
loadout,sword,heavy,swift|expose|guard|cut|return|unity,fire,sustain,seed|spark|blaze|heal|nourish|vine,balanced,balanced,1,1,1,1,7,7,0,148,0,148
loadout,sword,heavy,swift|expose|guard|cut|return|unity,fire,sustain,seed|spark|blaze|heal|nourish|vine,balanced,balanced,2,0,1,1,8,7,0,184,0,8
loadout,sword,heavy,swift|expose|guard|cut|return|unity,fire,sustain,seed|spark|blaze|heal|nourish|vine,balanced,balanced,2,1,1,1,7,8,0,148,0,144
loadout,sword,heavy,swift|expose|guard|cut|lunge|unity,fire,ignite,seed|spark|blaze|heal|vine|inferno,balanced,balanced,0,0,1,1,6,7,0,133,0,5
loadout,sword,heavy,swift|expose|guard|cut|lunge|unity,fire,ignite,seed|spark|blaze|heal|vine|inferno,balanced,balanced,0,1,1,1,5,5,0,72,0,72
loadout,sword,heavy,swift|expose|guard|cut|lunge|unity,fire,ignite,seed|spark|blaze|heal|vine|inferno,balanced,balanced,1,0,1,1,7,7,0,171,0,93
loadout,sword,heavy,swift|expose|guard|cut|lunge|unity,fire,ignite,seed|spark|blaze|heal|vine|inferno,balanced,balanced,1,1,1,1,5,5,0,114,0,114
loadout,sword,heavy,swift|expose|guard|cut|lunge|unity,fire,ignite,seed|spark|blaze|heal|vine|inferno,balanced,balanced,2,0,1,1,6,7,0,185,0,5
loadout,sword,heavy,swift|expose|guard|cut|lunge|unity,fire,ignite,seed|spark|blaze|heal|vine|inferno,balanced,balanced,2,1,1,1,5,5,0,114,0,114
loadout,sword,heavy,swift|expose|guard|cut|lunge|unity,fire,sustain,seed|spark|blaze|heal|nourish|vine,balanced,balanced,0,0,1,1,11,8,0,159,0,112
loadout,sword,heavy,swift|expose|guard|cut|lunge|unity,fire,sustain,seed|spark|blaze|heal|nourish|vine,balanced,balanced,0,1,1,1,7,7,0,78,0,78
loadout,sword,heavy,swift|expose|guard|cut|lunge|unity,fire,sustain,seed|spark|blaze|heal|nourish|vine,balanced,balanced,1,0,1,1,10,9,0,202,0,144
loadout,sword,heavy,swift|expose|guard|cut|lunge|unity,fire,sustain,seed|spark|blaze|heal|nourish|vine,balanced,balanced,1,1,1,1,7,7,0,148,0,148
loadout,sword,heavy,swift|expose|guard|cut|lunge|unity,fire,sustain,seed|spark|blaze|heal|nourish|vine,balanced,balanced,2,0,1,1,9,7,0,154,0,14
loadout,sword,heavy,swift|expose|guard|cut|lunge|unity,fire,sustain,seed|spark|blaze|heal|nourish|vine,balanced,balanced,2,1,1,1,7,8,0,148,0,144
loadout,sword,heavy,swift|expose|guard|cut|lunge|return,fire,ignite,seed|spark|blaze|heal|vine|inferno,balanced,balanced,0,0,0,0,8,6,72,0,43,0
loadout,sword,heavy,swift|expose|guard|cut|lunge|return,fire,ignite,seed|spark|blaze|heal|vine|inferno,balanced,balanced,0,1,1,1,5,5,0,72,0,72
loadout,sword,heavy,swift|expose|guard|cut|lunge|return,fire,ignite,seed|spark|blaze|heal|vine|inferno,balanced,balanced,1,0,0,1,8,6,28,0,0,20
loadout,sword,heavy,swift|expose|guard|cut|lunge|return,fire,ignite,seed|spark|blaze|heal|vine|inferno,balanced,balanced,1,1,1,1,5,5,0,114,0,114
loadout,sword,heavy,swift|expose|guard|cut|lunge|return,fire,ignite,seed|spark|blaze|heal|vine|inferno,balanced,balanced,2,0,0,0,6,6,62,0,46,0
loadout,sword,heavy,swift|expose|guard|cut|lunge|return,fire,ignite,seed|spark|blaze|heal|vine|inferno,balanced,balanced,2,1,1,1,5,5,0,114,0,114
loadout,sword,heavy,swift|expose|guard|cut|lunge|return,fire,sustain,seed|spark|blaze|heal|nourish|vine,balanced,balanced,0,0,1,1,13,7,0,151,0,22
loadout,sword,heavy,swift|expose|guard|cut|lunge|return,fire,sustain,seed|spark|blaze|heal|nourish|vine,balanced,balanced,0,1,1,1,7,7,0,78,0,78
loadout,sword,heavy,swift|expose|guard|cut|lunge|return,fire,sustain,seed|spark|blaze|heal|nourish|vine,balanced,balanced,1,0,1,1,14,8,0,151,0,116
loadout,sword,heavy,swift|expose|guard|cut|lunge|return,fire,sustain,seed|spark|blaze|heal|nourish|vine,balanced,balanced,1,1,1,1,7,7,0,148,0,148
loadout,sword,heavy,swift|expose|guard|cut|lunge|return,fire,sustain,seed|spark|blaze|heal|nourish|vine,balanced,balanced,2,0,1,1,13,7,0,151,0,40
loadout,sword,heavy,swift|expose|guard|cut|lunge|return,fire,sustain,seed|spark|blaze|heal|nourish|vine,balanced,balanced,2,1,1,1,7,8,0,148,0,144
loadout,sword,heavy,swift|expose|strike|lunge|return|unity,fire,ignite,seed|spark|blaze|heal|vine|inferno,balanced,balanced,0,0,0,1,4,4,67,0,0,22
loadout,sword,heavy,swift|expose|strike|lunge|return|unity,fire,ignite,seed|spark|blaze|heal|vine|inferno,balanced,balanced,0,1,1,1,5,5,0,72,0,72
loadout,sword,heavy,swift|expose|strike|lunge|return|unity,fire,ignite,seed|spark|blaze|heal|vine|inferno,balanced,balanced,1,0,1,0,5,5,0,68,47,0
loadout,sword,heavy,swift|expose|strike|lunge|return|unity,fire,ignite,seed|spark|blaze|heal|vine|inferno,balanced,balanced,1,1,1,1,8,9,0,56,0,32
loadout,sword,heavy,swift|expose|strike|lunge|return|unity,fire,ignite,seed|spark|blaze|heal|vine|inferno,balanced,balanced,2,0,0,1,4,5,85,0,0,108
loadout,sword,heavy,swift|expose|strike|lunge|return|unity,fire,ignite,seed|spark|blaze|heal|vine|inferno,balanced,balanced,2,1,1,1,7,8,0,7,0,62
loadout,sword,heavy,swift|expose|strike|lunge|return|unity,fire,sustain,seed|spark|blaze|heal|nourish|vine,balanced,balanced,0,0,0,0,5,5,20,0,20,0
loadout,sword,heavy,swift|expose|strike|lunge|return|unity,fire,sustain,seed|spark|blaze|heal|nourish|vine,balanced,balanced,0,1,1,1,9,11,0,16,0,16
loadout,sword,heavy,swift|expose|strike|lunge|return|unity,fire,sustain,seed|spark|blaze|heal|nourish|vine,balanced,balanced,1,0,1,1,5,6,0,42,0,124
loadout,sword,heavy,swift|expose|strike|lunge|return|unity,fire,sustain,seed|spark|blaze|heal|nourish|vine,balanced,balanced,1,1,1,1,7,9,0,61,0,18
loadout,sword,heavy,swift|expose|strike|lunge|return|unity,fire,sustain,seed|spark|blaze|heal|nourish|vine,balanced,balanced,2,0,1,0,5,5,0,23,39,0
loadout,sword,heavy,swift|expose|strike|lunge|return|unity,fire,sustain,seed|spark|blaze|heal|nourish|vine,balanced,balanced,2,1,1,1,8,7,0,37,0,64
loadout,sword,heavy,swift|expose|strike|cut|return|unity,fire,ignite,seed|spark|blaze|heal|vine|inferno,balanced,balanced,0,0,0,0,4,4,49,0,73,0
loadout,sword,heavy,swift|expose|strike|cut|return|unity,fire,ignite,seed|spark|blaze|heal|vine|inferno,balanced,balanced,0,1,1,1,4,4,0,78,0,78
loadout,sword,heavy,swift|expose|strike|cut|return|unity,fire,ignite,seed|spark|blaze|heal|vine|inferno,balanced,balanced,1,0,1,0,5,5,0,88,47,0
loadout,sword,heavy,swift|expose|strike|cut|return|unity,fire,ignite,seed|spark|blaze|heal|vine|inferno,balanced,balanced,1,1,1,1,8,9,0,56,0,32
loadout,sword,heavy,swift|expose|strike|cut|return|unity,fire,ignite,seed|spark|blaze|heal|vine|inferno,balanced,balanced,2,0,0,1,4,5,85,0,0,108
loadout,sword,heavy,swift|expose|strike|cut|return|unity,fire,ignite,seed|spark|blaze|heal|vine|inferno,balanced,balanced,2,1,1,1,7,8,0,7,0,47
loadout,sword,heavy,swift|expose|strike|cut|return|unity,fire,sustain,seed|spark|blaze|heal|nourish|vine,balanced,balanced,0,0,0,0,5,5,26,0,26,0
loadout,sword,heavy,swift|expose|strike|cut|return|unity,fire,sustain,seed|spark|blaze|heal|nourish|vine,balanced,balanced,0,1,1,1,9,11,0,16,0,16
loadout,sword,heavy,swift|expose|strike|cut|return|unity,fire,sustain,seed|spark|blaze|heal|nourish|vine,balanced,balanced,1,0,1,1,5,6,0,42,0,124
loadout,sword,heavy,swift|expose|strike|cut|return|unity,fire,sustain,seed|spark|blaze|heal|nourish|vine,balanced,balanced,1,1,1,1,7,9,0,61,0,18
loadout,sword,heavy,swift|expose|strike|cut|return|unity,fire,sustain,seed|spark|blaze|heal|nourish|vine,balanced,balanced,2,0,1,0,5,5,0,23,39,0
loadout,sword,heavy,swift|expose|strike|cut|return|unity,fire,sustain,seed|spark|blaze|heal|nourish|vine,balanced,balanced,2,1,1,1,8,7,0,37,0,64
loadout,sword,heavy,swift|expose|strike|cut|lunge|unity,fire,ignite,seed|spark|blaze|heal|vine|inferno,balanced,balanced,0,0,0,0,4,5,67,0,26,0
loadout,sword,heavy,swift|expose|strike|cut|lunge|unity,fire,ignite,seed|spark|blaze|heal|vine|inferno,balanced,balanced,0,1,1,1,5,5,0,72,0,72
loadout,sword,heavy,swift|expose|strike|cut|lunge|unity,fire,ignite,seed|spark|blaze|heal|vine|inferno,balanced,balanced,1,0,1,0,5,5,0,88,47,0
loadout,sword,heavy,swift|expose|strike|cut|lunge|unity,fire,ignite,seed|spark|blaze|heal|vine|inferno,balanced,balanced,1,1,1,1,8,9,0,56,0,32
loadout,sword,heavy,swift|expose|strike|cut|lunge|unity,fire,ignite,seed|spark|blaze|heal|vine|inferno,balanced,balanced,2,0,0,1,4,5,85,0,0,108
loadout,sword,heavy,swift|expose|strike|cut|lunge|unity,fire,ignite,seed|spark|blaze|heal|vine|inferno,balanced,balanced,2,1,1,1,7,8,0,7,0,47
loadout,sword,heavy,swift|expose|strike|cut|lunge|unity,fire,sustain,seed|spark|blaze|heal|nourish|vine,balanced,balanced,0,0,0,0,5,5,20,0,20,0
loadout,sword,heavy,swift|expose|strike|cut|lunge|unity,fire,sustain,seed|spark|blaze|heal|nourish|vine,balanced,balanced,0,1,1,1,9,11,0,16,0,16
loadout,sword,heavy,swift|expose|strike|cut|lunge|unity,fire,sustain,seed|spark|blaze|heal|nourish|vine,balanced,balanced,1,0,1,1,5,6,0,42,0,124
loadout,sword,heavy,swift|expose|strike|cut|lunge|unity,fire,sustain,seed|spark|blaze|heal|nourish|vine,balanced,balanced,1,1,1,1,7,9,0,61,0,18
loadout,sword,heavy,swift|expose|strike|cut|lunge|unity,fire,sustain,seed|spark|blaze|heal|nourish|vine,balanced,balanced,2,0,1,0,5,5,0,23,39,0
loadout,sword,heavy,swift|expose|strike|cut|lunge|unity,fire,sustain,seed|spark|blaze|heal|nourish|vine,balanced,balanced,2,1,1,1,8,7,0,37,0,64
loadout,sword,heavy,swift|expose|strike|cut|lunge|return,fire,ignite,seed|spark|blaze|heal|vine|inferno,balanced,balanced,0,0,0,0,4,4,67,0,4,0
loadout,sword,heavy,swift|expose|strike|cut|lunge|return,fire,ignite,seed|spark|blaze|heal|vine|inferno,balanced,balanced,0,1,1,1,5,5,0,72,0,72
loadout,sword,heavy,swift|expose|strike|cut|lunge|return,fire,ignite,seed|spark|blaze|heal|vine|inferno,balanced,balanced,1,0,1,0,5,5,0,24,71,0
loadout,sword,heavy,swift|expose|strike|cut|lunge|return,fire,ignite,seed|spark|blaze|heal|vine|inferno,balanced,balanced,1,1,1,1,8,9,0,56,0,32
loadout,sword,heavy,swift|expose|strike|cut|lunge|return,fire,ignite,seed|spark|blaze|heal|vine|inferno,balanced,balanced,2,0,0,0,4,4,85,0,60,0
loadout,sword,heavy,swift|expose|strike|cut|lunge|return,fire,ignite,seed|spark|blaze|heal|vine|inferno,balanced,balanced,2,1,1,0,7,6,0,7,94,0
loadout,sword,heavy,swift|expose|strike|cut|lunge|return,fire,sustain,seed|spark|blaze|heal|nourish|vine,balanced,balanced,0,0,1,0,6,6,0,20,38,0
loadout,sword,heavy,swift|expose|strike|cut|lunge|return,fire,sustain,seed|spark|blaze|heal|nourish|vine,balanced,balanced,0,1,1,1,9,11,0,16,0,16
loadout,sword,heavy,swift|expose|strike|cut|lunge|return,fire,sustain,seed|spark|blaze|heal|nourish|vine,balanced,balanced,1,0,1,0,6,6,0,35,26,0
loadout,sword,heavy,swift|expose|strike|cut|lunge|return,fire,sustain,seed|spark|blaze|heal|nourish|vine,balanced,balanced,1,1,1,1,7,9,0,61,0,40
loadout,sword,heavy,swift|expose|strike|cut|lunge|return,fire,sustain,seed|spark|blaze|heal|nourish|vine,balanced,balanced,2,0,1,1,5,5,0,23,0,23
loadout,sword,heavy,swift|expose|strike|cut|lunge|return,fire,sustain,seed|spark|blaze|heal|nourish|vine,balanced,balanced,2,1,1,1,8,7,0,37,0,86
loadout,sword,heavy,swift|expose|strike|guard|return|unity,fire,ignite,seed|spark|blaze|heal|vine|inferno,balanced,balanced,0,0,1,0,4,5,0,7,61,0
loadout,sword,heavy,swift|expose|strike|guard|return|unity,fire,ignite,seed|spark|blaze|heal|vine|inferno,balanced,balanced,0,1,1,1,4,4,0,78,0,78
loadout,sword,heavy,swift|expose|strike|guard|return|unity,fire,ignite,seed|spark|blaze|heal|vine|inferno,balanced,balanced,1,0,0,0,7,5,20,0,60,0
loadout,sword,heavy,swift|expose|strike|guard|return|unity,fire,ignite,seed|spark|blaze|heal|vine|inferno,balanced,balanced,1,1,1,1,8,9,0,56,0,32
loadout,sword,heavy,swift|expose|strike|guard|return|unity,fire,ignite,seed|spark|blaze|heal|vine|inferno,balanced,balanced,2,0,1,0,6,5,0,185,32,0
loadout,sword,heavy,swift|expose|strike|guard|return|unity,fire,ignite,seed|spark|blaze|heal|vine|inferno,balanced,balanced,2,1,1,1,7,8,0,7,0,53
loadout,sword,heavy,swift|expose|strike|guard|return|unity,fire,sustain,seed|spark|blaze|heal|nourish|vine,balanced,balanced,0,0,0,0,5,5,57,0,86,0
loadout,sword,heavy,swift|expose|strike|guard|return|unity,fire,sustain,seed|spark|blaze|heal|nourish|vine,balanced,balanced,0,1,1,1,9,11,0,16,0,16
loadout,sword,heavy,swift|expose|strike|guard|return|unity,fire,sustain,seed|spark|blaze|heal|nourish|vine,balanced,balanced,1,0,1,1,6,8,0,38,0,61
loadout,sword,heavy,swift|expose|strike|guard|return|unity,fire,sustain,seed|spark|blaze|heal|nourish|vine,balanced,balanced,1,1,1,1,7,9,0,61,0,18
loadout,sword,heavy,swift|expose|strike|guard|return|unity,fire,sustain,seed|spark|blaze|heal|nourish|vine,balanced,balanced,2,0,0,1,6,8,16,0,0,22
loadout,sword,heavy,swift|expose|strike|guard|return|unity,fire,sustain,seed|spark|blaze|heal|nourish|vine,balanced,balanced,2,1,1,1,8,7,0,37,0,64
loadout,sword,heavy,swift|expose|strike|guard|lunge|unity,fire,ignite,seed|spark|blaze|heal|vine|inferno,balanced,balanced,0,0,0,0,4,4,52,0,81,0
loadout,sword,heavy,swift|expose|strike|guard|lunge|unity,fire,ignite,seed|spark|blaze|heal|vine|inferno,balanced,balanced,0,1,1,1,5,5,0,72,0,72
loadout,sword,heavy,swift|expose|strike|guard|lunge|unity,fire,ignite,seed|spark|blaze|heal|vine|inferno,balanced,balanced,1,0,0,0,7,6,20,0,52,0
loadout,sword,heavy,swift|expose|strike|guard|lunge|unity,fire,ignite,seed|spark|blaze|heal|vine|inferno,balanced,balanced,1,1,1,1,8,9,0,56,0,32
loadout,sword,heavy,swift|expose|strike|guard|lunge|unity,fire,ignite,seed|spark|blaze|heal|vine|inferno,balanced,balanced,2,0,1,0,6,5,0,185,32,0
loadout,sword,heavy,swift|expose|strike|guard|lunge|unity,fire,ignite,seed|spark|blaze|heal|vine|inferno,balanced,balanced,2,1,1,1,7,8,0,7,0,53
loadout,sword,heavy,swift|expose|strike|guard|lunge|unity,fire,sustain,seed|spark|blaze|heal|nourish|vine,balanced,balanced,0,0,0,0,5,5,57,0,86,0
loadout,sword,heavy,swift|expose|strike|guard|lunge|unity,fire,sustain,seed|spark|blaze|heal|nourish|vine,balanced,balanced,0,1,1,1,9,11,0,16,0,16
loadout,sword,heavy,swift|expose|strike|guard|lunge|unity,fire,sustain,seed|spark|blaze|heal|nourish|vine,balanced,balanced,1,0,1,1,6,7,0,38,0,103
loadout,sword,heavy,swift|expose|strike|guard|lunge|unity,fire,sustain,seed|spark|blaze|heal|nourish|vine,balanced,balanced,1,1,1,1,7,9,0,61,0,18
loadout,sword,heavy,swift|expose|strike|guard|lunge|unity,fire,sustain,seed|spark|blaze|heal|nourish|vine,balanced,balanced,2,0,0,1,6,7,16,0,0,32
loadout,sword,heavy,swift|expose|strike|guard|lunge|unity,fire,sustain,seed|spark|blaze|heal|nourish|vine,balanced,balanced,2,1,1,1,8,7,0,37,0,64
loadout,sword,heavy,swift|expose|strike|guard|lunge|return,fire,ignite,seed|spark|blaze|heal|vine|inferno,balanced,balanced,0,0,0,0,4,4,52,0,81,0
loadout,sword,heavy,swift|expose|strike|guard|lunge|return,fire,ignite,seed|spark|blaze|heal|vine|inferno,balanced,balanced,0,1,1,1,5,5,0,72,0,72
loadout,sword,heavy,swift|expose|strike|guard|lunge|return,fire,ignite,seed|spark|blaze|heal|vine|inferno,balanced,balanced,1,0,0,0,7,5,71,0,60,0
loadout,sword,heavy,swift|expose|strike|guard|lunge|return,fire,ignite,seed|spark|blaze|heal|vine|inferno,balanced,balanced,1,1,1,1,8,9,0,56,0,32
loadout,sword,heavy,swift|expose|strike|guard|lunge|return,fire,ignite,seed|spark|blaze|heal|vine|inferno,balanced,balanced,2,0,0,0,4,4,50,0,44,0
loadout,sword,heavy,swift|expose|strike|guard|lunge|return,fire,ignite,seed|spark|blaze|heal|vine|inferno,balanced,balanced,2,1,1,1,6,8,0,49,0,53
loadout,sword,heavy,swift|expose|strike|guard|lunge|return,fire,sustain,seed|spark|blaze|heal|nourish|vine,balanced,balanced,0,0,0,0,5,5,57,0,86,0
loadout,sword,heavy,swift|expose|strike|guard|lunge|return,fire,sustain,seed|spark|blaze|heal|nourish|vine,balanced,balanced,0,1,1,1,9,11,0,16,0,16
loadout,sword,heavy,swift|expose|strike|guard|lunge|return,fire,sustain,seed|spark|blaze|heal|nourish|vine,balanced,balanced,1,0,1,1,8,8,0,21,0,61
loadout,sword,heavy,swift|expose|strike|guard|lunge|return,fire,sustain,seed|spark|blaze|heal|nourish|vine,balanced,balanced,1,1,1,1,7,9,0,61,0,40
loadout,sword,heavy,swift|expose|strike|guard|lunge|return,fire,sustain,seed|spark|blaze|heal|nourish|vine,balanced,balanced,2,0,1,0,7,6,0,63,54,0
loadout,sword,heavy,swift|expose|strike|guard|lunge|return,fire,sustain,seed|spark|blaze|heal|nourish|vine,balanced,balanced,2,1,1,1,8,7,0,37,0,86
loadout,sword,heavy,swift|expose|strike|guard|cut|unity,fire,ignite,seed|spark|blaze|heal|vine|inferno,balanced,balanced,0,0,1,0,4,5,0,7,61,0
loadout,sword,heavy,swift|expose|strike|guard|cut|unity,fire,ignite,seed|spark|blaze|heal|vine|inferno,balanced,balanced,0,1,1,1,4,4,0,78,0,78
loadout,sword,heavy,swift|expose|strike|guard|cut|unity,fire,ignite,seed|spark|blaze|heal|vine|inferno,balanced,balanced,1,0,0,0,7,6,32,0,52,0
loadout,sword,heavy,swift|expose|strike|guard|cut|unity,fire,ignite,seed|spark|blaze|heal|vine|inferno,balanced,balanced,1,1,1,1,8,9,0,56,0,32
loadout,sword,heavy,swift|expose|strike|guard|cut|unity,fire,ignite,seed|spark|blaze|heal|vine|inferno,balanced,balanced,2,0,1,0,6,5,0,185,32,0
loadout,sword,heavy,swift|expose|strike|guard|cut|unity,fire,ignite,seed|spark|blaze|heal|vine|inferno,balanced,balanced,2,1,1,1,7,8,0,7,0,47
loadout,sword,heavy,swift|expose|strike|guard|cut|unity,fire,sustain,seed|spark|blaze|heal|nourish|vine,balanced,balanced,0,0,0,0,5,5,57,0,86,0
loadout,sword,heavy,swift|expose|strike|guard|cut|unity,fire,sustain,seed|spark|blaze|heal|nourish|vine,balanced,balanced,0,1,1,1,9,11,0,16,0,16
loadout,sword,heavy,swift|expose|strike|guard|cut|unity,fire,sustain,seed|spark|blaze|heal|nourish|vine,balanced,balanced,1,0,1,1,6,7,0,38,0,103
loadout,sword,heavy,swift|expose|strike|guard|cut|unity,fire,sustain,seed|spark|blaze|heal|nourish|vine,balanced,balanced,1,1,1,1,7,9,0,61,0,18
loadout,sword,heavy,swift|expose|strike|guard|cut|unity,fire,sustain,seed|spark|blaze|heal|nourish|vine,balanced,balanced,2,0,0,1,6,7,16,0,0,32
loadout,sword,heavy,swift|expose|strike|guard|cut|unity,fire,sustain,seed|spark|blaze|heal|nourish|vine,balanced,balanced,2,1,1,1,8,7,0,37,0,64
loadout,sword,heavy,swift|expose|strike|guard|cut|return,fire,ignite,seed|spark|blaze|heal|vine|inferno,balanced,balanced,0,0,1,0,4,5,0,7,61,0
loadout,sword,heavy,swift|expose|strike|guard|cut|return,fire,ignite,seed|spark|blaze|heal|vine|inferno,balanced,balanced,0,1,1,1,4,4,0,78,0,78
loadout,sword,heavy,swift|expose|strike|guard|cut|return,fire,ignite,seed|spark|blaze|heal|vine|inferno,balanced,balanced,1,0,0,0,7,5,71,0,60,0
loadout,sword,heavy,swift|expose|strike|guard|cut|return,fire,ignite,seed|spark|blaze|heal|vine|inferno,balanced,balanced,1,1,1,1,8,9,0,56,0,32
loadout,sword,heavy,swift|expose|strike|guard|cut|return,fire,ignite,seed|spark|blaze|heal|vine|inferno,balanced,balanced,2,0,0,0,4,4,50,0,44,0
loadout,sword,heavy,swift|expose|strike|guard|cut|return,fire,ignite,seed|spark|blaze|heal|vine|inferno,balanced,balanced,2,1,1,1,6,8,0,49,0,47
loadout,sword,heavy,swift|expose|strike|guard|cut|return,fire,sustain,seed|spark|blaze|heal|nourish|vine,balanced,balanced,0,0,0,0,5,5,57,0,86,0
loadout,sword,heavy,swift|expose|strike|guard|cut|return,fire,sustain,seed|spark|blaze|heal|nourish|vine,balanced,balanced,0,1,1,1,9,11,0,16,0,16
loadout,sword,heavy,swift|expose|strike|guard|cut|return,fire,sustain,seed|spark|blaze|heal|nourish|vine,balanced,balanced,1,0,1,1,8,8,0,21,0,61
loadout,sword,heavy,swift|expose|strike|guard|cut|return,fire,sustain,seed|spark|blaze|heal|nourish|vine,balanced,balanced,1,1,1,1,7,9,0,61,0,40
loadout,sword,heavy,swift|expose|strike|guard|cut|return,fire,sustain,seed|spark|blaze|heal|nourish|vine,balanced,balanced,2,0,1,0,7,6,0,63,54,0
loadout,sword,heavy,swift|expose|strike|guard|cut|return,fire,sustain,seed|spark|blaze|heal|nourish|vine,balanced,balanced,2,1,1,1,8,7,0,37,0,86
loadout,sword,heavy,swift|expose|strike|guard|cut|lunge,fire,ignite,seed|spark|blaze|heal|vine|inferno,balanced,balanced,0,0,0,0,4,4,52,0,81,0
loadout,sword,heavy,swift|expose|strike|guard|cut|lunge,fire,ignite,seed|spark|blaze|heal|vine|inferno,balanced,balanced,0,1,1,1,5,5,0,72,0,72
loadout,sword,heavy,swift|expose|strike|guard|cut|lunge,fire,ignite,seed|spark|blaze|heal|vine|inferno,balanced,balanced,1,0,0,0,7,6,71,0,52,0
loadout,sword,heavy,swift|expose|strike|guard|cut|lunge,fire,ignite,seed|spark|blaze|heal|vine|inferno,balanced,balanced,1,1,1,1,8,9,0,56,0,32
loadout,sword,heavy,swift|expose|strike|guard|cut|lunge,fire,ignite,seed|spark|blaze|heal|vine|inferno,balanced,balanced,2,0,0,0,4,4,50,0,44,0
loadout,sword,heavy,swift|expose|strike|guard|cut|lunge,fire,ignite,seed|spark|blaze|heal|vine|inferno,balanced,balanced,2,1,1,1,6,8,0,49,0,47
loadout,sword,heavy,swift|expose|strike|guard|cut|lunge,fire,sustain,seed|spark|blaze|heal|nourish|vine,balanced,balanced,0,0,0,0,5,5,57,0,86,0
loadout,sword,heavy,swift|expose|strike|guard|cut|lunge,fire,sustain,seed|spark|blaze|heal|nourish|vine,balanced,balanced,0,1,1,1,9,11,0,16,0,16
loadout,sword,heavy,swift|expose|strike|guard|cut|lunge,fire,sustain,seed|spark|blaze|heal|nourish|vine,balanced,balanced,1,0,1,0,8,7,0,19,33,0
loadout,sword,heavy,swift|expose|strike|guard|cut|lunge,fire,sustain,seed|spark|blaze|heal|nourish|vine,balanced,balanced,1,1,1,1,7,9,0,61,0,40
loadout,sword,heavy,swift|expose|strike|guard|cut|lunge,fire,sustain,seed|spark|blaze|heal|nourish|vine,balanced,balanced,2,0,1,0,7,6,0,63,54,0
loadout,sword,heavy,swift|expose|strike|guard|cut|lunge,fire,sustain,seed|spark|blaze|heal|nourish|vine,balanced,balanced,2,1,1,1,8,7,0,37,0,86
