group,a_class,a_major,a_skills,b_class,b_major,b_skills,a_style,b_style,distance,first,baseline_winner,new_winner,baseline_rounds,new_rounds,baseline_a_hp,baseline_b_hp,new_a_hp,new_b_hp
core,fire,ignite,seed|spark|blaze|heal|vine|inferno,sword,quick,swift|expose|strike|guard|cut|unity,balanced,balanced,0,0,0,0,5,5,61,0,61,0
core,fire,ignite,seed|spark|blaze|heal|vine|inferno,sword,quick,swift|expose|strike|guard|cut|unity,balanced,balanced,0,1,1,1,4,4,0,15,0,15
core,fire,ignite,seed|spark|blaze|heal|vine|inferno,sword,quick,swift|expose|strike|guard|cut|unity,balanced,balanced,1,0,0,0,7,6,1,0,55,0
core,fire,ignite,seed|spark|blaze|heal|vine|inferno,sword,quick,swift|expose|strike|guard|cut|unity,balanced,balanced,1,1,0,1,8,6,177,0,0,15
core,fire,ignite,seed|spark|blaze|heal|vine|inferno,sword,quick,swift|expose|strike|guard|cut|unity,balanced,balanced,2,0,0,0,5,5,109,0,109,0
core,fire,ignite,seed|spark|blaze|heal|vine|inferno,sword,quick,swift|expose|strike|guard|cut|unity,balanced,balanced,2,1,0,0,7,6,116,0,39,0
core,fire,ignite,seed|spark|blaze|heal|vine|inferno,sword,quick,swift|expose|strike|guard|cut|unity,balanced,aggressive,0,0,0,0,6,4,10,0,40,0
core,fire,ignite,seed|spark|blaze|heal|vine|inferno,sword,quick,swift|expose|strike|guard|cut|unity,balanced,aggressive,0,1,1,1,3,3,0,56,0,56
core,fire,ignite,seed|spark|blaze|heal|vine|inferno,sword,quick,swift|expose|strike|guard|cut|unity,balanced,aggressive,1,0,0,1,6,5,15,0,0,45
core,fire,ignite,seed|spark|blaze|heal|vine|inferno,sword,quick,swift|expose|strike|guard|cut|unity,balanced,aggressive,1,1,1,1,3,3,0,56,0,56
core,fire,ignite,seed|spark|blaze|heal|vine|inferno,sword,quick,swift|expose|strike|guard|cut|unity,balanced,aggressive,2,0,0,0,5,5,78,0,39,0
core,fire,ignite,seed|spark|blaze|heal|vine|inferno,sword,quick,swift|expose|strike|guard|cut|unity,balanced,aggressive,2,1,1,1,3,3,0,56,0,56
core,fire,ignite,seed|spark|blaze|heal|vine|inferno,sword,quick,swift|expose|strike|guard|cut|unity,balanced,defensive,0,0,0,0,5,5,61,0,61,0
core,fire,ignite,seed|spark|blaze|heal|vine|inferno,sword,quick,swift|expose|strike|guard|cut|unity,balanced,defensive,0,1,0,0,14,8,77,0,86,0
core,fire,ignite,seed|spark|blaze|heal|vine|inferno,sword,quick,swift|expose|strike|guard|cut|unity,balanced,defensive,1,0,0,0,8,8,186,0,186,0
core,fire,ignite,seed|spark|blaze|heal|vine|inferno,sword,quick,swift|expose|strike|guard|cut|unity,balanced,defensive,1,1,0,0,9,9,210,0,204,0
core,fire,ignite,seed|spark|blaze|heal|vine|inferno,sword,quick,swift|expose|strike|guard|cut|unity,balanced,defensive,2,0,0,0,8,8,210,0,210,0
core,fire,ignite,seed|spark|blaze|heal|vine|inferno,sword,quick,swift|expose|strike|guard|cut|unity,balanced,defensive,2,1,0,0,9,9,108,0,108,0
core,fire,ignite,seed|spark|blaze|heal|vine|inferno,sword,quick,swift|expose|strike|guard|cut|unity,balanced,burst,0,0,0,0,5,7,87,0,39,0
core,fire,ignite,seed|spark|blaze|heal|vine|inferno,sword,quick,swift|expose|strike|guard|cut|unity,balanced,burst,0,1,0,0,4,4,79,0,79,0
core,fire,ignite,seed|spark|blaze|heal|vine|inferno,sword,quick,swift|expose|strike|guard|cut|unity,balanced,burst,1,0,0,0,5,5,151,0,55,0
core,fire,ignite,seed|spark|blaze|heal|vine|inferno,sword,quick,swift|expose|strike|guard|cut|unity,balanced,burst,1,1,1,1,5,5,0,59,0,59
core,fire,ignite,seed|spark|blaze|heal|vine|inferno,sword,quick,swift|expose|strike|guard|cut|unity,balanced,burst,2,0,0,0,5,5,108,0,102,0
core,fire,ignite,seed|spark|blaze|heal|vine|inferno,sword,quick,swift|expose|strike|guard|cut|unity,balanced,burst,2,1,0,0,4,4,103,0,103,0
core,fire,ignite,seed|spark|blaze|heal|vine|inferno,sword,quick,swift|expose|strike|guard|cut|unity,aggressive,balanced,0,0,1,1,3,3,0,39,0,39
core,fire,ignite,seed|spark|blaze|heal|vine|inferno,sword,quick,swift|expose|strike|guard|cut|unity,aggressive,balanced,0,1,1,1,4,4,0,14,0,14
core,fire,ignite,seed|spark|blaze|heal|vine|inferno,sword,quick,swift|expose|strike|guard|cut|unity,aggressive,balanced,1,0,1,1,3,3,0,39,0,39
core,fire,ignite,seed|spark|blaze|heal|vine|inferno,sword,quick,swift|expose|strike|guard|cut|unity,aggressive,balanced,1,1,1,1,4,4,0,62,0,62
core,fire,ignite,seed|spark|blaze|heal|vine|inferno,sword,quick,swift|expose|strike|guard|cut|unity,aggressive,balanced,2,0,0,0,4,4,30,0,30,0
core,fire,ignite,seed|spark|blaze|heal|vine|inferno,sword,quick,swift|expose|strike|guard|cut|unity,aggressive,balanced,2,1,0,0,4,4,8,0,8,0
core,fire,ignite,seed|spark|blaze|heal|vine|inferno,sword,quick,swift|expose|strike|guard|cut|unity,aggressive,aggressive,0,0,1,1,3,3,0,15,0,15
core,fire,ignite,seed|spark|blaze|heal|vine|inferno,sword,quick,swift|expose|strike|guard|cut|unity,aggressive,aggressive,0,1,1,1,4,4,0,55,0,55
core,fire,ignite,seed|spark|blaze|heal|vine|inferno,sword,quick,swift|expose|strike|guard|cut|unity,aggressive,aggressive,1,0,1,1,3,3,0,68,0,15
core,fire,ignite,seed|spark|blaze|heal|vine|inferno,sword,quick,swift|expose|strike|guard|cut|unity,aggressive,aggressive,1,1,1,1,3,3,0,75,0,75
core,fire,ignite,seed|spark|blaze|heal|vine|inferno,sword,quick,swift|expose|strike|guard|cut|unity,aggressive,aggressive,2,0,1,1,3,3,0,68,0,15
core,fire,ignite,seed|spark|blaze|heal|vine|inferno,sword,quick,swift|expose|strike|guard|cut|unity,aggressive,aggressive,2,1,0,0,4,4,7,0,7,0
core,fire,ignite,seed|spark|blaze|heal|vine|inferno,sword,quick,swift|expose|strike|guard|cut|unity,aggressive,defensive,0,0,1,1,3,3,0,39,0,39
core,fire,ignite,seed|spark|blaze|heal|vine|inferno,sword,quick,swift|expose|strike|guard|cut|unity,aggressive,defensive,0,1,0,0,9,9,160,0,160,0
core,fire,ignite,seed|spark|blaze|heal|vine|inferno,sword,quick,swift|expose|strike|guard|cut|unity,aggressive,defensive,1,0,1,1,3,3,0,39,0,39
core,fire,ignite,seed|spark|blaze|heal|vine|inferno,sword,quick,swift|expose|strike|guard|cut|unity,aggressive,defensive,1,1,0,0,9,9,160,0,160,0
core,fire,ignite,seed|spark|blaze|heal|vine|inferno,sword,quick,swift|expose|strike|guard|cut|unity,aggressive,defensive,2,0,0,0,5,5,91,0,91,0
core,fire,ignite,seed|spark|blaze|heal|vine|inferno,sword,quick,swift|expose|strike|guard|cut|unity,aggressive,defensive,2,1,0,0,9,9,129,0,129,0
core,fire,ignite,seed|spark|blaze|heal|vine|inferno,sword,quick,swift|expose|strike|guard|cut|unity,aggressive,burst,0,0,1,1,3,3,0,39,0,39
core,fire,ignite,seed|spark|blaze|heal|vine|inferno,sword,quick,swift|expose|strike|guard|cut|unity,aggressive,burst,0,1,1,1,3,3,0,85,0,85
core,fire,ignite,seed|spark|blaze|heal|vine|inferno,sword,quick,swift|expose|strike|guard|cut|unity,aggressive,burst,1,0,1,1,3,3,0,39,0,39
core,fire,ignite,seed|spark|blaze|heal|vine|inferno,sword,quick,swift|expose|strike|guard|cut|unity,aggressive,burst,1,1,1,1,3,3,0,75,0,75
core,fire,ignite,seed|spark|blaze|heal|vine|inferno,sword,quick,swift|expose|strike|guard|cut|unity,aggressive,burst,2,0,0,0,5,4,2,0,44,0
core,fire,ignite,seed|spark|blaze|heal|vine|inferno,sword,quick,swift|expose|strike|guard|cut|unity,aggressive,burst,2,1,0,0,4,4,73,0,73,0
core,fire,ignite,seed|spark|blaze|heal|vine|inferno,sword,quick,swift|expose|strike|guard|cut|unity,defensive,balanced,0,0,0,0,8,8,83,0,61,0
core,fire,ignite,seed|spark|blaze|heal|vine|inferno,sword,quick,swift|expose|strike|guard|cut|unity,defensive,balanced,0,1,1,1,4,4,0,15,0,15
core,fire,ignite,seed|spark|blaze|heal|vine|inferno,sword,quick,swift|expose|strike|guard|cut|unity,defensive,balanced,1,0,0,0,8,8,82,0,60,0
core,fire,ignite,seed|spark|blaze|heal|vine|inferno,sword,quick,swift|expose|strike|guard|cut|unity,defensive,balanced,1,1,0,1,6,6,4,0,0,1
core,fire,ignite,seed|spark|blaze|heal|vine|inferno,sword,quick,swift|expose|strike|guard|cut|unity,defensive,balanced,2,0,0,0,6,6,204,0,190,0
core,fire,ignite,seed|spark|blaze|heal|vine|inferno,sword,quick,swift|expose|strike|guard|cut|unity,defensive,balanced,2,1,0,0,6,6,152,0,136,0
core,fire,ignite,seed|spark|blaze|heal|vine|inferno,sword,quick,swift|expose|strike|guard|cut|unity,defensive,aggressive,0,0,1,1,5,5,0,56,0,50
core,fire,ignite,seed|spark|blaze|heal|vine|inferno,sword,quick,swift|expose|strike|guard|cut|unity,defensive,aggressive,0,1,1,1,3,3,0,56,0,56
core,fire,ignite,seed|spark|blaze|heal|vine|inferno,sword,quick,swift|expose|strike|guard|cut|unity,defensive,aggressive,1,0,1,0,4,5,0,64,5,0
core,fire,ignite,seed|spark|blaze|heal|vine|inferno,sword,quick,swift|expose|strike|guard|cut|unity,defensive,aggressive,1,1,1,1,3,3,0,56,0,56
core,fire,ignite,seed|spark|blaze|heal|vine|inferno,sword,quick,swift|expose|strike|guard|cut|unity,defensive,aggressive,2,0,0,0,5,5,67,0,61,0
core,fire,ignite,seed|spark|blaze|heal|vine|inferno,sword,quick,swift|expose|strike|guard|cut|unity,defensive,aggressive,2,1,1,1,3,3,0,56,0,56
core,fire,ignite,seed|spark|blaze|heal|vine|inferno,sword,quick,swift|expose|strike|guard|cut|unity,defensive,defensive,0,0,0,0,18,18,169,0,141,0
core,fire,ignite,seed|spark|blaze|heal|vine|inferno,sword,quick,swift|expose|strike|guard|cut|unity,defensive,defensive,0,1,0,0,12,14,135,0,94,0
core,fire,ignite,seed|spark|blaze|heal|vine|inferno,sword,quick,swift|expose|strike|guard|cut|unity,defensive,defensive,1,0,0,0,9,9,210,0,210,0
core,fire,ignite,seed|spark|blaze|heal|vine|inferno,sword,quick,swift|expose|strike|guard|cut|unity,defensive,defensive,1,1,0,0,11,13,199,0,48,0
core,fire,ignite,seed|spark|blaze|heal|vine|inferno,sword,quick,swift|expose|strike|guard|cut|unity,defensive,defensive,2,0,0,0,8,8,210,0,210,0
core,fire,ignite,seed|spark|blaze|heal|vine|inferno,sword,quick,swift|expose|strike|guard|cut|unity,defensive,defensive,2,1,0,0,11,11,133,0,125,0
core,fire,ignite,seed|spark|blaze|heal|vine|inferno,sword,quick,swift|expose|strike|guard|cut|unity,defensive,burst,0,0,0,0,7,7,140,0,124,0
core,fire,ignite,seed|spark|blaze|heal|vine|inferno,sword,quick,swift|expose|strike|guard|cut|unity,defensive,burst,0,1,0,0,5,5,12,0,12,0
core,fire,ignite,seed|spark|blaze|heal|vine|inferno,sword,quick,swift|expose|strike|guard|cut|unity,defensive,burst,1,0,0,0,5,5,177,0,161,0
core,fire,ignite,seed|spark|blaze|heal|vine|inferno,sword,quick,swift|expose|strike|guard|cut|unity,defensive,burst,1,1,0,0,5,5,68,0,60,0
core,fire,ignite,seed|spark|blaze|heal|vine|inferno,sword,quick,swift|expose|strike|guard|cut|unity,defensive,burst,2,0,0,1,6,5,90,0,0,41
core,fire,ignite,seed|spark|blaze|heal|vine|inferno,sword,quick,swift|expose|strike|guard|cut|unity,defensive,burst,2,1,0,0,6,5,87,0,70,0
core,fire,ignite,seed|spark|blaze|heal|vine|inferno,sword,quick,swift|expose|strike|guard|cut|unity,burst,balanced,0,0,1,1,5,5,0,148,0,148
core,fire,ignite,seed|spark|blaze|heal|vine|inferno,sword,quick,swift|expose|strike|guard|cut|unity,burst,balanced,0,1,1,1,4,4,0,68,0,68
core,fire,ignite,seed|spark|blaze|heal|vine|inferno,sword,quick,swift|expose|strike|guard|cut|unity,burst,balanced,1,0,0,0,6,6,69,0,69,0
core,fire,ignite,seed|spark|blaze|heal|vine|inferno,sword,quick,swift|expose|strike|guard|cut|unity,burst,balanced,1,1,1,0,6,6,0,63,29,0
core,fire,ignite,seed|spark|blaze|heal|vine|inferno,sword,quick,swift|expose|strike|guard|cut|unity,burst,balanced,2,0,1,1,4,4,0,164,0,164
core,fire,ignite,seed|spark|blaze|heal|vine|inferno,sword,quick,swift|expose|strike|guard|cut|unity,burst,balanced,2,1,1,1,5,5,0,90,0,90
core,fire,ignite,seed|spark|blaze|heal|vine|inferno,sword,quick,swift|expose|strike|guard|cut|unity,burst,aggressive,0,0,0,0,4,4,68,0,68,0
core,fire,ignite,seed|spark|blaze|heal|vine|inferno,sword,quick,swift|expose|strike|guard|cut|unity,burst,aggressive,0,1,1,1,3,3,0,56,0,56
core,fire,ignite,seed|spark|blaze|heal|vine|inferno,sword,quick,swift|expose|strike|guard|cut|unity,burst,aggressive,1,0,0,1,7,5,10,0,0,45
core,fire,ignite,seed|spark|blaze|heal|vine|inferno,sword,quick,swift|expose|strike|guard|cut|unity,burst,aggressive,1,1,1,1,3,3,0,56,0,56
core,fire,ignite,seed|spark|blaze|heal|vine|inferno,sword,quick,swift|expose|strike|guard|cut|unity,burst,aggressive,2,0,1,0,5,5,0,35,47,0
core,fire,ignite,seed|spark|blaze|heal|vine|inferno,sword,quick,swift|expose|strike|guard|cut|unity,burst,aggressive,2,1,1,1,3,3,0,56,0,56
core,fire,ignite,seed|spark|blaze|heal|vine|inferno,sword,quick,swift|expose|strike|guard|cut|unity,burst,defensive,0,0,1,1,5,5,0,148,0,148
core,fire,ignite,seed|spark|blaze|heal|vine|inferno,sword,quick,swift|expose|strike|guard|cut|unity,burst,defensive,0,1,1,1,6,6,0,196,0,196
core,fire,ignite,seed|spark|blaze|heal|vine|inferno,sword,quick,swift|expose|strike|guard|cut|unity,burst,defensive,1,0,0,0,8,6,47,0,17,0
core,fire,ignite,seed|spark|blaze|heal|vine|inferno,sword,quick,swift|expose|strike|guard|cut|unity,burst,defensive,1,1,1,1,7,7,0,120,0,120
core,fire,ignite,seed|spark|blaze|heal|vine|inferno,sword,quick,swift|expose|strike|guard|cut|unity,burst,defensive,2,0,1,1,4,4,0,176,0,176
core,fire,ignite,seed|spark|blaze|heal|vine|inferno,sword,quick,swift|expose|strike|guard|cut|unity,burst,defensive,2,1,0,0,9,9,108,0,108,0
core,fire,ignite,seed|spark|blaze|heal|vine|inferno,sword,quick,swift|expose|strike|guard|cut|unity,burst,burst,0,0,1,0,4,6,0,95,3,0
core,fire,ignite,seed|spark|blaze|heal|vine|inferno,sword,quick,swift|expose|strike|guard|cut|unity,burst,burst,0,1,0,0,4,4,79,0,79,0
core,fire,ignite,seed|spark|blaze|heal|vine|inferno,sword,quick,swift|expose|strike|guard|cut|unity,burst,burst,1,0,0,1,6,4,79,0,0,68
core,fire,ignite,seed|spark|blaze|heal|vine|inferno,sword,quick,swift|expose|strike|guard|cut|unity,burst,burst,1,1,1,1,5,4,0,59,0,79
core,fire,ignite,seed|spark|blaze|heal|vine|inferno,sword,quick,swift|expose|strike|guard|cut|unity,burst,burst,2,0,0,1,7,6,96,0,0,29
core,fire,ignite,seed|spark|blaze|heal|vine|inferno,sword,quick,swift|expose|strike|guard|cut|unity,burst,burst,2,1,0,0,4,4,103,0,103,0
core,fire,ignite,seed|spark|blaze|heal|vine|inferno,sword,heavy,swift|expose|strike|guard|return|unity,balanced,balanced,0,0,0,0,4,4,78,0,78,0
core,fire,ignite,seed|spark|blaze|heal|vine|inferno,sword,heavy,swift|expose|strike|guard|return|unity,balanced,balanced,0,1,0,0,4,4,7,0,7,0
core,fire,ignite,seed|spark|blaze|heal|vine|inferno,sword,heavy,swift|expose|strike|guard|return|unity,balanced,balanced,1,0,0,0,8,8,96,0,56,0
core,fire,ignite,seed|spark|blaze|heal|vine|inferno,sword,heavy,swift|expose|strike|guard|return|unity,balanced,balanced,1,1,0,1,7,7,26,0,0,20
core,fire,ignite,seed|spark|blaze|heal|vine|inferno,sword,heavy,swift|expose|strike|guard|return|unity,balanced,balanced,2,0,0,0,7,7,65,0,7,0
core,fire,ignite,seed|spark|blaze|heal|vine|inferno,sword,heavy,swift|expose|strike|guard|return|unity,balanced,balanced,2,1,0,0,6,6,193,0,185,0
core,fire,ignite,seed|spark|blaze|heal|vine|inferno,sword,heavy,swift|expose|strike|guard|return|unity,balanced,aggressive,0,0,0,0,5,5,57,0,64,0
core,fire,ignite,seed|spark|blaze|heal|vine|inferno,sword,heavy,swift|expose|strike|guard|return|unity,balanced,aggressive,0,1,1,1,4,4,0,15,0,15
core,fire,ignite,seed|spark|blaze|heal|vine|inferno,sword,heavy,swift|expose|strike|guard|return|unity,balanced,aggressive,1,0,0,1,6,5,105,0,0,65
core,fire,ignite,seed|spark|blaze|heal|vine|inferno,sword,heavy,swift|expose|strike|guard|return|unity,balanced,aggressive,1,1,1,1,4,4,0,15,0,15
core,fire,ignite,seed|spark|blaze|heal|vine|inferno,sword,heavy,swift|expose|strike|guard|return|unity,balanced,aggressive,2,0,0,1,6,5,105,0,0,56
core,fire,ignite,seed|spark|blaze|heal|vine|inferno,sword,heavy,swift|expose|strike|guard|return|unity,balanced,aggressive,2,1,1,1,4,4,0,15,0,15
core,fire,ignite,seed|spark|blaze|heal|vine|inferno,sword,heavy,swift|expose|strike|guard|return|unity,balanced,defensive,0,0,0,0,6,11,131,0,29,0
core,fire,ignite,seed|spark|blaze|heal|vine|inferno,sword,heavy,swift|expose|strike|guard|return|unity,balanced,defensive,0,1,0,0,15,7,157,0,105,0
core,fire,ignite,seed|spark|blaze|heal|vine|inferno,sword,heavy,swift|expose|strike|guard|return|unity,balanced,defensive,1,0,0,0,8,8,186,0,186,0
core,fire,ignite,seed|spark|blaze|heal|vine|inferno,sword,heavy,swift|expose|strike|guard|return|unity,balanced,defensive,1,1,0,0,12,9,158,0,168,0
core,fire,ignite,seed|spark|blaze|heal|vine|inferno,sword,heavy,swift|expose|strike|guard|return|unity,balanced,defensive,2,0,0,0,8,8,210,0,210,0
core,fire,ignite,seed|spark|blaze|heal|vine|inferno,sword,heavy,swift|expose|strike|guard|return|unity,balanced,defensive,2,1,0,0,9,9,95,0,95,0
core,fire,ignite,seed|spark|blaze|heal|vine|inferno,sword,heavy,swift|expose|strike|guard|return|unity,balanced,burst,0,0,0,1,6,5,77,0,0,46
core,fire,ignite,seed|spark|blaze|heal|vine|inferno,sword,heavy,swift|expose|strike|guard|return|unity,balanced,burst,0,1,0,0,6,6,71,0,63,0
core,fire,ignite,seed|spark|blaze|heal|vine|inferno,sword,heavy,swift|expose|strike|guard|return|unity,balanced,burst,1,0,0,0,6,5,116,0,124,0
core,fire,ignite,seed|spark|blaze|heal|vine|inferno,sword,heavy,swift|expose|strike|guard|return|unity,balanced,burst,1,1,0,0,5,5,56,0,56,0
core,fire,ignite,seed|spark|blaze|heal|vine|inferno,sword,heavy,swift|expose|strike|guard|return|unity,balanced,burst,2,0,0,0,6,5,116,0,124,0
core,fire,ignite,seed|spark|blaze|heal|vine|inferno,sword,heavy,swift|expose|strike|guard|return|unity,balanced,burst,2,1,0,0,7,7,140,0,132,0
core,fire,ignite,seed|spark|blaze|heal|vine|inferno,sword,heavy,swift|expose|strike|guard|return|unity,aggressive,balanced,0,0,1,1,3,3,0,39,0,39
core,fire,ignite,seed|spark|blaze|heal|vine|inferno,sword,heavy,swift|expose|strike|guard|return|unity,aggressive,balanced,0,1,1,1,5,5,0,44,0,44
core,fire,ignite,seed|spark|blaze|heal|vine|inferno,sword,heavy,swift|expose|strike|guard|return|unity,aggressive,balanced,1,0,1,1,3,3,0,39,0,39
core,fire,ignite,seed|spark|blaze|heal|vine|inferno,sword,heavy,swift|expose|strike|guard|return|unity,aggressive,balanced,1,1,1,1,4,4,0,84,0,84
core,fire,ignite,seed|spark|blaze|heal|vine|inferno,sword,heavy,swift|expose|strike|guard|return|unity,aggressive,balanced,2,0,0,0,4,4,17,0,17,0
core,fire,ignite,seed|spark|blaze|heal|vine|inferno,sword,heavy,swift|expose|strike|guard|return|unity,aggressive,balanced,2,1,0,0,6,6,21,0,21,0
core,fire,ignite,seed|spark|blaze|heal|vine|inferno,sword,heavy,swift|expose|strike|guard|return|unity,aggressive,aggressive,0,0,1,1,3,3,0,15,0,15
core,fire,ignite,seed|spark|blaze|heal|vine|inferno,sword,heavy,swift|expose|strike|guard|return|unity,aggressive,aggressive,0,1,1,1,4,4,0,55,0,55
core,fire,ignite,seed|spark|blaze|heal|vine|inferno,sword,heavy,swift|expose|strike|guard|return|unity,aggressive,aggressive,1,0,0,1,4,3,36,0,0,34
core,fire,ignite,seed|spark|blaze|heal|vine|inferno,sword,heavy,swift|expose|strike|guard|return|unity,aggressive,aggressive,1,1,1,1,3,3,0,75,0,75
core,fire,ignite,seed|spark|blaze|heal|vine|inferno,sword,heavy,swift|expose|strike|guard|return|unity,aggressive,aggressive,2,0,0,0,4,4,46,0,7,0
core,fire,ignite,seed|spark|blaze|heal|vine|inferno,sword,heavy,swift|expose|strike|guard|return|unity,aggressive,aggressive,2,1,1,1,4,4,0,81,0,81
core,fire,ignite,seed|spark|blaze|heal|vine|inferno,sword,heavy,swift|expose|strike|guard|return|unity,aggressive,defensive,0,0,1,1,3,3,0,39,0,39
core,fire,ignite,seed|spark|blaze|heal|vine|inferno,sword,heavy,swift|expose|strike|guard|return|unity,aggressive,defensive,0,1,0,0,9,9,117,0,117,0
core,fire,ignite,seed|spark|blaze|heal|vine|inferno,sword,heavy,swift|expose|strike|guard|return|unity,aggressive,defensive,1,0,1,1,3,3,0,39,0,39
core,fire,ignite,seed|spark|blaze|heal|vine|inferno,sword,heavy,swift|expose|strike|guard|return|unity,aggressive,defensive,1,1,0,0,9,9,160,0,160,0
core,fire,ignite,seed|spark|blaze|heal|vine|inferno,sword,heavy,swift|expose|strike|guard|return|unity,aggressive,defensive,2,0,0,0,5,5,56,0,56,0
core,fire,ignite,seed|spark|blaze|heal|vine|inferno,sword,heavy,swift|expose|strike|guard|return|unity,aggressive,defensive,2,1,0,0,9,9,123,0,123,0
core,fire,ignite,seed|spark|blaze|heal|vine|inferno,sword,heavy,swift|expose|strike|guard|return|unity,aggressive,burst,0,0,1,1,3,3,0,39,0,39
core,fire,ignite,seed|spark|blaze|heal|vine|inferno,sword,heavy,swift|expose|strike|guard|return|unity,aggressive,burst,0,1,1,1,4,4,0,87,0,87
core,fire,ignite,seed|spark|blaze|heal|vine|inferno,sword,heavy,swift|expose|strike|guard|return|unity,aggressive,burst,1,0,1,1,3,3,0,39,0,39
core,fire,ignite,seed|spark|blaze|heal|vine|inferno,sword,heavy,swift|expose|strike|guard|return|unity,aggressive,burst,1,1,0,0,5,5,126,0,126,0
core,fire,ignite,seed|spark|blaze|heal|vine|inferno,sword,heavy,swift|expose|strike|guard|return|unity,aggressive,burst,2,0,0,0,4,4,108,0,108,0
core,fire,ignite,seed|spark|blaze|heal|vine|inferno,sword,heavy,swift|expose|strike|guard|return|unity,aggressive,burst,2,1,1,1,5,5,0,23,0,23
core,fire,ignite,seed|spark|blaze|heal|vine|inferno,sword,heavy,swift|expose|strike|guard|return|unity,defensive,balanced,0,0,1,1,8,8,0,66,0,70
core,fire,ignite,seed|spark|blaze|heal|vine|inferno,sword,heavy,swift|expose|strike|guard|return|unity,defensive,balanced,0,1,1,1,4,4,0,52,0,52
core,fire,ignite,seed|spark|blaze|heal|vine|inferno,sword,heavy,swift|expose|strike|guard|return|unity,defensive,balanced,1,0,0,0,8,8,136,0,163,0
core,fire,ignite,seed|spark|blaze|heal|vine|inferno,sword,heavy,swift|expose|strike|guard|return|unity,defensive,balanced,1,1,0,1,6,7,30,0,0,18
core,fire,ignite,seed|spark|blaze|heal|vine|inferno,sword,heavy,swift|expose|strike|guard|return|unity,defensive,balanced,2,0,0,0,7,7,93,0,71,0
core,fire,ignite,seed|spark|blaze|heal|vine|inferno,sword,heavy,swift|expose|strike|guard|return|unity,defensive,balanced,2,1,0,0,6,6,167,0,159,0
core,fire,ignite,seed|spark|blaze|heal|vine|inferno,sword,heavy,swift|expose|strike|guard|return|unity,defensive,aggressive,0,0,0,1,6,5,97,0,0,50
core,fire,ignite,seed|spark|blaze|heal|vine|inferno,sword,heavy,swift|expose|strike|guard|return|unity,defensive,aggressive,0,1,1,1,4,4,0,15,0,15
core,fire,ignite,seed|spark|blaze|heal|vine|inferno,sword,heavy,swift|expose|strike|guard|return|unity,defensive,aggressive,1,0,0,0,5,5,44,0,28,0
core,fire,ignite,seed|spark|blaze|heal|vine|inferno,sword,heavy,swift|expose|strike|guard|return|unity,defensive,aggressive,1,1,1,1,4,4,0,15,0,15
core,fire,ignite,seed|spark|blaze|heal|vine|inferno,sword,heavy,swift|expose|strike|guard|return|unity,defensive,aggressive,2,0,0,0,5,5,44,0,28,0
core,fire,ignite,seed|spark|blaze|heal|vine|inferno,sword,heavy,swift|expose|strike|guard|return|unity,defensive,aggressive,2,1,1,1,4,4,0,15,0,15
core,fire,ignite,seed|spark|blaze|heal|vine|inferno,sword,heavy,swift|expose|strike|guard|return|unity,defensive,defensive,0,0,0,1,18,21,159,0,0,21
core,fire,ignite,seed|spark|blaze|heal|vine|inferno,sword,heavy,swift|expose|strike|guard|return|unity,defensive,defensive,0,1,0,0,14,14,192,0,104,0
core,fire,ignite,seed|spark|blaze|heal|vine|inferno,sword,heavy,swift|expose|strike|guard|return|unity,defensive,defensive,1,0,0,0,9,9,210,0,210,0
core,fire,ignite,seed|spark|blaze|heal|vine|inferno,sword,heavy,swift|expose|strike|guard|return|unity,defensive,defensive,1,1,0,0,12,12,150,0,155,0
core,fire,ignite,seed|spark|blaze|heal|vine|inferno,sword,heavy,swift|expose|strike|guard|return|unity,defensive,defensive,2,0,0,0,8,8,210,0,210,0
core,fire,ignite,seed|spark|blaze|heal|vine|inferno,sword,heavy,swift|expose|strike|guard|return|unity,defensive,defensive,2,1,0,0,15,12,156,0,138,0
core,fire,ignite,seed|spark|blaze|heal|vine|inferno,sword,heavy,swift|expose|strike|guard|return|unity,defensive,burst,0,0,0,0,6,8,147,0,133,0
core,fire,ignite,seed|spark|blaze|heal|vine|inferno,sword,heavy,swift|expose|strike|guard|return|unity,defensive,burst,0,1,1,1,6,6,0,16,0,16
core,fire,ignite,seed|spark|blaze|heal|vine|inferno,sword,heavy,swift|expose|strike|guard|return|unity,defensive,burst,1,0,0,0,6,6,147,0,210,0
core,fire,ignite,seed|spark|blaze|heal|vine|inferno,sword,heavy,swift|expose|strike|guard|return|unity,defensive,burst,1,1,0,0,5,5,82,0,82,0
core,fire,ignite,seed|spark|blaze|heal|vine|inferno,sword,heavy,swift|expose|strike|guard|return|unity,defensive,burst,2,0,0,0,5,6,200,0,210,0
core,fire,ignite,seed|spark|blaze|heal|vine|inferno,sword,heavy,swift|expose|strike|guard|return|unity,defensive,burst,2,1,0,0,7,7,140,0,132,0
core,fire,ignite,seed|spark|blaze|heal|vine|inferno,sword,heavy,swift|expose|strike|guard|return|unity,burst,balanced,0,0,1,1,6,6,0,67,0,67
core,fire,ignite,seed|spark|blaze|heal|vine|inferno,sword,heavy,swift|expose|strike|guard|return|unity,burst,balanced,0,1,1,1,4,4,0,105,0,105
core,fire,ignite,seed|spark|blaze|heal|vine|inferno,sword,heavy,swift|expose|strike|guard|return|unity,burst,balanced,1,0,0,0,4,4,115,0,115,0
core,fire,ignite,seed|spark|blaze|heal|vine|inferno,sword,heavy,swift|expose|strike|guard|return|unity,burst,balanced,1,1,1,1,6,6,0,62,0,62
core,fire,ignite,seed|spark|blaze|heal|vine|inferno,sword,heavy,swift|expose|strike|guard|return|unity,burst,balanced,2,0,1,1,6,6,0,80,0,80
core,fire,ignite,seed|spark|blaze|heal|vine|inferno,sword,heavy,swift|expose|strike|guard|return|unity,burst,balanced,2,1,0,0,7,7,94,0,87,0
core,fire,ignite,seed|spark|blaze|heal|vine|inferno,sword,heavy,swift|expose|strike|guard|return|unity,burst,aggressive,0,0,0,0,4,4,74,0,74,0
core,fire,ignite,seed|spark|blaze|heal|vine|inferno,sword,heavy,swift|expose|strike|guard|return|unity,burst,aggressive,0,1,1,1,4,4,0,22,0,22
core,fire,ignite,seed|spark|blaze|heal|vine|inferno,sword,heavy,swift|expose|strike|guard|return|unity,burst,aggressive,1,0,1,1,6,4,0,38,0,49
core,fire,ignite,seed|spark|blaze|heal|vine|inferno,sword,heavy,swift|expose|strike|guard|return|unity,burst,aggressive,1,1,1,1,4,4,0,64,0,64
core,fire,ignite,seed|spark|blaze|heal|vine|inferno,sword,heavy,swift|expose|strike|guard|return|unity,burst,aggressive,2,0,0,0,4,4,84,0,76,0
core,fire,ignite,seed|spark|blaze|heal|vine|inferno,sword,heavy,swift|expose|strike|guard|return|unity,burst,aggressive,2,1,1,1,4,4,0,64,0,64
core,fire,ignite,seed|spark|blaze|heal|vine|inferno,sword,heavy,swift|expose|strike|guard|return|unity,burst,defensive,0,0,1,1,6,6,0,31,0,31
core,fire,ignite,seed|spark|blaze|heal|vine|inferno,sword,heavy,swift|expose|strike|guard|return|unity,burst,defensive,0,1,1,1,10,7,0,102,0,135
core,fire,ignite,seed|spark|blaze|heal|vine|inferno,sword,heavy,swift|expose|strike|guard|return|unity,burst,defensive,1,0,0,0,6,5,153,0,144,0
core,fire,ignite,seed|spark|blaze|heal|vine|inferno,sword,heavy,swift|expose|strike|guard|return|unity,burst,defensive,1,1,1,1,12,10,0,11,0,52
core,fire,ignite,seed|spark|blaze|heal|vine|inferno,sword,heavy,swift|expose|strike|guard|return|unity,burst,defensive,2,0,1,1,6,6,0,15,0,15
core,fire,ignite,seed|spark|blaze|heal|vine|inferno,sword,heavy,swift|expose|strike|guard|return|unity,burst,defensive,2,1,0,0,9,9,95,0,95,0
core,fire,ignite,seed|spark|blaze|heal|vine|inferno,sword,heavy,swift|expose|strike|guard|return|unity,burst,burst,0,0,0,0,5,5,118,0,118,0
core,fire,ignite,seed|spark|blaze|heal|vine|inferno,sword,heavy,swift|expose|strike|guard|return|unity,burst,burst,0,1,0,1,6,6,18,0,0,35
core,fire,ignite,seed|spark|blaze|heal|vine|inferno,sword,heavy,swift|expose|strike|guard|return|unity,burst,burst,1,0,0,1,6,5,36,0,0,8
core,fire,ignite,seed|spark|blaze|heal|vine|inferno,sword,heavy,swift|expose|strike|guard|return|unity,burst,burst,1,1,0,0,5,5,56,0,56,0
core,fire,ignite,seed|spark|blaze|heal|vine|inferno,sword,heavy,swift|expose|strike|guard|return|unity,burst,burst,2,0,0,0,5,5,76,0,76,0
core,fire,ignite,seed|spark|blaze|heal|vine|inferno,sword,heavy,swift|expose|strike|guard|return|unity,burst,burst,2,1,1,1,4,4,0,105,0,88
core,fire,sustain,seed|spark|blaze|heal|nourish|vine,sword,quick,swift|expose|strike|guard|cut|unity,balanced,balanced,0,0,0,0,8,7,12,0,35,0
core,fire,sustain,seed|spark|blaze|heal|nourish|vine,sword,quick,swift|expose|strike|guard|cut|unity,balanced,balanced,0,1,1,1,5,5,0,26,0,26
core,fire,sustain,seed|spark|blaze|heal|nourish|vine,sword,quick,swift|expose|strike|guard|cut|unity,balanced,balanced,1,0,0,0,9,8,70,0,62,0
core,fire,sustain,seed|spark|blaze|heal|nourish|vine,sword,quick,swift|expose|strike|guard|cut|unity,balanced,balanced,1,1,0,0,7,7,168,0,144,0
core,fire,sustain,seed|spark|blaze|heal|nourish|vine,sword,quick,swift|expose|strike|guard|cut|unity,balanced,balanced,2,0,0,0,8,8,71,0,79,0
core,fire,sustain,seed|spark|blaze|heal|nourish|vine,sword,quick,swift|expose|strike|guard|cut|unity,balanced,balanced,2,1,0,0,7,9,114,0,144,0
core,fire,sustain,seed|spark|blaze|heal|nourish|vine,sword,quick,swift|expose|strike|guard|cut|unity,balanced,aggressive,0,0,0,0,5,5,86,0,37,0
core,fire,sustain,seed|spark|blaze|heal|nourish|vine,sword,quick,swift|expose|strike|guard|cut|unity,balanced,aggressive,0,1,1,1,4,4,0,28,0,28
core,fire,sustain,seed|spark|blaze|heal|nourish|vine,sword,quick,swift|expose|strike|guard|cut|unity,balanced,aggressive,1,0,0,1,6,4,79,0,0,41
core,fire,sustain,seed|spark|blaze|heal|nourish|vine,sword,quick,swift|expose|strike|guard|cut|unity,balanced,aggressive,1,1,1,1,4,4,0,28,0,28
core,fire,sustain,seed|spark|blaze|heal|nourish|vine,sword,quick,swift|expose|strike|guard|cut|unity,balanced,aggressive,2,0,0,0,5,5,148,0,97,0
core,fire,sustain,seed|spark|blaze|heal|nourish|vine,sword,quick,swift|expose|strike|guard|cut|unity,balanced,aggressive,2,1,1,1,4,4,0,28,0,28
core,fire,sustain,seed|spark|blaze|heal|nourish|vine,sword,quick,swift|expose|strike|guard|cut|unity,balanced,defensive,0,0,0,0,18,7,191,0,42,0
core,fire,sustain,seed|spark|blaze|heal|nourish|vine,sword,quick,swift|expose|strike|guard|cut|unity,balanced,defensive,0,1,0,0,14,19,81,0,148,0
core,fire,sustain,seed|spark|blaze|heal|nourish|vine,sword,quick,swift|expose|strike|guard|cut|unity,balanced,defensive,1,0,0,0,16,16,206,0,208,0
core,fire,sustain,seed|spark|blaze|heal|nourish|vine,sword,quick,swift|expose|strike|guard|cut|unity,balanced,defensive,1,1,0,0,15,14,91,0,129,0
core,fire,sustain,seed|spark|blaze|heal|nourish|vine,sword,quick,swift|expose|strike|guard|cut|unity,balanced,defensive,2,0,0,0,14,14,181,0,181,0
core,fire,sustain,seed|spark|blaze|heal|nourish|vine,sword,quick,swift|expose|strike|guard|cut|unity,balanced,defensive,2,1,0,0,14,20,113,0,156,0
core,fire,sustain,seed|spark|blaze|heal|nourish|vine,sword,quick,swift|expose|strike|guard|cut|unity,balanced,burst,0,0,0,0,5,6,119,0,132,0
core,fire,sustain,seed|spark|blaze|heal|nourish|vine,sword,quick,swift|expose|strike|guard|cut|unity,balanced,burst,0,1,0,0,5,5,90,0,90,0
core,fire,sustain,seed|spark|blaze|heal|nourish|vine,sword,quick,swift|expose|strike|guard|cut|unity,balanced,burst,1,0,0,0,5,5,155,0,57,0
core,fire,sustain,seed|spark|blaze|heal|nourish|vine,sword,quick,swift|expose|strike|guard|cut|unity,balanced,burst,1,1,0,0,6,6,107,0,107,0
core,fire,sustain,seed|spark|blaze|heal|nourish|vine,sword,quick,swift|expose|strike|guard|cut|unity,balanced,burst,2,0,0,0,5,5,110,0,106,0
core,fire,sustain,seed|spark|blaze|heal|nourish|vine,sword,quick,swift|expose|strike|guard|cut|unity,balanced,burst,2,1,0,0,5,5,20,0,172,0
core,fire,sustain,seed|spark|blaze|heal|nourish|vine,sword,quick,swift|expose|strike|guard|cut|unity,aggressive,balanced,0,0,1,1,5,5,0,30,0,30
core,fire,sustain,seed|spark|blaze|heal|nourish|vine,sword,quick,swift|expose|strike|guard|cut|unity,aggressive,balanced,0,1,1,1,4,4,0,39,0,39
core,fire,sustain,seed|spark|blaze|heal|nourish|vine,sword,quick,swift|expose|strike|guard|cut|unity,aggressive,balanced,1,0,1,1,5,5,0,30,0,30
core,fire,sustain,seed|spark|blaze|heal|nourish|vine,sword,quick,swift|expose|strike|guard|cut|unity,aggressive,balanced,1,1,0,1,5,5,7,0,0,21
core,fire,sustain,seed|spark|blaze|heal|nourish|vine,sword,quick,swift|expose|strike|guard|cut|unity,aggressive,balanced,2,0,0,0,5,5,12,0,12,0
core,fire,sustain,seed|spark|blaze|heal|nourish|vine,sword,quick,swift|expose|strike|guard|cut|unity,aggressive,balanced,2,1,0,0,6,6,15,0,23,0
core,fire,sustain,seed|spark|blaze|heal|nourish|vine,sword,quick,swift|expose|strike|guard|cut|unity,aggressive,aggressive,0,0,0,0,5,4,15,0,6,0
core,fire,sustain,seed|spark|blaze|heal|nourish|vine,sword,quick,swift|expose|strike|guard|cut|unity,aggressive,aggressive,0,1,1,1,4,4,0,20,0,20
core,fire,sustain,seed|spark|blaze|heal|nourish|vine,sword,quick,swift|expose|strike|guard|cut|unity,aggressive,aggressive,1,0,0,1,4,4,100,0,0,10
core,fire,sustain,seed|spark|blaze|heal|nourish|vine,sword,quick,swift|expose|strike|guard|cut|unity,aggressive,aggressive,1,1,0,0,5,5,4,0,4,0
core,fire,sustain,seed|spark|blaze|heal|nourish|vine,sword,quick,swift|expose|strike|guard|cut|unity,aggressive,aggressive,2,0,0,0,5,5,26,0,26,0
core,fire,sustain,seed|spark|blaze|heal|nourish|vine,sword,quick,swift|expose|strike|guard|cut|unity,aggressive,aggressive,2,1,1,1,4,4,0,38,0,38
core,fire,sustain,seed|spark|blaze|heal|nourish|vine,sword,quick,swift|expose|strike|guard|cut|unity,aggressive,defensive,0,0,1,1,5,5,0,30,0,30
core,fire,sustain,seed|spark|blaze|heal|nourish|vine,sword,quick,swift|expose|strike|guard|cut|unity,aggressive,defensive,0,1,0,1,14,14,1,0,0,4
core,fire,sustain,seed|spark|blaze|heal|nourish|vine,sword,quick,swift|expose|strike|guard|cut|unity,aggressive,defensive,1,0,0,0,8,8,6,0,45,0
core,fire,sustain,seed|spark|blaze|heal|nourish|vine,sword,quick,swift|expose|strike|guard|cut|unity,aggressive,defensive,1,1,0,0,19,14,107,0,20,0
core,fire,sustain,seed|spark|blaze|heal|nourish|vine,sword,quick,swift|expose|strike|guard|cut|unity,aggressive,defensive,2,0,0,0,12,12,121,0,105,0
core,fire,sustain,seed|spark|blaze|heal|nourish|vine,sword,quick,swift|expose|strike|guard|cut|unity,aggressive,defensive,2,1,0,1,17,14,38,0,0,17
core,fire,sustain,seed|spark|blaze|heal|nourish|vine,sword,quick,swift|expose|strike|guard|cut|unity,aggressive,burst,0,0,1,1,4,4,0,42,0,42
core,fire,sustain,seed|spark|blaze|heal|nourish|vine,sword,quick,swift|expose|strike|guard|cut|unity,aggressive,burst,0,1,1,1,4,4,0,64,0,55
core,fire,sustain,seed|spark|blaze|heal|nourish|vine,sword,quick,swift|expose|strike|guard|cut|unity,aggressive,burst,1,0,1,1,4,4,0,32,0,32
core,fire,sustain,seed|spark|blaze|heal|nourish|vine,sword,quick,swift|expose|strike|guard|cut|unity,aggressive,burst,1,1,0,0,5,5,4,0,4,0
core,fire,sustain,seed|spark|blaze|heal|nourish|vine,sword,quick,swift|expose|strike|guard|cut|unity,aggressive,burst,2,0,1,1,5,5,0,4,0,4
core,fire,sustain,seed|spark|blaze|heal|nourish|vine,sword,quick,swift|expose|strike|guard|cut|unity,aggressive,burst,2,1,0,0,4,4,7,0,7,0
core,fire,sustain,seed|spark|blaze|heal|nourish|vine,sword,quick,swift|expose|strike|guard|cut|unity,defensive,balanced,0,0,0,0,9,8,95,0,145,0
core,fire,sustain,seed|spark|blaze|heal|nourish|vine,sword,quick,swift|expose|strike|guard|cut|unity,defensive,balanced,0,1,1,0,7,8,0,14,13,0
core,fire,sustain,seed|spark|blaze|heal|nourish|vine,sword,quick,swift|expose|strike|guard|cut|unity,defensive,balanced,1,0,1,1,8,8,0,18,0,18
core,fire,sustain,seed|spark|blaze|heal|nourish|vine,sword,quick,swift|expose|strike|guard|cut|unity,defensive,balanced,1,1,0,0,7,9,168,0,154,0
core,fire,sustain,seed|spark|blaze|heal|nourish|vine,sword,quick,swift|expose|strike|guard|cut|unity,defensive,balanced,2,0,0,0,6,6,200,0,200,0
core,fire,sustain,seed|spark|blaze|heal|nourish|vine,sword,quick,swift|expose|strike|guard|cut|unity,defensive,balanced,2,1,0,0,8,8,87,0,79,0
core,fire,sustain,seed|spark|blaze|heal|nourish|vine,sword,quick,swift|expose|strike|guard|cut|unity,defensive,aggressive,0,0,0,0,6,6,38,0,66,0
core,fire,sustain,seed|spark|blaze|heal|nourish|vine,sword,quick,swift|expose|strike|guard|cut|unity,defensive,aggressive,0,1,1,1,4,4,0,28,0,28
core,fire,sustain,seed|spark|blaze|heal|nourish|vine,sword,quick,swift|expose|strike|guard|cut|unity,defensive,aggressive,1,0,0,0,5,5,118,0,102,0
core,fire,sustain,seed|spark|blaze|heal|nourish|vine,sword,quick,swift|expose|strike|guard|cut|unity,defensive,aggressive,1,1,1,1,4,4,0,28,0,28
core,fire,sustain,seed|spark|blaze|heal|nourish|vine,sword,quick,swift|expose|strike|guard|cut|unity,defensive,aggressive,2,0,0,0,5,5,90,0,90,0
core,fire,sustain,seed|spark|blaze|heal|nourish|vine,sword,quick,swift|expose|strike|guard|cut|unity,defensive,aggressive,2,1,1,1,4,4,0,28,0,28
core,fire,sustain,seed|spark|blaze|heal|nourish|vine,sword,quick,swift|expose|strike|guard|cut|unity,defensive,defensive,0,0,0,0,14,14,181,0,181,0
core,fire,sustain,seed|spark|blaze|heal|nourish|vine,sword,quick,swift|expose|strike|guard|cut|unity,defensive,defensive,0,1,0,0,17,19,84,0,162,0
core,fire,sustain,seed|spark|blaze|heal|nourish|vine,sword,quick,swift|expose|strike|guard|cut|unity,defensive,defensive,1,0,0,0,14,14,181,0,181,0
core,fire,sustain,seed|spark|blaze|heal|nourish|vine,sword,quick,swift|expose|strike|guard|cut|unity,defensive,defensive,1,1,0,0,14,13,139,0,113,0
core,fire,sustain,seed|spark|blaze|heal|nourish|vine,sword,quick,swift|expose|strike|guard|cut|unity,defensive,defensive,2,0,0,0,14,14,181,0,181,0
core,fire,sustain,seed|spark|blaze|heal|nourish|vine,sword,quick,swift|expose|strike|guard|cut|unity,defensive,defensive,2,1,0,0,19,16,153,0,190,0
core,fire,sustain,seed|spark|blaze|heal|nourish|vine,sword,quick,swift|expose|strike|guard|cut|unity,defensive,burst,0,0,0,0,7,7,148,0,132,0
core,fire,sustain,seed|spark|blaze|heal|nourish|vine,sword,quick,swift|expose|strike|guard|cut|unity,defensive,burst,0,1,0,0,6,5,108,0,90,0
core,fire,sustain,seed|spark|blaze|heal|nourish|vine,sword,quick,swift|expose|strike|guard|cut|unity,defensive,burst,1,0,0,0,5,5,181,0,165,0
core,fire,sustain,seed|spark|blaze|heal|nourish|vine,sword,quick,swift|expose|strike|guard|cut|unity,defensive,burst,1,1,0,0,8,8,116,0,116,0
core,fire,sustain,seed|spark|blaze|heal|nourish|vine,sword,quick,swift|expose|strike|guard|cut|unity,defensive,burst,2,0,0,0,5,5,128,0,128,0
core,fire,sustain,seed|spark|blaze|heal|nourish|vine,sword,quick,swift|expose|strike|guard|cut|unity,defensive,burst,2,1,0,0,5,5,210,0,210,0
core,fire,sustain,seed|spark|blaze|heal|nourish|vine,sword,quick,swift|expose|strike|guard|cut|unity,burst,balanced,0,0,0,0,7,6,24,0,16,0
core,fire,sustain,seed|spark|blaze|heal|nourish|vine,sword,quick,swift|expose|strike|guard|cut|unity,burst,balanced,0,1,0,0,4,4,8,0,8,0
core,fire,sustain,seed|spark|blaze|heal|nourish|vine,sword,quick,swift|expose|strike|guard|cut|unity,burst,balanced,1,0,0,0,7,7,40,0,28,0
core,fire,sustain,seed|spark|blaze|heal|nourish|vine,sword,quick,swift|expose|strike|guard|cut|unity,burst,balanced,1,1,0,0,7,7,69,0,53,0
core,fire,sustain,seed|spark|blaze|heal|nourish|vine,sword,quick,swift|expose|strike|guard|cut|unity,burst,balanced,2,0,0,0,7,7,57,0,45,0
core,fire,sustain,seed|spark|blaze|heal|nourish|vine,sword,quick,swift|expose|strike|guard|cut|unity,burst,balanced,2,1,0,0,8,8,149,0,133,0
core,fire,sustain,seed|spark|blaze|heal|nourish|vine,sword,quick,swift|expose|strike|guard|cut|unity,burst,aggressive,0,0,0,0,4,4,42,0,42,0
core,fire,sustain,seed|spark|blaze|heal|nourish|vine,sword,quick,swift|expose|strike|guard|cut|unity,burst,aggressive,0,1,1,1,3,3,0,72,0,72
core,fire,sustain,seed|spark|blaze|heal|nourish|vine,sword,quick,swift|expose|strike|guard|cut|unity,burst,aggressive,1,0,0,1,5,4,71,0,0,47
core,fire,sustain,seed|spark|blaze|heal|nourish|vine,sword,quick,swift|expose|strike|guard|cut|unity,burst,aggressive,1,1,1,1,3,3,0,72,0,72
core,fire,sustain,seed|spark|blaze|heal|nourish|vine,sword,quick,swift|expose|strike|guard|cut|unity,burst,aggressive,2,0,0,0,5,5,68,0,52,0
core,fire,sustain,seed|spark|blaze|heal|nourish|vine,sword,quick,swift|expose|strike|guard|cut|unity,burst,aggressive,2,1,0,0,4,4,11,0,11,0
core,fire,sustain,seed|spark|blaze|heal|nourish|vine,sword,quick,swift|expose|strike|guard|cut|unity,burst,defensive,0,0,0,0,7,6,104,0,61,0
core,fire,sustain,seed|spark|blaze|heal|nourish|vine,sword,quick,swift|expose|strike|guard|cut|unity,burst,defensive,0,1,0,0,16,15,136,0,88,0
core,fire,sustain,seed|spark|blaze|heal|nourish|vine,sword,quick,swift|expose|strike|guard|cut|unity,burst,defensive,1,0,0,0,14,23,104,0,167,0
core,fire,sustain,seed|spark|blaze|heal|nourish|vine,sword,quick,swift|expose|strike|guard|cut|unity,burst,defensive,1,1,0,0,20,18,210,0,136,0
core,fire,sustain,seed|spark|blaze|heal|nourish|vine,sword,quick,swift|expose|strike|guard|cut|unity,burst,defensive,2,0,0,0,15,22,93,0,162,0
core,fire,sustain,seed|spark|blaze|heal|nourish|vine,sword,quick,swift|expose|strike|guard|cut|unity,burst,defensive,2,1,0,0,17,16,67,0,193,0
core,fire,sustain,seed|spark|blaze|heal|nourish|vine,sword,quick,swift|expose|strike|guard|cut|unity,burst,burst,0,0,0,0,5,6,119,0,132,0
core,fire,sustain,seed|spark|blaze|heal|nourish|vine,sword,quick,swift|expose|strike|guard|cut|unity,burst,burst,0,1,0,0,5,5,15,0,15,0
core,fire,sustain,seed|spark|blaze|heal|nourish|vine,sword,quick,swift|expose|strike|guard|cut|unity,burst,burst,1,0,0,0,5,5,87,0,57,0
core,fire,sustain,seed|spark|blaze|heal|nourish|vine,sword,quick,swift|expose|strike|guard|cut|unity,burst,burst,1,1,0,0,5,5,109,0,109,0
core,fire,sustain,seed|spark|blaze|heal|nourish|vine,sword,quick,swift|expose|strike|guard|cut|unity,burst,burst,2,0,0,0,5,5,85,0,57,0
core,fire,sustain,seed|spark|blaze|heal|nourish|vine,sword,quick,swift|expose|strike|guard|cut|unity,burst,burst,2,1,0,0,4,4,66,0,66,0
core,fire,sustain,seed|spark|blaze|heal|nourish|vine,sword,heavy,swift|expose|strike|guard|return|unity,balanced,balanced,0,0,0,0,8,9,52,0,16,0
core,fire,sustain,seed|spark|blaze|heal|nourish|vine,sword,heavy,swift|expose|strike|guard|return|unity,balanced,balanced,0,1,1,1,5,5,0,57,0,57
core,fire,sustain,seed|spark|blaze|heal|nourish|vine,sword,heavy,swift|expose|strike|guard|return|unity,balanced,balanced,1,0,0,0,7,7,59,0,61,0
core,fire,sustain,seed|spark|blaze|heal|nourish|vine,sword,heavy,swift|expose|strike|guard|return|unity,balanced,balanced,1,1,0,0,6,6,46,0,38,0
core,fire,sustain,seed|spark|blaze|heal|nourish|vine,sword,heavy,swift|expose|strike|guard|return|unity,balanced,balanced,2,0,0,0,9,8,105,0,37,0
core,fire,sustain,seed|spark|blaze|heal|nourish|vine,sword,heavy,swift|expose|strike|guard|return|unity,balanced,balanced,2,1,1,1,6,6,0,16,0,16
core,fire,sustain,seed|spark|blaze|heal|nourish|vine,sword,heavy,swift|expose|strike|guard|return|unity,balanced,aggressive,0,0,0,0,6,6,74,0,60,0
core,fire,sustain,seed|spark|blaze|heal|nourish|vine,sword,heavy,swift|expose|strike|guard|return|unity,balanced,aggressive,0,1,1,1,4,4,0,28,0,28
core,fire,sustain,seed|spark|blaze|heal|nourish|vine,sword,heavy,swift|expose|strike|guard|return|unity,balanced,aggressive,1,0,0,0,6,5,97,0,52,0
core,fire,sustain,seed|spark|blaze|heal|nourish|vine,sword,heavy,swift|expose|strike|guard|return|unity,balanced,aggressive,1,1,1,1,4,4,0,28,0,28
core,fire,sustain,seed|spark|blaze|heal|nourish|vine,sword,heavy,swift|expose|strike|guard|return|unity,balanced,aggressive,2,0,0,0,5,5,109,0,52,0
core,fire,sustain,seed|spark|blaze|heal|nourish|vine,sword,heavy,swift|expose|strike|guard|return|unity,balanced,aggressive,2,1,0,0,4,4,3,0,3,0
core,fire,sustain,seed|spark|blaze|heal|nourish|vine,sword,heavy,swift|expose|strike|guard|return|unity,balanced,defensive,0,0,0,0,18,14,172,0,161,0
core,fire,sustain,seed|spark|blaze|heal|nourish|vine,sword,heavy,swift|expose|strike|guard|return|unity,balanced,defensive,0,1,0,0,17,14,69,0,111,0
core,fire,sustain,seed|spark|blaze|heal|nourish|vine,sword,heavy,swift|expose|strike|guard|return|unity,balanced,defensive,1,0,0,0,16,17,203,0,203,0
core,fire,sustain,seed|spark|blaze|heal|nourish|vine,sword,heavy,swift|expose|strike|guard|return|unity,balanced,defensive,1,1,0,0,16,16,146,0,144,0
core,fire,sustain,seed|spark|blaze|heal|nourish|vine,sword,heavy,swift|expose|strike|guard|return|unity,balanced,defensive,2,0,0,0,14,14,161,0,161,0
core,fire,sustain,seed|spark|blaze|heal|nourish|vine,sword,heavy,swift|expose|strike|guard|return|unity,balanced,defensive,2,1,0,0,15,14,153,0,66,0
core,fire,sustain,seed|spark|blaze|heal|nourish|vine,sword,heavy,swift|expose|strike|guard|return|unity,balanced,burst,0,0,0,0,6,6,139,0,130,0
core,fire,sustain,seed|spark|blaze|heal|nourish|vine,sword,heavy,swift|expose|strike|guard|return|unity,balanced,burst,0,1,0,0,6,6,78,0,77,0
core,fire,sustain,seed|spark|blaze|heal|nourish|vine,sword,heavy,swift|expose|strike|guard|return|unity,balanced,burst,1,0,0,0,6,5,139,0,130,0
core,fire,sustain,seed|spark|blaze|heal|nourish|vine,sword,heavy,swift|expose|strike|guard|return|unity,balanced,burst,1,1,0,0,6,6,191,0,191,0
core,fire,sustain,seed|spark|blaze|heal|nourish|vine,sword,heavy,swift|expose|strike|guard|return|unity,balanced,burst,2,0,0,0,5,5,162,0,128,0
core,fire,sustain,seed|spark|blaze|heal|nourish|vine,sword,heavy,swift|expose|strike|guard|return|unity,balanced,burst,2,1,0,0,6,6,210,0,203,0
core,fire,sustain,seed|spark|blaze|heal|nourish|vine,sword,heavy,swift|expose|strike|guard|return|unity,aggressive,balanced,0,0,1,0,5,6,0,39,5,0
core,fire,sustain,seed|spark|blaze|heal|nourish|vine,sword,heavy,swift|expose|strike|guard|return|unity,aggressive,balanced,0,1,0,0,6,6,7,0,7,0
core,fire,sustain,seed|spark|blaze|heal|nourish|vine,sword,heavy,swift|expose|strike|guard|return|unity,aggressive,balanced,1,0,0,0,6,7,10,0,9,0
core,fire,sustain,seed|spark|blaze|heal|nourish|vine,sword,heavy,swift|expose|strike|guard|return|unity,aggressive,balanced,1,1,1,1,5,6,0,95,0,38
core,fire,sustain,seed|spark|blaze|heal|nourish|vine,sword,heavy,swift|expose|strike|guard|return|unity,aggressive,balanced,2,0,0,0,6,6,10,0,16,0
core,fire,sustain,seed|spark|blaze|heal|nourish|vine,sword,heavy,swift|expose|strike|guard|return|unity,aggressive,balanced,2,1,1,1,6,6,0,33,0,33
core,fire,sustain,seed|spark|blaze|heal|nourish|vine,sword,heavy,swift|expose|strike|guard|return|unity,aggressive,aggressive,0,0,0,0,5,4,21,0,8,0
core,fire,sustain,seed|spark|blaze|heal|nourish|vine,sword,heavy,swift|expose|strike|guard|return|unity,aggressive,aggressive,0,1,1,1,4,4,0,32,0,32
core,fire,sustain,seed|spark|blaze|heal|nourish|vine,sword,heavy,swift|expose|strike|guard|return|unity,aggressive,aggressive,1,0,1,1,4,4,0,21,0,12
core,fire,sustain,seed|spark|blaze|heal|nourish|vine,sword,heavy,swift|expose|strike|guard|return|unity,aggressive,aggressive,1,1,1,1,3,3,0,95,0,95
core,fire,sustain,seed|spark|blaze|heal|nourish|vine,sword,heavy,swift|expose|strike|guard|return|unity,aggressive,aggressive,2,0,0,0,4,4,38,0,10,0
core,fire,sustain,seed|spark|blaze|heal|nourish|vine,sword,heavy,swift|expose|strike|guard|return|unity,aggressive,aggressive,2,1,1,1,4,4,0,58,0,58
core,fire,sustain,seed|spark|blaze|heal|nourish|vine,sword,heavy,swift|expose|strike|guard|return|unity,aggressive,defensive,0,0,0,1,6,5,23,0,0,51
core,fire,sustain,seed|spark|blaze|heal|nourish|vine,sword,heavy,swift|expose|strike|guard|return|unity,aggressive,defensive,0,1,0,1,19,15,61,0,0,15
core,fire,sustain,seed|spark|blaze|heal|nourish|vine,sword,heavy,swift|expose|strike|guard|return|unity,aggressive,defensive,1,0,0,0,8,7,95,0,9,0
core,fire,sustain,seed|spark|blaze|heal|nourish|vine,sword,heavy,swift|expose|strike|guard|return|unity,aggressive,defensive,1,1,1,0,13,18,0,18,118,0
core,fire,sustain,seed|spark|blaze|heal|nourish|vine,sword,heavy,swift|expose|strike|guard|return|unity,aggressive,defensive,2,0,0,0,9,9,32,0,24,0
core,fire,sustain,seed|spark|blaze|heal|nourish|vine,sword,heavy,swift|expose|strike|guard|return|unity,aggressive,defensive,2,1,0,1,13,13,9,0,0,15
core,fire,sustain,seed|spark|blaze|heal|nourish|vine,sword,heavy,swift|expose|strike|guard|return|unity,aggressive,burst,0,0,0,0,5,5,8,0,8,0
core,fire,sustain,seed|spark|blaze|heal|nourish|vine,sword,heavy,swift|expose|strike|guard|return|unity,aggressive,burst,0,1,0,1,6,4,135,0,0,96
core,fire,sustain,seed|spark|blaze|heal|nourish|vine,sword,heavy,swift|expose|strike|guard|return|unity,aggressive,burst,1,0,0,1,5,4,81,0,0,12
core,fire,sustain,seed|spark|blaze|heal|nourish|vine,sword,heavy,swift|expose|strike|guard|return|unity,aggressive,burst,1,1,0,0,5,5,51,0,51,0
core,fire,sustain,seed|spark|blaze|heal|nourish|vine,sword,heavy,swift|expose|strike|guard|return|unity,aggressive,burst,2,0,0,0,4,4,125,0,97,0
core,fire,sustain,seed|spark|blaze|heal|nourish|vine,sword,heavy,swift|expose|strike|guard|return|unity,aggressive,burst,2,1,0,0,6,6,152,0,122,0
core,fire,sustain,seed|spark|blaze|heal|nourish|vine,sword,heavy,swift|expose|strike|guard|return|unity,defensive,balanced,0,0,0,0,8,8,93,0,83,0
core,fire,sustain,seed|spark|blaze|heal|nourish|vine,sword,heavy,swift|expose|strike|guard|return|unity,defensive,balanced,0,1,0,0,7,7,27,0,11,0
core,fire,sustain,seed|spark|blaze|heal|nourish|vine,sword,heavy,swift|expose|strike|guard|return|unity,defensive,balanced,1,0,0,0,8,8,210,0,210,0
core,fire,sustain,seed|spark|blaze|heal|nourish|vine,sword,heavy,swift|expose|strike|guard|return|unity,defensive,balanced,1,1,0,0,12,12,173,0,141,0
core,fire,sustain,seed|spark|blaze|heal|nourish|vine,sword,heavy,swift|expose|strike|guard|return|unity,defensive,balanced,2,0,0,0,8,8,210,0,210,0
core,fire,sustain,seed|spark|blaze|heal|nourish|vine,sword,heavy,swift|expose|strike|guard|return|unity,defensive,balanced,2,1,0,0,10,12,69,0,156,0
core,fire,sustain,seed|spark|blaze|heal|nourish|vine,sword,heavy,swift|expose|strike|guard|return|unity,defensive,aggressive,0,0,0,0,6,6,59,0,84,0
core,fire,sustain,seed|spark|blaze|heal|nourish|vine,sword,heavy,swift|expose|strike|guard|return|unity,defensive,aggressive,0,1,1,1,4,4,0,28,0,28
core,fire,sustain,seed|spark|blaze|heal|nourish|vine,sword,heavy,swift|expose|strike|guard|return|unity,defensive,aggressive,1,0,0,0,5,5,132,0,116,0
core,fire,sustain,seed|spark|blaze|heal|nourish|vine,sword,heavy,swift|expose|strike|guard|return|unity,defensive,aggressive,1,1,1,1,4,4,0,28,0,28
core,fire,sustain,seed|spark|blaze|heal|nourish|vine,sword,heavy,swift|expose|strike|guard|return|unity,defensive,aggressive,2,0,0,0,5,5,132,0,116,0
core,fire,sustain,seed|spark|blaze|heal|nourish|vine,sword,heavy,swift|expose|strike|guard|return|unity,defensive,aggressive,2,1,0,0,4,4,3,0,3,0
core,fire,sustain,seed|spark|blaze|heal|nourish|vine,sword,heavy,swift|expose|strike|guard|return|unity,defensive,defensive,0,0,0,0,16,17,203,0,92,0
core,fire,sustain,seed|spark|blaze|heal|nourish|vine,sword,heavy,swift|expose|strike|guard|return|unity,defensive,defensive,0,1,0,0,15,16,84,0,165,0
core,fire,sustain,seed|spark|blaze|heal|nourish|vine,sword,heavy,swift|expose|strike|guard|return|unity,defensive,defensive,1,0,0,0,16,16,203,0,203,0
core,fire,sustain,seed|spark|blaze|heal|nourish|vine,sword,heavy,swift|expose|strike|guard|return|unity,defensive,defensive,1,1,0,0,16,17,168,0,82,0
core,fire,sustain,seed|spark|blaze|heal|nourish|vine,sword,heavy,swift|expose|strike|guard|return|unity,defensive,defensive,2,0,0,0,14,14,161,0,161,0
core,fire,sustain,seed|spark|blaze|heal|nourish|vine,sword,heavy,swift|expose|strike|guard|return|unity,defensive,defensive,2,1,0,0,17,17,96,0,72,0
core,fire,sustain,seed|spark|blaze|heal|nourish|vine,sword,heavy,swift|expose|strike|guard|return|unity,defensive,burst,0,0,0,0,6,7,151,0,189,0
core,fire,sustain,seed|spark|blaze|heal|nourish|vine,sword,heavy,swift|expose|strike|guard|return|unity,defensive,burst,0,1,0,0,6,6,25,0,77,0
core,fire,sustain,seed|spark|blaze|heal|nourish|vine,sword,heavy,swift|expose|strike|guard|return|unity,defensive,burst,1,0,0,0,6,6,151,0,210,0
core,fire,sustain,seed|spark|blaze|heal|nourish|vine,sword,heavy,swift|expose|strike|guard|return|unity,defensive,burst,1,1,0,0,7,7,201,0,201,0
core,fire,sustain,seed|spark|blaze|heal|nourish|vine,sword,heavy,swift|expose|strike|guard|return|unity,defensive,burst,2,0,0,0,5,6,204,0,210,0
core,fire,sustain,seed|spark|blaze|heal|nourish|vine,sword,heavy,swift|expose|strike|guard|return|unity,defensive,burst,2,1,0,0,6,6,210,0,203,0
core,fire,sustain,seed|spark|blaze|heal|nourish|vine,sword,heavy,swift|expose|strike|guard|return|unity,burst,balanced,0,0,0,0,7,6,31,0,54,0
core,fire,sustain,seed|spark|blaze|heal|nourish|vine,sword,heavy,swift|expose|strike|guard|return|unity,burst,balanced,0,1,1,1,5,5,0,11,0,11
core,fire,sustain,seed|spark|blaze|heal|nourish|vine,sword,heavy,swift|expose|strike|guard|return|unity,burst,balanced,1,0,0,0,7,7,45,0,33,0
core,fire,sustain,seed|spark|blaze|heal|nourish|vine,sword,heavy,swift|expose|strike|guard|return|unity,burst,balanced,1,1,0,1,11,7,210,0,0,33
core,fire,sustain,seed|spark|blaze|heal|nourish|vine,sword,heavy,swift|expose|strike|guard|return|unity,burst,balanced,2,0,0,0,8,7,89,0,31,0
core,fire,sustain,seed|spark|blaze|heal|nourish|vine,sword,heavy,swift|expose|strike|guard|return|unity,burst,balanced,2,1,0,0,6,6,46,0,38,0
core,fire,sustain,seed|spark|blaze|heal|nourish|vine,sword,heavy,swift|expose|strike|guard|return|unity,burst,aggressive,0,0,0,0,6,5,74,0,58,0
core,fire,sustain,seed|spark|blaze|heal|nourish|vine,sword,heavy,swift|expose|strike|guard|return|unity,burst,aggressive,0,1,1,1,4,4,0,12,0,12
core,fire,sustain,seed|spark|blaze|heal|nourish|vine,sword,heavy,swift|expose|strike|guard|return|unity,burst,aggressive,1,0,0,0,5,5,87,0,47,0
core,fire,sustain,seed|spark|blaze|heal|nourish|vine,sword,heavy,swift|expose|strike|guard|return|unity,burst,aggressive,1,1,1,1,4,4,0,12,0,12
core,fire,sustain,seed|spark|blaze|heal|nourish|vine,sword,heavy,swift|expose|strike|guard|return|unity,burst,aggressive,2,0,0,0,5,5,72,0,56,0
core,fire,sustain,seed|spark|blaze|heal|nourish|vine,sword,heavy,swift|expose|strike|guard|return|unity,burst,aggressive,2,1,1,1,4,4,0,12,0,12
core,fire,sustain,seed|spark|blaze|heal|nourish|vine,sword,heavy,swift|expose|strike|guard|return|unity,burst,defensive,0,0,0,0,12,8,150,0,96,0
core,fire,sustain,seed|spark|blaze|heal|nourish|vine,sword,heavy,swift|expose|strike|guard|return|unity,burst,defensive,0,1,0,0,17,18,100,0,118,0
core,fire,sustain,seed|spark|blaze|heal|nourish|vine,sword,heavy,swift|expose|strike|guard|return|unity,burst,defensive,1,0,0,0,13,12,168,0,173,0
core,fire,sustain,seed|spark|blaze|heal|nourish|vine,sword,heavy,swift|expose|strike|guard|return|unity,burst,defensive,1,1,0,0,21,16,127,0,102,0
core,fire,sustain,seed|spark|blaze|heal|nourish|vine,sword,heavy,swift|expose|strike|guard|return|unity,burst,defensive,2,0,0,0,10,10,121,0,133,0
core,fire,sustain,seed|spark|blaze|heal|nourish|vine,sword,heavy,swift|expose|strike|guard|return|unity,burst,defensive,2,1,0,0,18,15,82,0,143,0
core,fire,sustain,seed|spark|blaze|heal|nourish|vine,sword,heavy,swift|expose|strike|guard|return|unity,burst,burst,0,0,0,0,6,6,160,0,130,0
core,fire,sustain,seed|spark|blaze|heal|nourish|vine,sword,heavy,swift|expose|strike|guard|return|unity,burst,burst,0,1,0,0,6,6,201,0,175,0
core,fire,sustain,seed|spark|blaze|heal|nourish|vine,sword,heavy,swift|expose|strike|guard|return|unity,burst,burst,1,0,0,0,5,5,136,0,130,0
core,fire,sustain,seed|spark|blaze|heal|nourish|vine,sword,heavy,swift|expose|strike|guard|return|unity,burst,burst,1,1,0,0,6,6,137,0,137,0
core,fire,sustain,seed|spark|blaze|heal|nourish|vine,sword,heavy,swift|expose|strike|guard|return|unity,burst,burst,2,0,0,0,5,5,134,0,56,0
core,fire,sustain,seed|spark|blaze|heal|nourish|vine,sword,heavy,swift|expose|strike|guard|return|unity,burst,burst,2,1,0,0,5,5,155,0,155,0
mirror,fire,ignite,seed|spark|blaze|heal|vine|inferno,fire,ignite,seed|spark|blaze|heal|vine|inferno,balanced,balanced,0,0,0,0,5,4,17,0,30,0
mirror,fire,ignite,seed|spark|blaze|heal|vine|inferno,fire,ignite,seed|spark|blaze|heal|vine|inferno,balanced,balanced,0,1,1,1,5,4,0,17,0,30
mirror,fire,ignite,seed|spark|blaze|heal|vine|inferno,fire,ignite,seed|spark|blaze|heal|vine|inferno,balanced,balanced,1,0,0,0,4,5,97,0,51,0
mirror,fire,ignite,seed|spark|blaze|heal|vine|inferno,fire,ignite,seed|spark|blaze|heal|vine|inferno,balanced,balanced,1,1,1,1,4,5,0,97,0,51
mirror,fire,ignite,seed|spark|blaze|heal|vine|inferno,fire,ignite,seed|spark|blaze|heal|vine|inferno,balanced,balanced,2,0,0,0,4,5,97,0,55,0
mirror,fire,ignite,seed|spark|blaze|heal|vine|inferno,fire,ignite,seed|spark|blaze|heal|vine|inferno,balanced,balanced,2,1,1,1,4,5,0,97,0,55
mirror,fire,ignite,seed|spark|blaze|heal|vine|inferno,fire,ignite,seed|spark|blaze|heal|vine|inferno,aggressive,aggressive,0,0,0,0,3,3,27,0,27,0
mirror,fire,ignite,seed|spark|blaze|heal|vine|inferno,fire,ignite,seed|spark|blaze|heal|vine|inferno,aggressive,aggressive,0,1,1,1,3,3,0,27,0,27
mirror,fire,ignite,seed|spark|blaze|heal|vine|inferno,fire,ignite,seed|spark|blaze|heal|vine|inferno,aggressive,aggressive,1,0,0,0,3,3,27,0,27,0
mirror,fire,ignite,seed|spark|blaze|heal|vine|inferno,fire,ignite,seed|spark|blaze|heal|vine|inferno,aggressive,aggressive,1,1,1,1,3,3,0,27,0,27
mirror,fire,ignite,seed|spark|blaze|heal|vine|inferno,fire,ignite,seed|spark|blaze|heal|vine|inferno,aggressive,aggressive,2,0,0,0,3,3,27,0,27,0
mirror,fire,ignite,seed|spark|blaze|heal|vine|inferno,fire,ignite,seed|spark|blaze|heal|vine|inferno,aggressive,aggressive,2,1,1,1,3,3,0,27,0,27
mirror,fire,ignite,seed|spark|blaze|heal|vine|inferno,fire,ignite,seed|spark|blaze|heal|vine|inferno,defensive,defensive,0,0,0,1,8,7,51,0,0,59
mirror,fire,ignite,seed|spark|blaze|heal|vine|inferno,fire,ignite,seed|spark|blaze|heal|vine|inferno,defensive,defensive,0,1,1,0,8,7,0,51,59,0
mirror,fire,ignite,seed|spark|blaze|heal|vine|inferno,fire,ignite,seed|spark|blaze|heal|vine|inferno,defensive,defensive,1,0,0,1,8,7,51,0,0,59
mirror,fire,ignite,seed|spark|blaze|heal|vine|inferno,fire,ignite,seed|spark|blaze|heal|vine|inferno,defensive,defensive,1,1,1,0,8,7,0,51,59,0
mirror,fire,ignite,seed|spark|blaze|heal|vine|inferno,fire,ignite,seed|spark|blaze|heal|vine|inferno,defensive,defensive,2,0,0,1,8,7,51,0,0,59
mirror,fire,ignite,seed|spark|blaze|heal|vine|inferno,fire,ignite,seed|spark|blaze|heal|vine|inferno,defensive,defensive,2,1,1,0,8,7,0,51,59,0
mirror,fire,ignite,seed|spark|blaze|heal|vine|inferno,fire,ignite,seed|spark|blaze|heal|vine|inferno,burst,burst,0,0,1,0,4,4,0,53,57,0
mirror,fire,ignite,seed|spark|blaze|heal|vine|inferno,fire,ignite,seed|spark|blaze|heal|vine|inferno,burst,burst,0,1,0,1,4,4,53,0,0,57
mirror,fire,ignite,seed|spark|blaze|heal|vine|inferno,fire,ignite,seed|spark|blaze|heal|vine|inferno,burst,burst,1,0,0,0,12,11,120,0,129,0
mirror,fire,ignite,seed|spark|blaze|heal|vine|inferno,fire,ignite,seed|spark|blaze|heal|vine|inferno,burst,burst,1,1,1,1,12,11,0,120,0,129
mirror,fire,ignite,seed|spark|blaze|heal|vine|inferno,fire,ignite,seed|spark|blaze|heal|vine|inferno,burst,burst,2,0,0,0,11,4,111,0,148,0
mirror,fire,ignite,seed|spark|blaze|heal|vine|inferno,fire,ignite,seed|spark|blaze|heal|vine|inferno,burst,burst,2,1,1,1,11,4,0,111,0,148
mirror,fire,sustain,seed|spark|blaze|heal|nourish|vine,fire,sustain,seed|spark|blaze|heal|nourish|vine,balanced,balanced,0,0,1,0,7,7,0,58,54,0
mirror,fire,sustain,seed|spark|blaze|heal|nourish|vine,fire,sustain,seed|spark|blaze|heal|nourish|vine,balanced,balanced,0,1,0,1,7,7,58,0,0,54
mirror,fire,sustain,seed|spark|blaze|heal|nourish|vine,fire,sustain,seed|spark|blaze|heal|nourish|vine,balanced,balanced,1,0,1,0,7,7,0,58,54,0
mirror,fire,sustain,seed|spark|blaze|heal|nourish|vine,fire,sustain,seed|spark|blaze|heal|nourish|vine,balanced,balanced,1,1,0,1,7,7,58,0,0,54
mirror,fire,sustain,seed|spark|blaze|heal|nourish|vine,fire,sustain,seed|spark|blaze|heal|nourish|vine,balanced,balanced,2,0,1,0,7,7,0,58,54,0
mirror,fire,sustain,seed|spark|blaze|heal|nourish|vine,fire,sustain,seed|spark|blaze|heal|nourish|vine,balanced,balanced,2,1,0,1,7,7,58,0,0,54
mirror,fire,sustain,seed|spark|blaze|heal|nourish|vine,fire,sustain,seed|spark|blaze|heal|nourish|vine,aggressive,aggressive,0,0,0,0,5,4,59,0,25,0
mirror,fire,sustain,seed|spark|blaze|heal|nourish|vine,fire,sustain,seed|spark|blaze|heal|nourish|vine,aggressive,aggressive,0,1,1,1,5,4,0,59,0,25
mirror,fire,sustain,seed|spark|blaze|heal|nourish|vine,fire,sustain,seed|spark|blaze|heal|nourish|vine,aggressive,aggressive,1,0,0,0,5,4,59,0,25,0
mirror,fire,sustain,seed|spark|blaze|heal|nourish|vine,fire,sustain,seed|spark|blaze|heal|nourish|vine,aggressive,aggressive,1,1,1,1,5,4,0,59,0,25
mirror,fire,sustain,seed|spark|blaze|heal|nourish|vine,fire,sustain,seed|spark|blaze|heal|nourish|vine,aggressive,aggressive,2,0,0,0,5,4,59,0,25,0
mirror,fire,sustain,seed|spark|blaze|heal|nourish|vine,fire,sustain,seed|spark|blaze|heal|nourish|vine,aggressive,aggressive,2,1,1,1,5,4,0,59,0,25
mirror,fire,sustain,seed|spark|blaze|heal|nourish|vine,fire,sustain,seed|spark|blaze|heal|nourish|vine,defensive,defensive,0,0,1,1,13,8,0,124,0,7
mirror,fire,sustain,seed|spark|blaze|heal|nourish|vine,fire,sustain,seed|spark|blaze|heal|nourish|vine,defensive,defensive,0,1,0,0,13,8,124,0,7,0
mirror,fire,sustain,seed|spark|blaze|heal|nourish|vine,fire,sustain,seed|spark|blaze|heal|nourish|vine,defensive,defensive,1,0,1,1,13,8,0,124,0,7
mirror,fire,sustain,seed|spark|blaze|heal|nourish|vine,fire,sustain,seed|spark|blaze|heal|nourish|vine,defensive,defensive,1,1,0,0,13,8,124,0,7,0
mirror,fire,sustain,seed|spark|blaze|heal|nourish|vine,fire,sustain,seed|spark|blaze|heal|nourish|vine,defensive,defensive,2,0,1,1,13,8,0,124,0,7
mirror,fire,sustain,seed|spark|blaze|heal|nourish|vine,fire,sustain,seed|spark|blaze|heal|nourish|vine,defensive,defensive,2,1,0,0,13,8,124,0,7,0
mirror,fire,sustain,seed|spark|blaze|heal|nourish|vine,fire,sustain,seed|spark|blaze|heal|nourish|vine,burst,burst,0,0,0,1,6,6,32,0,0,19
mirror,fire,sustain,seed|spark|blaze|heal|nourish|vine,fire,sustain,seed|spark|blaze|heal|nourish|vine,burst,burst,0,1,1,0,6,6,0,32,19,0
mirror,fire,sustain,seed|spark|blaze|heal|nourish|vine,fire,sustain,seed|spark|blaze|heal|nourish|vine,burst,burst,1,0,0,1,6,6,32,0,0,19
mirror,fire,sustain,seed|spark|blaze|heal|nourish|vine,fire,sustain,seed|spark|blaze|heal|nourish|vine,burst,burst,1,1,1,0,6,6,0,32,19,0
mirror,fire,sustain,seed|spark|blaze|heal|nourish|vine,fire,sustain,seed|spark|blaze|heal|nourish|vine,burst,burst,2,0,0,1,6,6,32,0,0,19
mirror,fire,sustain,seed|spark|blaze|heal|nourish|vine,fire,sustain,seed|spark|blaze|heal|nourish|vine,burst,burst,2,1,1,0,6,6,0,32,19,0
mirror,sword,quick,swift|expose|strike|guard|cut|unity,sword,quick,swift|expose|strike|guard|cut|unity,balanced,balanced,0,0,0,0,5,5,53,0,53,0
mirror,sword,quick,swift|expose|strike|guard|cut|unity,sword,quick,swift|expose|strike|guard|cut|unity,balanced,balanced,0,1,1,1,5,5,0,53,0,53
mirror,sword,quick,swift|expose|strike|guard|cut|unity,sword,quick,swift|expose|strike|guard|cut|unity,balanced,balanced,1,0,1,1,6,6,0,86,0,86
mirror,sword,quick,swift|expose|strike|guard|cut|unity,sword,quick,swift|expose|strike|guard|cut|unity,balanced,balanced,1,1,0,0,6,6,86,0,86,0
mirror,sword,quick,swift|expose|strike|guard|cut|unity,sword,quick,swift|expose|strike|guard|cut|unity,balanced,balanced,2,0,1,1,8,8,0,106,0,106
mirror,sword,quick,swift|expose|strike|guard|cut|unity,sword,quick,swift|expose|strike|guard|cut|unity,balanced,balanced,2,1,0,0,8,8,106,0,106,0
mirror,sword,quick,swift|expose|strike|guard|cut|unity,sword,quick,swift|expose|strike|guard|cut|unity,aggressive,aggressive,0,0,0,0,5,5,18,0,18,0
mirror,sword,quick,swift|expose|strike|guard|cut|unity,sword,quick,swift|expose|strike|guard|cut|unity,aggressive,aggressive,0,1,1,1,5,5,0,18,0,18
mirror,sword,quick,swift|expose|strike|guard|cut|unity,sword,quick,swift|expose|strike|guard|cut|unity,aggressive,aggressive,1,0,1,1,4,4,0,15,0,15
mirror,sword,quick,swift|expose|strike|guard|cut|unity,sword,quick,swift|expose|strike|guard|cut|unity,aggressive,aggressive,1,1,0,0,4,4,15,0,15,0
mirror,sword,quick,swift|expose|strike|guard|cut|unity,sword,quick,swift|expose|strike|guard|cut|unity,aggressive,aggressive,2,0,0,0,4,4,83,0,83,0
mirror,sword,quick,swift|expose|strike|guard|cut|unity,sword,quick,swift|expose|strike|guard|cut|unity,aggressive,aggressive,2,1,1,1,4,4,0,83,0,83
mirror,sword,quick,swift|expose|strike|guard|cut|unity,sword,quick,swift|expose|strike|guard|cut|unity,defensive,defensive,0,0,1,1,24,24,0,121,0,121
mirror,sword,quick,swift|expose|strike|guard|cut|unity,sword,quick,swift|expose|strike|guard|cut|unity,defensive,defensive,0,1,0,0,24,24,121,0,121,0
mirror,sword,quick,swift|expose|strike|guard|cut|unity,sword,quick,swift|expose|strike|guard|cut|unity,defensive,defensive,1,0,1,1,17,17,0,58,0,58
mirror,sword,quick,swift|expose|strike|guard|cut|unity,sword,quick,swift|expose|strike|guard|cut|unity,defensive,defensive,1,1,0,0,17,17,58,0,58,0
mirror,sword,quick,swift|expose|strike|guard|cut|unity,sword,quick,swift|expose|strike|guard|cut|unity,defensive,defensive,2,0,1,1,18,18,0,159,0,159
mirror,sword,quick,swift|expose|strike|guard|cut|unity,sword,quick,swift|expose|strike|guard|cut|unity,defensive,defensive,2,1,0,0,18,18,159,0,159,0
mirror,sword,quick,swift|expose|strike|guard|cut|unity,sword,quick,swift|expose|strike|guard|cut|unity,burst,burst,0,0,1,1,6,6,0,111,0,111
mirror,sword,quick,swift|expose|strike|guard|cut|unity,sword,quick,swift|expose|strike|guard|cut|unity,burst,burst,0,1,0,0,6,6,111,0,111,0
mirror,sword,quick,swift|expose|strike|guard|cut|unity,sword,quick,swift|expose|strike|guard|cut|unity,burst,burst,1,0,1,1,5,5,0,98,0,98
mirror,sword,quick,swift|expose|strike|guard|cut|unity,sword,quick,swift|expose|strike|guard|cut|unity,burst,burst,1,1,0,0,5,5,98,0,98,0
mirror,sword,quick,swift|expose|strike|guard|cut|unity,sword,quick,swift|expose|strike|guard|cut|unity,burst,burst,2,0,1,1,6,6,0,133,0,133
mirror,sword,quick,swift|expose|strike|guard|cut|unity,sword,quick,swift|expose|strike|guard|cut|unity,burst,burst,2,1,0,0,6,6,133,0,133,0
mirror,sword,heavy,swift|expose|strike|guard|return|unity,sword,heavy,swift|expose|strike|guard|return|unity,balanced,balanced,0,0,1,1,7,7,0,115,0,115
mirror,sword,heavy,swift|expose|strike|guard|return|unity,sword,heavy,swift|expose|strike|guard|return|unity,balanced,balanced,0,1,0,0,7,7,115,0,115,0
mirror,sword,heavy,swift|expose|strike|guard|return|unity,sword,heavy,swift|expose|strike|guard|return|unity,balanced,balanced,1,0,1,1,6,6,0,28,0,28
mirror,sword,heavy,swift|expose|strike|guard|return|unity,sword,heavy,swift|expose|strike|guard|return|unity,balanced,balanced,1,1,0,0,6,6,28,0,28,0
mirror,sword,heavy,swift|expose|strike|guard|return|unity,sword,heavy,swift|expose|strike|guard|return|unity,balanced,balanced,2,0,0,0,10,10,52,0,52,0
mirror,sword,heavy,swift|expose|strike|guard|return|unity,sword,heavy,swift|expose|strike|guard|return|unity,balanced,balanced,2,1,1,1,10,10,0,52,0,52
mirror,sword,heavy,swift|expose|strike|guard|return|unity,sword,heavy,swift|expose|strike|guard|return|unity,aggressive,aggressive,0,0,1,1,4,4,0,14,0,14
mirror,sword,heavy,swift|expose|strike|guard|return|unity,sword,heavy,swift|expose|strike|guard|return|unity,aggressive,aggressive,0,1,0,0,4,4,14,0,14,0
mirror,sword,heavy,swift|expose|strike|guard|return|unity,sword,heavy,swift|expose|strike|guard|return|unity,aggressive,aggressive,1,0,0,0,5,5,7,0,7,0
mirror,sword,heavy,swift|expose|strike|guard|return|unity,sword,heavy,swift|expose|strike|guard|return|unity,aggressive,aggressive,1,1,1,1,5,5,0,7,0,7
mirror,sword,heavy,swift|expose|strike|guard|return|unity,sword,heavy,swift|expose|strike|guard|return|unity,aggressive,aggressive,2,0,0,0,4,4,35,0,35,0
mirror,sword,heavy,swift|expose|strike|guard|return|unity,sword,heavy,swift|expose|strike|guard|return|unity,aggressive,aggressive,2,1,1,1,4,4,0,35,0,35
mirror,sword,heavy,swift|expose|strike|guard|return|unity,sword,heavy,swift|expose|strike|guard|return|unity,defensive,defensive,0,0,0,0,16,16,4,0,4,0
mirror,sword,heavy,swift|expose|strike|guard|return|unity,sword,heavy,swift|expose|strike|guard|return|unity,defensive,defensive,0,1,1,1,16,16,0,4,0,4
mirror,sword,heavy,swift|expose|strike|guard|return|unity,sword,heavy,swift|expose|strike|guard|return|unity,defensive,defensive,1,0,0,0,18,18,19,0,19,0
mirror,sword,heavy,swift|expose|strike|guard|return|unity,sword,heavy,swift|expose|strike|guard|return|unity,defensive,defensive,1,1,1,1,18,18,0,19,0,19
mirror,sword,heavy,swift|expose|strike|guard|return|unity,sword,heavy,swift|expose|strike|guard|return|unity,defensive,defensive,2,0,1,1,13,13,0,43,0,43
mirror,sword,heavy,swift|expose|strike|guard|return|unity,sword,heavy,swift|expose|strike|guard|return|unity,defensive,defensive,2,1,0,0,13,13,43,0,43,0
mirror,sword,heavy,swift|expose|strike|guard|return|unity,sword,heavy,swift|expose|strike|guard|return|unity,burst,burst,0,0,0,0,8,8,108,0,108,0
mirror,sword,heavy,swift|expose|strike|guard|return|unity,sword,heavy,swift|expose|strike|guard|return|unity,burst,burst,0,1,1,1,8,8,0,108,0,108
mirror,sword,heavy,swift|expose|strike|guard|return|unity,sword,heavy,swift|expose|strike|guard|return|unity,burst,burst,1,0,1,1,6,6,0,96,0,96
mirror,sword,heavy,swift|expose|strike|guard|return|unity,sword,heavy,swift|expose|strike|guard|return|unity,burst,burst,1,1,0,0,6,6,96,0,96,0
mirror,sword,heavy,swift|expose|strike|guard|return|unity,sword,heavy,swift|expose|strike|guard|return|unity,burst,burst,2,0,0,0,7,7,115,0,115,0
mirror,sword,heavy,swift|expose|strike|guard|return|unity,sword,heavy,swift|expose|strike|guard|return|unity,burst,burst,2,1,1,1,7,7,0,115,0,115
loadout,fire,ignite,blaze|heal|vine|ember|nourish|inferno,sword,quick,swift|expose|strike|guard|cut|unity,balanced,balanced,0,0,1,1,10,6,0,26,0,90
loadout,fire,ignite,blaze|heal|vine|ember|nourish|inferno,sword,quick,swift|expose|strike|guard|cut|unity,balanced,balanced,0,1,1,1,4,4,0,140,0,140
loadout,fire,ignite,blaze|heal|vine|ember|nourish|inferno,sword,quick,swift|expose|strike|guard|cut|unity,balanced,balanced,1,0,1,1,10,6,0,17,0,81
loadout,fire,ignite,blaze|heal|vine|ember|nourish|inferno,sword,quick,swift|expose|strike|guard|cut|unity,balanced,balanced,1,1,1,1,6,6,0,44,0,44
loadout,fire,ignite,blaze|heal|vine|ember|nourish|inferno,sword,quick,swift|expose|strike|guard|cut|unity,balanced,balanced,2,0,0,0,10,10,183,0,167,0
loadout,fire,ignite,blaze|heal|vine|ember|nourish|inferno,sword,quick,swift|expose|strike|guard|cut|unity,balanced,balanced,2,1,1,1,4,4,0,230,0,230
loadout,fire,ignite,blaze|heal|vine|ember|nourish|inferno,sword,heavy,swift|expose|strike|guard|return|unity,balanced,balanced,0,0,1,1,6,6,0,73,0,68
loadout,fire,ignite,blaze|heal|vine|ember|nourish|inferno,sword,heavy,swift|expose|strike|guard|return|unity,balanced,balanced,0,1,1,1,4,4,0,117,0,117
loadout,fire,ignite,blaze|heal|vine|ember|nourish|inferno,sword,heavy,swift|expose|strike|guard|return|unity,balanced,balanced,1,0,1,1,6,6,0,64,0,59
loadout,fire,ignite,blaze|heal|vine|ember|nourish|inferno,sword,heavy,swift|expose|strike|guard|return|unity,balanced,balanced,1,1,1,1,4,4,0,157,0,157
loadout,fire,ignite,blaze|heal|vine|ember|nourish|inferno,sword,heavy,swift|expose|strike|guard|return|unity,balanced,balanced,2,0,1,1,9,8,0,41,0,53
loadout,fire,ignite,blaze|heal|vine|ember|nourish|inferno,sword,heavy,swift|expose|strike|guard|return|unity,balanced,balanced,2,1,1,1,5,5,0,165,0,165
loadout,fire,ignite,spark|heal|vine|ember|nourish|inferno,sword,quick,swift|expose|strike|guard|cut|unity,balanced,balanced,0,0,1,1,8,11,0,117,0,40
loadout,fire,ignite,spark|heal|vine|ember|nourish|inferno,sword,quick,swift|expose|strike|guard|cut|unity,balanced,balanced,0,1,1,1,4,4,0,143,0,143
loadout,fire,ignite,spark|heal|vine|ember|nourish|inferno,sword,quick,swift|expose|strike|guard|cut|unity,balanced,balanced,1,0,1,1,12,8,0,18,0,47
loadout,fire,ignite,spark|heal|vine|ember|nourish|inferno,sword,quick,swift|expose|strike|guard|cut|unity,balanced,balanced,1,1,1,1,4,4,0,131,0,131
loadout,fire,ignite,spark|heal|vine|ember|nourish|inferno,sword,quick,swift|expose|strike|guard|cut|unity,balanced,balanced,2,0,1,1,11,8,0,21,0,38
loadout,fire,ignite,spark|heal|vine|ember|nourish|inferno,sword,quick,swift|expose|strike|guard|cut|unity,balanced,balanced,2,1,1,1,4,4,0,131,0,131
loadout,fire,ignite,spark|heal|vine|ember|nourish|inferno,sword,heavy,swift|expose|strike|guard|return|unity,balanced,balanced,0,0,1,1,8,6,0,117,0,118
loadout,fire,ignite,spark|heal|vine|ember|nourish|inferno,sword,heavy,swift|expose|strike|guard|return|unity,balanced,balanced,0,1,1,1,5,5,0,153,0,132
loadout,fire,ignite,spark|heal|vine|ember|nourish|inferno,sword,heavy,swift|expose|strike|guard|return|unity,balanced,balanced,1,0,1,1,11,8,0,73,0,84
loadout,fire,ignite,spark|heal|vine|ember|nourish|inferno,sword,heavy,swift|expose|strike|guard|return|unity,balanced,balanced,1,1,1,1,7,6,0,100,0,116
loadout,fire,ignite,spark|heal|vine|ember|nourish|inferno,sword,heavy,swift|expose|strike|guard|return|unity,balanced,balanced,2,0,1,1,11,8,0,64,0,75
loadout,fire,ignite,spark|heal|vine|ember|nourish|inferno,sword,heavy,swift|expose|strike|guard|return|unity,balanced,balanced,2,1,1,1,5,5,0,116,0,116
loadout,fire,ignite,spark|blaze|vine|ember|nourish|inferno,sword,quick,swift|expose|strike|guard|cut|unity,balanced,balanced,0,0,0,0,8,8,6,0,6,0
loadout,fire,ignite,spark|blaze|vine|ember|nourish|inferno,sword,quick,swift|expose|strike|guard|cut|unity,balanced,balanced,0,1,1,1,4,4,0,70,0,70
loadout,fire,ignite,spark|blaze|vine|ember|nourish|inferno,sword,quick,swift|expose|strike|guard|cut|unity,balanced,balanced,1,0,0,0,8,8,92,0,92,0
loadout,fire,ignite,spark|blaze|vine|ember|nourish|inferno,sword,quick,swift|expose|strike|guard|cut|unity,balanced,balanced,1,1,1,1,6,6,0,5,0,5
loadout,fire,ignite,spark|blaze|vine|ember|nourish|inferno,sword,quick,swift|expose|strike|guard|cut|unity,balanced,balanced,2,0,0,0,8,8,116,0,116,0
loadout,fire,ignite,spark|blaze|vine|ember|nourish|inferno,sword,quick,swift|expose|strike|guard|cut|unity,balanced,balanced,2,1,1,1,4,4,0,112,0,112
loadout,fire,ignite,spark|blaze|vine|ember|nourish|inferno,sword,heavy,swift|expose|strike|guard|return|unity,balanced,balanced,0,0,0,0,9,9,19,0,19,0
loadout,fire,ignite,spark|blaze|vine|ember|nourish|inferno,sword,heavy,swift|expose|strike|guard|return|unity,balanced,balanced,0,1,1,1,4,4,0,88,0,88
loadout,fire,ignite,spark|blaze|vine|ember|nourish|inferno,sword,heavy,swift|expose|strike|guard|return|unity,balanced,balanced,1,0,1,1,8,8,0,22,0,22
loadout,fire,ignite,spark|blaze|vine|ember|nourish|inferno,sword,heavy,swift|expose|strike|guard|return|unity,balanced,balanced,1,1,1,1,4,4,0,88,0,88
loadout,fire,ignite,spark|blaze|vine|ember|nourish|inferno,sword,heavy,swift|expose|strike|guard|return|unity,balanced,balanced,2,0,0,0,8,8,26,0,26,0
loadout,fire,ignite,spark|blaze|vine|ember|nourish|inferno,sword,heavy,swift|expose|strike|guard|return|unity,balanced,balanced,2,1,1,1,5,5,0,68,0,68
loadout,fire,ignite,spark|blaze|heal|ember|nourish|inferno,sword,quick,swift|expose|strike|guard|cut|unity,balanced,balanced,0,0,0,0,10,9,71,0,10,0
loadout,fire,ignite,spark|blaze|heal|ember|nourish|inferno,sword,quick,swift|expose|strike|guard|cut|unity,balanced,balanced,0,1,1,1,4,4,0,70,0,70
loadout,fire,ignite,spark|blaze|heal|ember|nourish|inferno,sword,quick,swift|expose|strike|guard|cut|unity,balanced,balanced,1,0,0,0,8,8,154,0,132,0
loadout,fire,ignite,spark|blaze|heal|ember|nourish|inferno,sword,quick,swift|expose|strike|guard|cut|unity,balanced,balanced,1,1,0,1,6,6,6,0,0,6
loadout,fire,ignite,spark|blaze|heal|ember|nourish|inferno,sword,quick,swift|expose|strike|guard|cut|unity,balanced,balanced,2,0,0,0,8,7,178,0,139,0
loadout,fire,ignite,spark|blaze|heal|ember|nourish|inferno,sword,quick,swift|expose|strike|guard|cut|unity,balanced,balanced,2,1,1,1,4,4,0,112,0,112
loadout,fire,ignite,spark|blaze|heal|ember|nourish|inferno,sword,heavy,swift|expose|strike|guard|return|unity,balanced,balanced,0,0,0,0,8,9,29,0,27,0
loadout,fire,ignite,spark|blaze|heal|ember|nourish|inferno,sword,heavy,swift|expose|strike|guard|return|unity,balanced,balanced,0,1,1,1,4,4,0,88,0,88
loadout,fire,ignite,spark|blaze|heal|ember|nourish|inferno,sword,heavy,swift|expose|strike|guard|return|unity,balanced,balanced,1,0,0,0,9,8,35,0,27,0
loadout,fire,ignite,spark|blaze|heal|ember|nourish|inferno,sword,heavy,swift|expose|strike|guard|return|unity,balanced,balanced,1,1,1,1,4,4,0,88,0,88
loadout,fire,ignite,spark|blaze|heal|ember|nourish|inferno,sword,heavy,swift|expose|strike|guard|return|unity,balanced,balanced,2,0,1,1,6,6,0,50,0,33
loadout,fire,ignite,spark|blaze|heal|ember|nourish|inferno,sword,heavy,swift|expose|strike|guard|return|unity,balanced,balanced,2,1,1,1,5,5,0,68,0,68
loadout,fire,ignite,spark|blaze|heal|vine|nourish|inferno,sword,quick,swift|expose|strike|guard|cut|unity,balanced,balanced,0,0,0,0,10,9,71,0,10,0
loadout,fire,ignite,spark|blaze|heal|vine|nourish|inferno,sword,quick,swift|expose|strike|guard|cut|unity,balanced,balanced,0,1,1,1,4,4,0,70,0,70
loadout,fire,ignite,spark|blaze|heal|vine|nourish|inferno,sword,quick,swift|expose|strike|guard|cut|unity,balanced,balanced,1,0,0,0,7,7,152,0,138,0
loadout,fire,ignite,spark|blaze|heal|vine|nourish|inferno,sword,quick,swift|expose|strike|guard|cut|unity,balanced,balanced,1,1,1,0,6,5,0,5,50,0
loadout,fire,ignite,spark|blaze|heal|vine|nourish|inferno,sword,quick,swift|expose|strike|guard|cut|unity,balanced,balanced,2,0,0,0,7,7,150,0,128,0
loadout,fire,ignite,spark|blaze|heal|vine|nourish|inferno,sword,quick,swift|expose|strike|guard|cut|unity,balanced,balanced,2,1,1,1,4,4,0,112,0,112
loadout,fire,ignite,spark|blaze|heal|vine|nourish|inferno,sword,heavy,swift|expose|strike|guard|return|unity,balanced,balanced,0,0,0,0,8,9,29,0,27,0
loadout,fire,ignite,spark|blaze|heal|vine|nourish|inferno,sword,heavy,swift|expose|strike|guard|return|unity,balanced,balanced,0,1,1,1,4,4,0,88,0,88
loadout,fire,ignite,spark|blaze|heal|vine|nourish|inferno,sword,heavy,swift|expose|strike|guard|return|unity,balanced,balanced,1,0,0,0,9,8,35,0,27,0
loadout,fire,ignite,spark|blaze|heal|vine|nourish|inferno,sword,heavy,swift|expose|strike|guard|return|unity,balanced,balanced,1,1,1,1,4,4,0,88,0,88
loadout,fire,ignite,spark|blaze|heal|vine|nourish|inferno,sword,heavy,swift|expose|strike|guard|return|unity,balanced,balanced,2,0,0,1,9,6,19,0,0,33
loadout,fire,ignite,spark|blaze|heal|vine|nourish|inferno,sword,heavy,swift|expose|strike|guard|return|unity,balanced,balanced,2,1,1,1,5,5,0,68,0,68
loadout,fire,ignite,spark|blaze|heal|vine|ember|inferno,sword,quick,swift|expose|strike|guard|cut|unity,balanced,balanced,0,0,0,0,7,8,131,0,8,0
loadout,fire,ignite,spark|blaze|heal|vine|ember|inferno,sword,quick,swift|expose|strike|guard|cut|unity,balanced,balanced,0,1,1,0,4,5,0,78,17,0
loadout,fire,ignite,spark|blaze|heal|vine|ember|inferno,sword,quick,swift|expose|strike|guard|cut|unity,balanced,balanced,1,0,0,0,14,12,112,0,104,0
loadout,fire,ignite,spark|blaze|heal|vine|ember|inferno,sword,quick,swift|expose|strike|guard|cut|unity,balanced,balanced,1,1,1,0,5,5,0,58,40,0
loadout,fire,ignite,spark|blaze|heal|vine|ember|inferno,sword,quick,swift|expose|strike|guard|cut|unity,balanced,balanced,2,0,0,0,7,7,150,0,128,0
loadout,fire,ignite,spark|blaze|heal|vine|ember|inferno,sword,quick,swift|expose|strike|guard|cut|unity,balanced,balanced,2,1,1,1,4,5,0,112,0,68
loadout,fire,ignite,spark|blaze|heal|vine|ember|inferno,sword,heavy,swift|expose|strike|guard|return|unity,balanced,balanced,0,0,0,0,9,8,32,0,2,0
loadout,fire,ignite,spark|blaze|heal|vine|ember|inferno,sword,heavy,swift|expose|strike|guard|return|unity,balanced,balanced,0,1,1,1,4,4,0,96,0,96
loadout,fire,ignite,spark|blaze|heal|vine|ember|inferno,sword,heavy,swift|expose|strike|guard|return|unity,balanced,balanced,1,0,0,0,11,9,55,0,8,0
loadout,fire,ignite,spark|blaze|heal|vine|ember|inferno,sword,heavy,swift|expose|strike|guard|return|unity,balanced,balanced,1,1,1,1,5,4,0,76,0,96
loadout,fire,ignite,spark|blaze|heal|vine|ember|inferno,sword,heavy,swift|expose|strike|guard|return|unity,balanced,balanced,2,0,0,1,9,6,19,0,0,33
loadout,fire,ignite,spark|blaze|heal|vine|ember|inferno,sword,heavy,swift|expose|strike|guard|return|unity,balanced,balanced,2,1,1,1,4,4,0,112,0,112
loadout,fire,ignite,spark|blaze|heal|vine|ember|nourish,sword,quick,swift|expose|strike|guard|cut|unity,balanced,balanced,0,0,0,0,10,9,71,0,10,0
loadout,fire,ignite,spark|blaze|heal|vine|ember|nourish,sword,quick,swift|expose|strike|guard|cut|unity,balanced,balanced,0,1,1,1,4,4,0,70,0,70
loadout,fire,ignite,spark|blaze|heal|vine|ember|nourish,sword,quick,swift|expose|strike|guard|cut|unity,balanced,balanced,1,0,0,0,7,7,152,0,138,0
loadout,fire,ignite,spark|blaze|heal|vine|ember|nourish,sword,quick,swift|expose|strike|guard|cut|unity,balanced,balanced,1,1,0,0,7,6,30,0,75,0
loadout,fire,ignite,spark|blaze|heal|vine|ember|nourish,sword,quick,swift|expose|strike|guard|cut|unity,balanced,balanced,2,0,0,0,7,7,150,0,128,0
loadout,fire,ignite,spark|blaze|heal|vine|ember|nourish,sword,quick,swift|expose|strike|guard|cut|unity,balanced,balanced,2,1,1,1,4,4,0,88,0,88
loadout,fire,ignite,spark|blaze|heal|vine|ember|nourish,sword,heavy,swift|expose|strike|guard|return|unity,balanced,balanced,0,0,0,0,8,9,29,0,27,0
loadout,fire,ignite,spark|blaze|heal|vine|ember|nourish,sword,heavy,swift|expose|strike|guard|return|unity,balanced,balanced,0,1,1,1,4,4,0,88,0,88
loadout,fire,ignite,spark|blaze|heal|vine|ember|nourish,sword,heavy,swift|expose|strike|guard|return|unity,balanced,balanced,1,0,0,0,9,8,35,0,27,0
loadout,fire,ignite,spark|blaze|heal|vine|ember|nourish,sword,heavy,swift|expose|strike|guard|return|unity,balanced,balanced,1,1,1,1,4,4,0,88,0,88
loadout,fire,ignite,spark|blaze|heal|vine|ember|nourish,sword,heavy,swift|expose|strike|guard|return|unity,balanced,balanced,2,0,0,0,7,7,51,0,51,0
loadout,fire,ignite,spark|blaze|heal|vine|ember|nourish,sword,heavy,swift|expose|strike|guard|return|unity,balanced,balanced,2,1,1,1,5,5,0,26,0,26
loadout,fire,ignite,seed|heal|vine|ember|nourish|inferno,sword,quick,swift|expose|strike|guard|cut|unity,balanced,balanced,0,0,1,1,5,9,0,191,0,87
loadout,fire,ignite,seed|heal|vine|ember|nourish|inferno,sword,quick,swift|expose|strike|guard|cut|unity,balanced,balanced,0,1,1,1,3,3,0,204,0,204
loadout,fire,ignite,seed|heal|vine|ember|nourish|inferno,sword,quick,swift|expose|strike|guard|cut|unity,balanced,balanced,1,0,1,1,5,6,0,178,0,169
loadout,fire,ignite,seed|heal|vine|ember|nourish|inferno,sword,quick,swift|expose|strike|guard|cut|unity,balanced,balanced,1,1,1,1,4,4,0,204,0,204
loadout,fire,ignite,seed|heal|vine|ember|nourish|inferno,sword,quick,swift|expose|strike|guard|cut|unity,balanced,balanced,2,0,1,1,12,12,0,93,0,92
loadout,fire,ignite,seed|heal|vine|ember|nourish|inferno,sword,quick,swift|expose|strike|guard|cut|unity,balanced,balanced,2,1,1,1,5,4,0,208,0,208
loadout,fire,ignite,seed|heal|vine|ember|nourish|inferno,sword,heavy,swift|expose|strike|guard|return|unity,balanced,balanced,0,0,1,1,12,6,0,46,0,182
loadout,fire,ignite,seed|heal|vine|ember|nourish|inferno,sword,heavy,swift|expose|strike|guard|return|unity,balanced,balanced,0,1,1,1,4,4,0,178,0,178
loadout,fire,ignite,seed|heal|vine|ember|nourish|inferno,sword,heavy,swift|expose|strike|guard|return|unity,balanced,balanced,1,0,1,1,8,5,0,156,0,178
loadout,fire,ignite,seed|heal|vine|ember|nourish|inferno,sword,heavy,swift|expose|strike|guard|return|unity,balanced,balanced,1,1,1,1,4,4,0,204,0,204
loadout,fire,ignite,seed|heal|vine|ember|nourish|inferno,sword,heavy,swift|expose|strike|guard|return|unity,balanced,balanced,2,0,1,1,7,7,0,167,0,167
loadout,fire,ignite,seed|heal|vine|ember|nourish|inferno,sword,heavy,swift|expose|strike|guard|return|unity,balanced,balanced,2,1,1,1,6,5,0,182,0,182
loadout,fire,ignite,seed|blaze|vine|ember|nourish|inferno,sword,quick,swift|expose|strike|guard|cut|unity,balanced,balanced,0,0,0,0,6,6,31,0,31,0
loadout,fire,ignite,seed|blaze|vine|ember|nourish|inferno,sword,quick,swift|expose|strike|guard|cut|unity,balanced,balanced,0,1,1,1,4,4,0,140,0,140
loadout,fire,ignite,seed|blaze|vine|ember|nourish|inferno,sword,quick,swift|expose|strike|guard|cut|unity,balanced,balanced,1,0,1,1,5,5,0,34,0,34
loadout,fire,ignite,seed|blaze|vine|ember|nourish|inferno,sword,quick,swift|expose|strike|guard|cut|unity,balanced,balanced,1,1,1,1,6,6,0,73,0,73
loadout,fire,ignite,seed|blaze|vine|ember|nourish|inferno,sword,quick,swift|expose|strike|guard|cut|unity,balanced,balanced,2,0,1,1,6,6,0,5,0,5
loadout,fire,ignite,seed|blaze|vine|ember|nourish|inferno,sword,quick,swift|expose|strike|guard|cut|unity,balanced,balanced,2,1,0,0,6,6,5,0,5,0
loadout,fire,ignite,seed|blaze|vine|ember|nourish|inferno,sword,heavy,swift|expose|strike|guard|return|unity,balanced,balanced,0,0,0,0,7,7,123,0,123,0
loadout,fire,ignite,seed|blaze|vine|ember|nourish|inferno,sword,heavy,swift|expose|strike|guard|return|unity,balanced,balanced,0,1,1,1,5,5,0,122,0,122
loadout,fire,ignite,seed|blaze|vine|ember|nourish|inferno,sword,heavy,swift|expose|strike|guard|return|unity,balanced,balanced,1,0,1,1,5,5,0,34,0,34
loadout,fire,ignite,seed|blaze|vine|ember|nourish|inferno,sword,heavy,swift|expose|strike|guard|return|unity,balanced,balanced,1,1,1,1,6,6,0,44,0,44
loadout,fire,ignite,seed|blaze|vine|ember|nourish|inferno,sword,heavy,swift|expose|strike|guard|return|unity,balanced,balanced,2,0,0,0,7,7,28,0,28,0
loadout,fire,ignite,seed|blaze|vine|ember|nourish|inferno,sword,heavy,swift|expose|strike|guard|return|unity,balanced,balanced,2,1,1,1,5,5,0,87,0,87
loadout,fire,ignite,seed|blaze|heal|ember|nourish|inferno,sword,quick,swift|expose|strike|guard|cut|unity,balanced,balanced,0,0,1,1,6,5,0,18,0,66
loadout,fire,ignite,seed|blaze|heal|ember|nourish|inferno,sword,quick,swift|expose|strike|guard|cut|unity,balanced,balanced,0,1,1,1,4,4,0,140,0,140
loadout,fire,ignite,seed|blaze|heal|ember|nourish|inferno,sword,quick,swift|expose|strike|guard|cut|unity,balanced,balanced,1,0,0,1,5,4,29,0,0,54
loadout,fire,ignite,seed|blaze|heal|ember|nourish|inferno,sword,quick,swift|expose|strike|guard|cut|unity,balanced,balanced,1,1,1,1,6,5,0,41,0,102
loadout,fire,ignite,seed|blaze|heal|ember|nourish|inferno,sword,quick,swift|expose|strike|guard|cut|unity,balanced,balanced,2,0,1,1,6,6,0,6,0,6
loadout,fire,ignite,seed|blaze|heal|ember|nourish|inferno,sword,quick,swift|expose|strike|guard|cut|unity,balanced,balanced,2,1,1,1,6,6,0,56,0,56
loadout,fire,ignite,seed|blaze|heal|ember|nourish|inferno,sword,heavy,swift|expose|strike|guard|return|unity,balanced,balanced,0,0,1,1,6,5,0,73,0,88
loadout,fire,ignite,seed|blaze|heal|ember|nourish|inferno,sword,heavy,swift|expose|strike|guard|return|unity,balanced,balanced,0,1,1,1,5,5,0,122,0,122
loadout,fire,ignite,seed|blaze|heal|ember|nourish|inferno,sword,heavy,swift|expose|strike|guard|return|unity,balanced,balanced,1,0,0,1,5,4,29,0,0,54
loadout,fire,ignite,seed|blaze|heal|ember|nourish|inferno,sword,heavy,swift|expose|strike|guard|return|unity,balanced,balanced,1,1,0,0,8,8,123,0,115,0
loadout,fire,ignite,seed|blaze|heal|ember|nourish|inferno,sword,heavy,swift|expose|strike|guard|return|unity,balanced,balanced,2,0,0,1,9,6,41,0,0,9
loadout,fire,ignite,seed|blaze|heal|ember|nourish|inferno,sword,heavy,swift|expose|strike|guard|return|unity,balanced,balanced,2,1,1,1,5,5,0,87,0,87
loadout,fire,ignite,seed|blaze|heal|vine|nourish|inferno,sword,quick,swift|expose|strike|guard|cut|unity,balanced,balanced,0,0,1,1,6,5,0,18,0,66
loadout,fire,ignite,seed|blaze|heal|vine|nourish|inferno,sword,quick,swift|expose|strike|guard|cut|unity,balanced,balanced,0,1,1,1,4,4,0,104,0,104
loadout,fire,ignite,seed|blaze|heal|vine|nourish|inferno,sword,quick,swift|expose|strike|guard|cut|unity,balanced,balanced,1,0,0,1,5,4,29,0,0,54
loadout,fire,ignite,seed|blaze|heal|vine|nourish|inferno,sword,quick,swift|expose|strike|guard|cut|unity,balanced,balanced,1,1,1,1,6,6,0,58,0,90
loadout,fire,ignite,seed|blaze|heal|vine|nourish|inferno,sword,quick,swift|expose|strike|guard|cut|unity,balanced,balanced,2,0,1,1,6,6,0,6,0,6
loadout,fire,ignite,seed|blaze|heal|vine|nourish|inferno,sword,quick,swift|expose|strike|guard|cut|unity,balanced,balanced,2,1,0,0,6,6,7,0,9,0
loadout,fire,ignite,seed|blaze|heal|vine|nourish|inferno,sword,heavy,swift|expose|strike|guard|return|unity,balanced,balanced,0,0,1,1,6,5,0,73,0,88
loadout,fire,ignite,seed|blaze|heal|vine|nourish|inferno,sword,heavy,swift|expose|strike|guard|return|unity,balanced,balanced,0,1,1,1,5,6,0,101,0,50
loadout,fire,ignite,seed|blaze|heal|vine|nourish|inferno,sword,heavy,swift|expose|strike|guard|return|unity,balanced,balanced,1,0,0,1,5,4,29,0,0,54
loadout,fire,ignite,seed|blaze|heal|vine|nourish|inferno,sword,heavy,swift|expose|strike|guard|return|unity,balanced,balanced,1,1,1,1,6,6,0,54,0,54
loadout,fire,ignite,seed|blaze|heal|vine|nourish|inferno,sword,heavy,swift|expose|strike|guard|return|unity,balanced,balanced,2,0,0,0,7,7,124,0,108,0
loadout,fire,ignite,seed|blaze|heal|vine|nourish|inferno,sword,heavy,swift|expose|strike|guard|return|unity,balanced,balanced,2,1,1,1,5,5,0,87,0,87
loadout,fire,ignite,seed|blaze|heal|vine|ember|inferno,sword,quick,swift|expose|strike|guard|cut|unity,balanced,balanced,0,0,1,1,6,5,0,18,0,66
loadout,fire,ignite,seed|blaze|heal|vine|ember|inferno,sword,quick,swift|expose|strike|guard|cut|unity,balanced,balanced,0,1,1,1,4,4,0,35,0,35
loadout,fire,ignite,seed|blaze|heal|vine|ember|inferno,sword,quick,swift|expose|strike|guard|cut|unity,balanced,balanced,1,0,0,1,5,4,29,0,0,54
loadout,fire,ignite,seed|blaze|heal|vine|ember|inferno,sword,quick,swift|expose|strike|guard|cut|unity,balanced,balanced,1,1,0,0,6,6,54,0,46,0
loadout,fire,ignite,seed|blaze|heal|vine|ember|inferno,sword,quick,swift|expose|strike|guard|cut|unity,balanced,balanced,2,0,0,1,6,4,59,0,0,33
loadout,fire,ignite,seed|blaze|heal|vine|ember|inferno,sword,quick,swift|expose|strike|guard|cut|unity,balanced,balanced,2,1,0,0,6,6,7,0,9,0
loadout,fire,ignite,seed|blaze|heal|vine|ember|inferno,sword,heavy,swift|expose|strike|guard|return|unity,balanced,balanced,0,0,1,1,6,5,0,60,0,88
loadout,fire,ignite,seed|blaze|heal|vine|ember|inferno,sword,heavy,swift|expose|strike|guard|return|unity,balanced,balanced,0,1,1,1,5,5,0,41,0,41
loadout,fire,ignite,seed|blaze|heal|vine|ember|inferno,sword,heavy,swift|expose|strike|guard|return|unity,balanced,balanced,1,0,0,1,5,4,29,0,0,54
loadout,fire,ignite,seed|blaze|heal|vine|ember|inferno,sword,heavy,swift|expose|strike|guard|return|unity,balanced,balanced,1,1,0,0,9,8,104,0,45,0
loadout,fire,ignite,seed|blaze|heal|vine|ember|inferno,sword,heavy,swift|expose|strike|guard|return|unity,balanced,balanced,2,0,0,0,7,7,124,0,108,0
loadout,fire,ignite,seed|blaze|heal|vine|ember|inferno,sword,heavy,swift|expose|strike|guard|return|unity,balanced,balanced,2,1,1,1,5,5,0,87,0,87
loadout,fire,ignite,seed|blaze|heal|vine|ember|nourish,sword,quick,swift|expose|strike|guard|cut|unity,balanced,balanced,0,0,1,0,6,6,0,18,14,0
loadout,fire,ignite,seed|blaze|heal|vine|ember|nourish,sword,quick,swift|expose|strike|guard|cut|unity,balanced,balanced,0,1,1,1,4,4,0,108,0,108
loadout,fire,ignite,seed|blaze|heal|vine|ember|nourish,sword,quick,swift|expose|strike|guard|cut|unity,balanced,balanced,1,0,0,1,5,4,29,0,0,54
loadout,fire,ignite,seed|blaze|heal|vine|ember|nourish,sword,quick,swift|expose|strike|guard|cut|unity,balanced,balanced,1,1,0,1,6,6,45,0,0,16
loadout,fire,ignite,seed|blaze|heal|vine|ember|nourish,sword,quick,swift|expose|strike|guard|cut|unity,balanced,balanced,2,0,0,0,6,6,103,0,66,0
loadout,fire,ignite,seed|blaze|heal|vine|ember|nourish,sword,quick,swift|expose|strike|guard|cut|unity,balanced,balanced,2,1,1,0,6,6,0,3,2,0
loadout,fire,ignite,seed|blaze|heal|vine|ember|nourish,sword,heavy,swift|expose|strike|guard|return|unity,balanced,balanced,0,0,0,0,7,7,131,0,48,0
loadout,fire,ignite,seed|blaze|heal|vine|ember|nourish,sword,heavy,swift|expose|strike|guard|return|unity,balanced,balanced,0,1,1,0,5,7,0,84,9,0
loadout,fire,ignite,seed|blaze|heal|vine|ember|nourish,sword,heavy,swift|expose|strike|guard|return|unity,balanced,balanced,1,0,0,1,5,4,29,0,0,54
loadout,fire,ignite,seed|blaze|heal|vine|ember|nourish,sword,heavy,swift|expose|strike|guard|return|unity,balanced,balanced,1,1,0,0,8,8,123,0,84,0
loadout,fire,ignite,seed|blaze|heal|vine|ember|nourish,sword,heavy,swift|expose|strike|guard|return|unity,balanced,balanced,2,0,0,0,6,6,55,0,31,0
loadout,fire,ignite,seed|blaze|heal|vine|ember|nourish,sword,heavy,swift|expose|strike|guard|return|unity,balanced,balanced,2,1,1,1,6,6,0,32,0,16
loadout,fire,ignite,seed|spark|vine|ember|nourish|inferno,sword,quick,swift|expose|strike|guard|cut|unity,balanced,balanced,0,0,1,1,6,6,0,101,0,101
loadout,fire,ignite,seed|spark|vine|ember|nourish|inferno,sword,quick,swift|expose|strike|guard|cut|unity,balanced,balanced,0,1,1,1,4,4,0,143,0,143
loadout,fire,ignite,seed|spark|vine|ember|nourish|inferno,sword,quick,swift|expose|strike|guard|cut|unity,balanced,balanced,1,0,0,0,11,11,41,0,41,0
loadout,fire,ignite,seed|spark|vine|ember|nourish|inferno,sword,quick,swift|expose|strike|guard|cut|unity,balanced,balanced,1,1,1,1,4,4,0,131,0,131
loadout,fire,ignite,seed|spark|vine|ember|nourish|inferno,sword,quick,swift|expose|strike|guard|cut|unity,balanced,balanced,2,0,0,0,11,11,41,0,41,0
loadout,fire,ignite,seed|spark|vine|ember|nourish|inferno,sword,quick,swift|expose|strike|guard|cut|unity,balanced,balanced,2,1,1,1,4,4,0,131,0,131
loadout,fire,ignite,seed|spark|vine|ember|nourish|inferno,sword,heavy,swift|expose|strike|guard|return|unity,balanced,balanced,0,0,1,1,10,10,0,21,0,21
loadout,fire,ignite,seed|spark|vine|ember|nourish|inferno,sword,heavy,swift|expose|strike|guard|return|unity,balanced,balanced,0,1,1,1,4,4,0,161,0,161
loadout,fire,ignite,seed|spark|vine|ember|nourish|inferno,sword,heavy,swift|expose|strike|guard|return|unity,balanced,balanced,1,0,1,1,8,8,0,85,0,85
loadout,fire,ignite,seed|spark|vine|ember|nourish|inferno,sword,heavy,swift|expose|strike|guard|return|unity,balanced,balanced,1,1,1,1,4,4,0,161,0,161
loadout,fire,ignite,seed|spark|vine|ember|nourish|inferno,sword,heavy,swift|expose|strike|guard|return|unity,balanced,balanced,2,0,1,1,8,8,0,76,0,76
loadout,fire,ignite,seed|spark|vine|ember|nourish|inferno,sword,heavy,swift|expose|strike|guard|return|unity,balanced,balanced,2,1,1,1,5,5,0,116,0,116
loadout,fire,ignite,seed|spark|heal|ember|nourish|inferno,sword,quick,swift|expose|strike|guard|cut|unity,balanced,balanced,0,0,1,1,8,10,0,122,0,90
loadout,fire,ignite,seed|spark|heal|ember|nourish|inferno,sword,quick,swift|expose|strike|guard|cut|unity,balanced,balanced,0,1,1,1,4,4,0,143,0,143
loadout,fire,ignite,seed|spark|heal|ember|nourish|inferno,sword,quick,swift|expose|strike|guard|cut|unity,balanced,balanced,1,0,1,1,12,8,0,18,0,72
loadout,fire,ignite,seed|spark|heal|ember|nourish|inferno,sword,quick,swift|expose|strike|guard|cut|unity,balanced,balanced,1,1,1,1,4,4,0,131,0,131
loadout,fire,ignite,seed|spark|heal|ember|nourish|inferno,sword,quick,swift|expose|strike|guard|cut|unity,balanced,balanced,2,0,1,1,11,8,0,21,0,63
loadout,fire,ignite,seed|spark|heal|ember|nourish|inferno,sword,quick,swift|expose|strike|guard|cut|unity,balanced,balanced,2,1,1,1,4,4,0,131,0,131
loadout,fire,ignite,seed|spark|heal|ember|nourish|inferno,sword,heavy,swift|expose|strike|guard|return|unity,balanced,balanced,0,0,1,1,6,6,0,138,0,118
loadout,fire,ignite,seed|spark|heal|ember|nourish|inferno,sword,heavy,swift|expose|strike|guard|return|unity,balanced,balanced,0,1,1,1,5,5,0,153,0,132
loadout,fire,ignite,seed|spark|heal|ember|nourish|inferno,sword,heavy,swift|expose|strike|guard|return|unity,balanced,balanced,1,0,1,1,11,8,0,73,0,97
loadout,fire,ignite,seed|spark|heal|ember|nourish|inferno,sword,heavy,swift|expose|strike|guard|return|unity,balanced,balanced,1,1,1,1,7,6,0,100,0,116
loadout,fire,ignite,seed|spark|heal|ember|nourish|inferno,sword,heavy,swift|expose|strike|guard|return|unity,balanced,balanced,2,0,1,1,11,8,0,64,0,88
loadout,fire,ignite,seed|spark|heal|ember|nourish|inferno,sword,heavy,swift|expose|strike|guard|return|unity,balanced,balanced,2,1,1,1,5,5,0,116,0,116
loadout,fire,ignite,seed|spark|heal|vine|nourish|inferno,sword,quick,swift|expose|strike|guard|cut|unity,balanced,balanced,0,0,1,1,8,11,0,117,0,40
loadout,fire,ignite,seed|spark|heal|vine|nourish|inferno,sword,quick,swift|expose|strike|guard|cut|unity,balanced,balanced,0,1,1,1,4,4,0,143,0,143
loadout,fire,ignite,seed|spark|heal|vine|nourish|inferno,sword,quick,swift|expose|strike|guard|cut|unity,balanced,balanced,1,0,1,1,12,8,0,18,0,47
loadout,fire,ignite,seed|spark|heal|vine|nourish|inferno,sword,quick,swift|expose|strike|guard|cut|unity,balanced,balanced,1,1,1,1,4,4,0,131,0,131
loadout,fire,ignite,seed|spark|heal|vine|nourish|inferno,sword,quick,swift|expose|strike|guard|cut|unity,balanced,balanced,2,0,1,1,11,8,0,21,0,38
loadout,fire,ignite,seed|spark|heal|vine|nourish|inferno,sword,quick,swift|expose|strike|guard|cut|unity,balanced,balanced,2,1,1,1,4,4,0,131,0,131
loadout,fire,ignite,seed|spark|heal|vine|nourish|inferno,sword,heavy,swift|expose|strike|guard|return|unity,balanced,balanced,0,0,1,1,8,6,0,117,0,118
loadout,fire,ignite,seed|spark|heal|vine|nourish|inferno,sword,heavy,swift|expose|strike|guard|return|unity,balanced,balanced,0,1,1,1,5,5,0,153,0,132
loadout,fire,ignite,seed|spark|heal|vine|nourish|inferno,sword,heavy,swift|expose|strike|guard|return|unity,balanced,balanced,1,0,1,1,11,8,0,73,0,84
loadout,fire,ignite,seed|spark|heal|vine|nourish|inferno,sword,heavy,swift|expose|strike|guard|return|unity,balanced,balanced,1,1,1,1,7,6,0,100,0,116
loadout,fire,ignite,seed|spark|heal|vine|nourish|inferno,sword,heavy,swift|expose|strike|guard|return|unity,balanced,balanced,2,0,1,1,11,8,0,64,0,75
loadout,fire,ignite,seed|spark|heal|vine|nourish|inferno,sword,heavy,swift|expose|strike|guard|return|unity,balanced,balanced,2,1,1,1,5,5,0,116,0,116
loadout,fire,ignite,seed|spark|heal|vine|ember|inferno,sword,quick,swift|expose|strike|guard|cut|unity,balanced,balanced,0,0,1,1,8,11,0,117,0,40
loadout,fire,ignite,seed|spark|heal|vine|ember|inferno,sword,quick,swift|expose|strike|guard|cut|unity,balanced,balanced,0,1,1,1,4,4,0,118,0,118
loadout,fire,ignite,seed|spark|heal|vine|ember|inferno,sword,quick,swift|expose|strike|guard|cut|unity,balanced,balanced,1,0,0,1,15,8,175,0,0,47
loadout,fire,ignite,seed|spark|heal|vine|ember|inferno,sword,quick,swift|expose|strike|guard|cut|unity,balanced,balanced,1,1,1,1,4,4,0,118,0,118
loadout,fire,ignite,seed|spark|heal|vine|ember|inferno,sword,quick,swift|expose|strike|guard|cut|unity,balanced,balanced,2,0,0,1,15,8,175,0,0,38
loadout,fire,ignite,seed|spark|heal|vine|ember|inferno,sword,quick,swift|expose|strike|guard|cut|unity,balanced,balanced,2,1,1,1,5,4,0,88,0,118
loadout,fire,ignite,seed|spark|heal|vine|ember|inferno,sword,heavy,swift|expose|strike|guard|return|unity,balanced,balanced,0,0,1,1,8,6,0,117,0,118
loadout,fire,ignite,seed|spark|heal|vine|ember|inferno,sword,heavy,swift|expose|strike|guard|return|unity,balanced,balanced,0,1,1,1,4,4,0,152,0,152
loadout,fire,ignite,seed|spark|heal|vine|ember|inferno,sword,heavy,swift|expose|strike|guard|return|unity,balanced,balanced,1,0,0,1,12,8,26,0,0,84
loadout,fire,ignite,seed|spark|heal|vine|ember|inferno,sword,heavy,swift|expose|strike|guard|return|unity,balanced,balanced,1,1,1,1,4,4,0,136,0,136
loadout,fire,ignite,seed|spark|heal|vine|ember|inferno,sword,heavy,swift|expose|strike|guard|return|unity,balanced,balanced,2,0,0,1,11,8,134,0,0,75
loadout,fire,ignite,seed|spark|heal|vine|ember|inferno,sword,heavy,swift|expose|strike|guard|return|unity,balanced,balanced,2,1,1,1,5,4,0,128,0,136
loadout,fire,ignite,seed|spark|heal|vine|ember|nourish,sword,quick,swift|expose|strike|guard|cut|unity,balanced,balanced,0,0,1,0,8,13,0,117,10,0
loadout,fire,ignite,seed|spark|heal|vine|ember|nourish,sword,quick,swift|expose|strike|guard|cut|unity,balanced,balanced,0,1,1,1,4,4,0,143,0,143
loadout,fire,ignite,seed|spark|heal|vine|ember|nourish,sword,quick,swift|expose|strike|guard|cut|unity,balanced,balanced,1,0,0,1,12,13,25,0,0,38
loadout,fire,ignite,seed|spark|heal|vine|ember|nourish,sword,quick,swift|expose|strike|guard|cut|unity,balanced,balanced,1,1,1,1,4,4,0,123,0,123
loadout,fire,ignite,seed|spark|heal|vine|ember|nourish,sword,quick,swift|expose|strike|guard|cut|unity,balanced,balanced,2,0,1,1,11,13,0,21,0,29
loadout,fire,ignite,seed|spark|heal|vine|ember|nourish,sword,quick,swift|expose|strike|guard|cut|unity,balanced,balanced,2,1,1,1,4,4,0,123,0,123
loadout,fire,ignite,seed|spark|heal|vine|ember|nourish,sword,heavy,swift|expose|strike|guard|return|unity,balanced,balanced,0,0,1,1,8,9,0,117,0,33
loadout,fire,ignite,seed|spark|heal|vine|ember|nourish,sword,heavy,swift|expose|strike|guard|return|unity,balanced,balanced,0,1,1,1,5,5,0,153,0,132
loadout,fire,ignite,seed|spark|heal|vine|ember|nourish,sword,heavy,swift|expose|strike|guard|return|unity,balanced,balanced,1,0,0,1,14,8,32,0,0,82
loadout,fire,ignite,seed|spark|heal|vine|ember|nourish,sword,heavy,swift|expose|strike|guard|return|unity,balanced,balanced,1,1,1,1,7,6,0,100,0,116
loadout,fire,ignite,seed|spark|heal|vine|ember|nourish,sword,heavy,swift|expose|strike|guard|return|unity,balanced,balanced,2,0,0,1,14,8,32,0,0,73
loadout,fire,ignite,seed|spark|heal|vine|ember|nourish,sword,heavy,swift|expose|strike|guard|return|unity,balanced,balanced,2,1,1,1,5,5,0,116,0,116
loadout,fire,ignite,seed|spark|blaze|ember|nourish|inferno,sword,quick,swift|expose|strike|guard|cut|unity,balanced,balanced,0,0,0,0,5,5,75,0,75,0
loadout,fire,ignite,seed|spark|blaze|ember|nourish|inferno,sword,quick,swift|expose|strike|guard|cut|unity,balanced,balanced,0,1,1,1,4,4,0,70,0,70
loadout,fire,ignite,seed|spark|blaze|ember|nourish|inferno,sword,quick,swift|expose|strike|guard|cut|unity,balanced,balanced,1,0,0,0,5,5,75,0,75,0
loadout,fire,ignite,seed|spark|blaze|ember|nourish|inferno,sword,quick,swift|expose|strike|guard|cut|unity,balanced,balanced,1,1,0,0,6,6,3,0,3,0
loadout,fire,ignite,seed|spark|blaze|ember|nourish|inferno,sword,quick,swift|expose|strike|guard|cut|unity,balanced,balanced,2,0,0,0,5,5,168,0,168,0
loadout,fire,ignite,seed|spark|blaze|ember|nourish|inferno,sword,quick,swift|expose|strike|guard|cut|unity,balanced,balanced,2,1,1,1,5,5,0,100,0,100
loadout,fire,ignite,seed|spark|blaze|ember|nourish|inferno,sword,heavy,swift|expose|strike|guard|return|unity,balanced,balanced,0,0,0,0,4,4,78,0,78,0
loadout,fire,ignite,seed|spark|blaze|ember|nourish|inferno,sword,heavy,swift|expose|strike|guard|return|unity,balanced,balanced,0,1,1,1,5,5,0,48,0,48
loadout,fire,ignite,seed|spark|blaze|ember|nourish|inferno,sword,heavy,swift|expose|strike|guard|return|unity,balanced,balanced,1,0,0,0,5,5,76,0,76,0
loadout,fire,ignite,seed|spark|blaze|ember|nourish|inferno,sword,heavy,swift|expose|strike|guard|return|unity,balanced,balanced,1,1,1,1,6,6,0,21,0,21
loadout,fire,ignite,seed|spark|blaze|ember|nourish|inferno,sword,heavy,swift|expose|strike|guard|return|unity,balanced,balanced,2,0,0,0,6,6,87,0,87,0
loadout,fire,ignite,seed|spark|blaze|ember|nourish|inferno,sword,heavy,swift|expose|strike|guard|return|unity,balanced,balanced,2,1,1,1,5,5,0,53,0,53
loadout,fire,ignite,seed|spark|blaze|vine|nourish|inferno,sword,quick,swift|expose|strike|guard|cut|unity,balanced,balanced,0,0,0,0,5,5,75,0,75,0
loadout,fire,ignite,seed|spark|blaze|vine|nourish|inferno,sword,quick,swift|expose|strike|guard|cut|unity,balanced,balanced,0,1,1,1,4,4,0,70,0,70
loadout,fire,ignite,seed|spark|blaze|vine|nourish|inferno,sword,quick,swift|expose|strike|guard|cut|unity,balanced,balanced,1,0,0,0,5,5,75,0,75,0
loadout,fire,ignite,seed|spark|blaze|vine|nourish|inferno,sword,quick,swift|expose|strike|guard|cut|unity,balanced,balanced,1,1,1,1,8,8,0,17,0,17
loadout,fire,ignite,seed|spark|blaze|vine|nourish|inferno,sword,quick,swift|expose|strike|guard|cut|unity,balanced,balanced,2,0,0,0,5,5,109,0,109,0
loadout,fire,ignite,seed|spark|blaze|vine|nourish|inferno,sword,quick,swift|expose|strike|guard|cut|unity,balanced,balanced,2,1,0,0,8,8,49,0,49,0
loadout,fire,ignite,seed|spark|blaze|vine|nourish|inferno,sword,heavy,swift|expose|strike|guard|return|unity,balanced,balanced,0,0,0,0,4,4,78,0,78,0
loadout,fire,ignite,seed|spark|blaze|vine|nourish|inferno,sword,heavy,swift|expose|strike|guard|return|unity,balanced,balanced,0,1,1,1,5,5,0,39,0,39
loadout,fire,ignite,seed|spark|blaze|vine|nourish|inferno,sword,heavy,swift|expose|strike|guard|return|unity,balanced,balanced,1,0,0,0,5,5,76,0,76,0
loadout,fire,ignite,seed|spark|blaze|vine|nourish|inferno,sword,heavy,swift|expose|strike|guard|return|unity,balanced,balanced,1,1,1,1,6,6,0,11,0,11
loadout,fire,ignite,seed|spark|blaze|vine|nourish|inferno,sword,heavy,swift|expose|strike|guard|return|unity,balanced,balanced,2,0,0,0,6,6,87,0,87,0
loadout,fire,ignite,seed|spark|blaze|vine|nourish|inferno,sword,heavy,swift|expose|strike|guard|return|unity,balanced,balanced,2,1,0,0,6,6,181,0,181,0
loadout,fire,ignite,seed|spark|blaze|vine|ember|inferno,sword,quick,swift|expose|strike|guard|cut|unity,balanced,balanced,0,0,0,0,5,5,61,0,61,0
loadout,fire,ignite,seed|spark|blaze|vine|ember|inferno,sword,quick,swift|expose|strike|guard|cut|unity,balanced,balanced,0,1,1,1,4,4,0,15,0,15
loadout,fire,ignite,seed|spark|blaze|vine|ember|inferno,sword,quick,swift|expose|strike|guard|cut|unity,balanced,balanced,1,0,0,0,5,5,61,0,61,0
loadout,fire,ignite,seed|spark|blaze|vine|ember|inferno,sword,quick,swift|expose|strike|guard|cut|unity,balanced,balanced,1,1,0,0,6,6,64,0,64,0
loadout,fire,ignite,seed|spark|blaze|vine|ember|inferno,sword,quick,swift|expose|strike|guard|cut|unity,balanced,balanced,2,0,0,0,5,5,109,0,109,0
loadout,fire,ignite,seed|spark|blaze|vine|ember|inferno,sword,quick,swift|expose|strike|guard|cut|unity,balanced,balanced,2,1,1,1,5,5,0,64,0,64
loadout,fire,ignite,seed|spark|blaze|vine|ember|inferno,sword,heavy,swift|expose|strike|guard|return|unity,balanced,balanced,0,0,0,0,4,4,78,0,78,0
loadout,fire,ignite,seed|spark|blaze|vine|ember|inferno,sword,heavy,swift|expose|strike|guard|return|unity,balanced,balanced,0,1,0,0,4,4,7,0,7,0
loadout,fire,ignite,seed|spark|blaze|vine|ember|inferno,sword,heavy,swift|expose|strike|guard|return|unity,balanced,balanced,1,0,0,0,5,5,76,0,76,0
loadout,fire,ignite,seed|spark|blaze|vine|ember|inferno,sword,heavy,swift|expose|strike|guard|return|unity,balanced,balanced,1,1,0,0,6,6,22,0,22,0
loadout,fire,ignite,seed|spark|blaze|vine|ember|inferno,sword,heavy,swift|expose|strike|guard|return|unity,balanced,balanced,2,0,1,1,5,5,0,45,0,45
loadout,fire,ignite,seed|spark|blaze|vine|ember|inferno,sword,heavy,swift|expose|strike|guard|return|unity,balanced,balanced,2,1,0,0,6,6,167,0,167,0
loadout,fire,ignite,seed|spark|blaze|vine|ember|nourish,sword,quick,swift|expose|strike|guard|cut|unity,balanced,balanced,0,0,0,0,5,5,75,0,75,0
loadout,fire,ignite,seed|spark|blaze|vine|ember|nourish,sword,quick,swift|expose|strike|guard|cut|unity,balanced,balanced,0,1,1,1,4,4,0,70,0,70
loadout,fire,ignite,seed|spark|blaze|vine|ember|nourish,sword,quick,swift|expose|strike|guard|cut|unity,balanced,balanced,1,0,0,0,5,5,75,0,75,0
loadout,fire,ignite,seed|spark|blaze|vine|ember|nourish,sword,quick,swift|expose|strike|guard|cut|unity,balanced,balanced,1,1,1,1,8,8,0,17,0,17
loadout,fire,ignite,seed|spark|blaze|vine|ember|nourish,sword,quick,swift|expose|strike|guard|cut|unity,balanced,balanced,2,0,0,0,5,5,154,0,154,0
loadout,fire,ignite,seed|spark|blaze|vine|ember|nourish,sword,quick,swift|expose|strike|guard|cut|unity,balanced,balanced,2,1,0,0,6,6,32,0,32,0
loadout,fire,ignite,seed|spark|blaze|vine|ember|nourish,sword,heavy,swift|expose|strike|guard|return|unity,balanced,balanced,0,0,0,0,4,4,78,0,78,0
loadout,fire,ignite,seed|spark|blaze|vine|ember|nourish,sword,heavy,swift|expose|strike|guard|return|unity,balanced,balanced,0,1,1,1,5,5,0,39,0,39
loadout,fire,ignite,seed|spark|blaze|vine|ember|nourish,sword,heavy,swift|expose|strike|guard|return|unity,balanced,balanced,1,0,0,0,5,5,76,0,76,0
loadout,fire,ignite,seed|spark|blaze|vine|ember|nourish,sword,heavy,swift|expose|strike|guard|return|unity,balanced,balanced,1,1,0,0,6,6,2,0,2,0
loadout,fire,ignite,seed|spark|blaze|vine|ember|nourish,sword,heavy,swift|expose|strike|guard|return|unity,balanced,balanced,2,0,0,0,6,6,87,0,87,0
loadout,fire,ignite,seed|spark|blaze|vine|ember|nourish,sword,heavy,swift|expose|strike|guard|return|unity,balanced,balanced,2,1,0,0,7,7,9,0,9,0
loadout,fire,ignite,seed|spark|blaze|heal|nourish|inferno,sword,quick,swift|expose|strike|guard|cut|unity,balanced,balanced,0,0,0,0,5,5,75,0,75,0
loadout,fire,ignite,seed|spark|blaze|heal|nourish|inferno,sword,quick,swift|expose|strike|guard|cut|unity,balanced,balanced,0,1,1,1,4,4,0,70,0,70
loadout,fire,ignite,seed|spark|blaze|heal|nourish|inferno,sword,quick,swift|expose|strike|guard|cut|unity,balanced,balanced,1,0,0,0,7,7,15,0,34,0
loadout,fire,ignite,seed|spark|blaze|heal|nourish|inferno,sword,quick,swift|expose|strike|guard|cut|unity,balanced,balanced,1,1,0,0,7,6,42,0,4,0
loadout,fire,ignite,seed|spark|blaze|heal|nourish|inferno,sword,quick,swift|expose|strike|guard|cut|unity,balanced,balanced,2,0,0,0,5,5,180,0,172,0
loadout,fire,ignite,seed|spark|blaze|heal|nourish|inferno,sword,quick,swift|expose|strike|guard|cut|unity,balanced,balanced,2,1,1,1,6,5,0,38,0,100
loadout,fire,ignite,seed|spark|blaze|heal|nourish|inferno,sword,heavy,swift|expose|strike|guard|return|unity,balanced,balanced,0,0,0,0,4,4,78,0,78,0
loadout,fire,ignite,seed|spark|blaze|heal|nourish|inferno,sword,heavy,swift|expose|strike|guard|return|unity,balanced,balanced,0,1,1,1,5,5,0,81,0,81
loadout,fire,ignite,seed|spark|blaze|heal|nourish|inferno,sword,heavy,swift|expose|strike|guard|return|unity,balanced,balanced,1,0,0,0,8,7,96,0,50,0
loadout,fire,ignite,seed|spark|blaze|heal|nourish|inferno,sword,heavy,swift|expose|strike|guard|return|unity,balanced,balanced,1,1,1,1,7,6,0,40,0,21
loadout,fire,ignite,seed|spark|blaze|heal|nourish|inferno,sword,heavy,swift|expose|strike|guard|return|unity,balanced,balanced,2,0,0,0,7,7,65,0,7,0
loadout,fire,ignite,seed|spark|blaze|heal|nourish|inferno,sword,heavy,swift|expose|strike|guard|return|unity,balanced,balanced,2,1,1,1,6,5,0,72,0,53
loadout,fire,ignite,seed|spark|blaze|heal|ember|inferno,sword,quick,swift|expose|strike|guard|cut|unity,balanced,balanced,0,0,0,0,5,5,61,0,61,0
loadout,fire,ignite,seed|spark|blaze|heal|ember|inferno,sword,quick,swift|expose|strike|guard|cut|unity,balanced,balanced,0,1,1,1,4,4,0,15,0,15
loadout,fire,ignite,seed|spark|blaze|heal|ember|inferno,sword,quick,swift|expose|strike|guard|cut|unity,balanced,balanced,1,0,0,0,7,6,1,0,55,0
loadout,fire,ignite,seed|spark|blaze|heal|ember|inferno,sword,quick,swift|expose|strike|guard|cut|unity,balanced,balanced,1,1,0,0,6,5,4,0,67,0
loadout,fire,ignite,seed|spark|blaze|heal|ember|inferno,sword,quick,swift|expose|strike|guard|cut|unity,balanced,balanced,2,0,0,0,5,5,180,0,172,0
loadout,fire,ignite,seed|spark|blaze|heal|ember|inferno,sword,quick,swift|expose|strike|guard|cut|unity,balanced,balanced,2,1,1,1,6,5,0,25,0,100
loadout,fire,ignite,seed|spark|blaze|heal|ember|inferno,sword,heavy,swift|expose|strike|guard|return|unity,balanced,balanced,0,0,0,0,4,4,78,0,78,0
loadout,fire,ignite,seed|spark|blaze|heal|ember|inferno,sword,heavy,swift|expose|strike|guard|return|unity,balanced,balanced,0,1,0,0,4,4,7,0,7,0
loadout,fire,ignite,seed|spark|blaze|heal|ember|inferno,sword,heavy,swift|expose|strike|guard|return|unity,balanced,balanced,1,0,0,0,8,8,96,0,56,0
loadout,fire,ignite,seed|spark|blaze|heal|ember|inferno,sword,heavy,swift|expose|strike|guard|return|unity,balanced,balanced,1,1,1,1,6,6,0,37,0,14
loadout,fire,ignite,seed|spark|blaze|heal|ember|inferno,sword,heavy,swift|expose|strike|guard|return|unity,balanced,balanced,2,0,0,0,7,7,65,0,7,0
loadout,fire,ignite,seed|spark|blaze|heal|ember|inferno,sword,heavy,swift|expose|strike|guard|return|unity,balanced,balanced,2,1,1,1,6,5,0,72,0,53
loadout,fire,ignite,seed|spark|blaze|heal|ember|nourish,sword,quick,swift|expose|strike|guard|cut|unity,balanced,balanced,0,0,0,0,5,5,75,0,75,0
loadout,fire,ignite,seed|spark|blaze|heal|ember|nourish,sword,quick,swift|expose|strike|guard|cut|unity,balanced,balanced,0,1,1,1,4,4,0,70,0,70
loadout,fire,ignite,seed|spark|blaze|heal|ember|nourish,sword,quick,swift|expose|strike|guard|cut|unity,balanced,balanced,1,0,0,0,7,7,15,0,34,0
loadout,fire,ignite,seed|spark|blaze|heal|ember|nourish,sword,quick,swift|expose|strike|guard|cut|unity,balanced,balanced,1,1,0,0,7,6,42,0,4,0
loadout,fire,ignite,seed|spark|blaze|heal|ember|nourish,sword,quick,swift|expose|strike|guard|cut|unity,balanced,balanced,2,0,0,0,5,5,180,0,172,0
loadout,fire,ignite,seed|spark|blaze|heal|ember|nourish,sword,quick,swift|expose|strike|guard|cut|unity,balanced,balanced,2,1,1,1,6,6,0,1,0,1
loadout,fire,ignite,seed|spark|blaze|heal|ember|nourish,sword,heavy,swift|expose|strike|guard|return|unity,balanced,balanced,0,0,0,0,4,4,78,0,78,0
loadout,fire,ignite,seed|spark|blaze|heal|ember|nourish,sword,heavy,swift|expose|strike|guard|return|unity,balanced,balanced,0,1,1,1,5,5,0,57,0,57
loadout,fire,ignite,seed|spark|blaze|heal|ember|nourish,sword,heavy,swift|expose|strike|guard|return|unity,balanced,balanced,1,0,0,0,8,7,96,0,50,0
loadout,fire,ignite,seed|spark|blaze|heal|ember|nourish,sword,heavy,swift|expose|strike|guard|return|unity,balanced,balanced,1,1,0,1,7,6,30,0,0,21
loadout,fire,ignite,seed|spark|blaze|heal|ember|nourish,sword,heavy,swift|expose|strike|guard|return|unity,balanced,balanced,2,0,0,0,6,6,65,0,49,0
loadout,fire,ignite,seed|spark|blaze|heal|ember|nourish,sword,heavy,swift|expose|strike|guard|return|unity,balanced,balanced,2,1,1,1,6,5,0,48,0,53
loadout,fire,ignite,seed|spark|blaze|heal|vine|inferno,sword,quick,swift|expose|strike|guard|cut|unity,balanced,balanced,0,0,0,0,5,5,61,0,61,0
loadout,fire,ignite,seed|spark|blaze|heal|vine|inferno,sword,quick,swift|expose|strike|guard|cut|unity,balanced,balanced,0,1,1,1,4,4,0,15,0,15
loadout,fire,ignite,seed|spark|blaze|heal|vine|inferno,sword,quick,swift|expose|strike|guard|cut|unity,balanced,balanced,1,0,0,0,7,6,1,0,55,0
loadout,fire,ignite,seed|spark|blaze|heal|vine|inferno,sword,quick,swift|expose|strike|guard|cut|unity,balanced,balanced,1,1,0,1,8,6,177,0,0,15
loadout,fire,ignite,seed|spark|blaze|heal|vine|inferno,sword,quick,swift|expose|strike|guard|cut|unity,balanced,balanced,2,0,0,0,5,5,109,0,109,0
loadout,fire,ignite,seed|spark|blaze|heal|vine|inferno,sword,quick,swift|expose|strike|guard|cut|unity,balanced,balanced,2,1,0,0,7,6,116,0,39,0
loadout,fire,ignite,seed|spark|blaze|heal|vine|inferno,sword,heavy,swift|expose|strike|guard|return|unity,balanced,balanced,0,0,0,0,4,4,78,0,78,0
loadout,fire,ignite,seed|spark|blaze|heal|vine|inferno,sword,heavy,swift|expose|strike|guard|return|unity,balanced,balanced,0,1,0,0,4,4,7,0,7,0
loadout,fire,ignite,seed|spark|blaze|heal|vine|inferno,sword,heavy,swift|expose|strike|guard|return|unity,balanced,balanced,1,0,0,0,8,8,96,0,56,0
loadout,fire,ignite,seed|spark|blaze|heal|vine|inferno,sword,heavy,swift|expose|strike|guard|return|unity,balanced,balanced,1,1,0,1,7,7,26,0,0,20
loadout,fire,ignite,seed|spark|blaze|heal|vine|inferno,sword,heavy,swift|expose|strike|guard|return|unity,balanced,balanced,2,0,0,0,7,7,65,0,7,0
loadout,fire,ignite,seed|spark|blaze|heal|vine|inferno,sword,heavy,swift|expose|strike|guard|return|unity,balanced,balanced,2,1,0,0,6,6,193,0,185,0
loadout,fire,ignite,seed|spark|blaze|heal|vine|nourish,sword,quick,swift|expose|strike|guard|cut|unity,balanced,balanced,0,0,0,0,5,5,75,0,75,0
loadout,fire,ignite,seed|spark|blaze|heal|vine|nourish,sword,quick,swift|expose|strike|guard|cut|unity,balanced,balanced,0,1,1,1,4,4,0,70,0,70
loadout,fire,ignite,seed|spark|blaze|heal|vine|nourish,sword,quick,swift|expose|strike|guard|cut|unity,balanced,balanced,1,0,0,0,7,7,15,0,34,0
loadout,fire,ignite,seed|spark|blaze|heal|vine|nourish,sword,quick,swift|expose|strike|guard|cut|unity,balanced,balanced,1,1,0,0,7,9,156,0,150,0
loadout,fire,ignite,seed|spark|blaze|heal|vine|nourish,sword,quick,swift|expose|strike|guard|cut|unity,balanced,balanced,2,0,0,0,5,5,192,0,154,0
loadout,fire,ignite,seed|spark|blaze|heal|vine|nourish,sword,quick,swift|expose|strike|guard|cut|unity,balanced,balanced,2,1,0,0,6,7,92,0,59,0
loadout,fire,ignite,seed|spark|blaze|heal|vine|nourish,sword,heavy,swift|expose|strike|guard|return|unity,balanced,balanced,0,0,0,0,4,4,78,0,78,0
loadout,fire,ignite,seed|spark|blaze|heal|vine|nourish,sword,heavy,swift|expose|strike|guard|return|unity,balanced,balanced,0,1,1,1,5,5,0,57,0,57
loadout,fire,ignite,seed|spark|blaze|heal|vine|nourish,sword,heavy,swift|expose|strike|guard|return|unity,balanced,balanced,1,0,0,0,8,7,96,0,50,0
loadout,fire,ignite,seed|spark|blaze|heal|vine|nourish,sword,heavy,swift|expose|strike|guard|return|unity,balanced,balanced,1,1,0,0,6,6,20,0,12,0
loadout,fire,ignite,seed|spark|blaze|heal|vine|nourish,sword,heavy,swift|expose|strike|guard|return|unity,balanced,balanced,2,0,0,0,6,6,65,0,49,0
loadout,fire,ignite,seed|spark|blaze|heal|vine|nourish,sword,heavy,swift|expose|strike|guard|return|unity,balanced,balanced,2,1,0,0,6,6,26,0,18,0
loadout,fire,ignite,seed|spark|blaze|heal|vine|ember,sword,quick,swift|expose|strike|guard|cut|unity,balanced,balanced,0,0,0,0,5,5,61,0,61,0
loadout,fire,ignite,seed|spark|blaze|heal|vine|ember,sword,quick,swift|expose|strike|guard|cut|unity,balanced,balanced,0,1,1,1,4,4,0,15,0,15
loadout,fire,ignite,seed|spark|blaze|heal|vine|ember,sword,quick,swift|expose|strike|guard|cut|unity,balanced,balanced,1,0,0,0,7,6,1,0,55,0
loadout,fire,ignite,seed|spark|blaze|heal|vine|ember,sword,quick,swift|expose|strike|guard|cut|unity,balanced,balanced,1,1,0,0,8,6,177,0,91,0
loadout,fire,ignite,seed|spark|blaze|heal|vine|ember,sword,quick,swift|expose|strike|guard|cut|unity,balanced,balanced,2,0,0,0,5,5,192,0,154,0
loadout,fire,ignite,seed|spark|blaze|heal|vine|ember,sword,quick,swift|expose|strike|guard|cut|unity,balanced,balanced,2,1,0,0,6,7,92,0,59,0
loadout,fire,ignite,seed|spark|blaze|heal|vine|ember,sword,heavy,swift|expose|strike|guard|return|unity,balanced,balanced,0,0,0,0,4,4,78,0,78,0
loadout,fire,ignite,seed|spark|blaze|heal|vine|ember,sword,heavy,swift|expose|strike|guard|return|unity,balanced,balanced,0,1,0,0,4,4,7,0,7,0
loadout,fire,ignite,seed|spark|blaze|heal|vine|ember,sword,heavy,swift|expose|strike|guard|return|unity,balanced,balanced,1,0,0,0,8,8,96,0,56,0
loadout,fire,ignite,seed|spark|blaze|heal|vine|ember,sword,heavy,swift|expose|strike|guard|return|unity,balanced,balanced,1,1,0,0,6,6,48,0,40,0
loadout,fire,ignite,seed|spark|blaze|heal|vine|ember,sword,heavy,swift|expose|strike|guard|return|unity,balanced,balanced,2,0,0,0,6,6,65,0,49,0
loadout,fire,ignite,seed|spark|blaze|heal|vine|ember,sword,heavy,swift|expose|strike|guard|return|unity,balanced,balanced,2,1,0,0,6,6,26,0,18,0
loadout,fire,sustain,blaze|heal|vine|ember|nourish|inferno,sword,quick,swift|expose|strike|guard|cut|unity,balanced,balanced,0,0,1,1,10,6,0,35,0,90
loadout,fire,sustain,blaze|heal|vine|ember|nourish|inferno,sword,quick,swift|expose|strike|guard|cut|unity,balanced,balanced,0,1,1,1,5,5,0,124,0,124
loadout,fire,sustain,blaze|heal|vine|ember|nourish|inferno,sword,quick,swift|expose|strike|guard|cut|unity,balanced,balanced,1,0,1,1,10,6,0,26,0,81
loadout,fire,sustain,blaze|heal|vine|ember|nourish|inferno,sword,quick,swift|expose|strike|guard|cut|unity,balanced,balanced,1,1,0,0,6,6,2,0,2,0
loadout,fire,sustain,blaze|heal|vine|ember|nourish|inferno,sword,quick,swift|expose|strike|guard|cut|unity,balanced,balanced,2,0,0,0,10,10,187,0,177,0
loadout,fire,sustain,blaze|heal|vine|ember|nourish|inferno,sword,quick,swift|expose|strike|guard|cut|unity,balanced,balanced,2,1,1,1,4,4,0,230,0,230
loadout,fire,sustain,blaze|heal|vine|ember|nourish|inferno,sword,heavy,swift|expose|strike|guard|return|unity,balanced,balanced,0,0,1,1,6,8,0,73,0,46
loadout,fire,sustain,blaze|heal|vine|ember|nourish|inferno,sword,heavy,swift|expose|strike|guard|return|unity,balanced,balanced,0,1,1,1,4,4,0,117,0,117
loadout,fire,sustain,blaze|heal|vine|ember|nourish|inferno,sword,heavy,swift|expose|strike|guard|return|unity,balanced,balanced,1,0,1,1,6,8,0,64,0,37
loadout,fire,sustain,blaze|heal|vine|ember|nourish|inferno,sword,heavy,swift|expose|strike|guard|return|unity,balanced,balanced,1,1,1,1,4,4,0,157,0,157
loadout,fire,sustain,blaze|heal|vine|ember|nourish|inferno,sword,heavy,swift|expose|strike|guard|return|unity,balanced,balanced,2,0,0,0,11,9,44,0,10,0
loadout,fire,sustain,blaze|heal|vine|ember|nourish|inferno,sword,heavy,swift|expose|strike|guard|return|unity,balanced,balanced,2,1,1,1,5,5,0,165,0,165
loadout,fire,sustain,spark|heal|vine|ember|nourish|inferno,sword,quick,swift|expose|strike|guard|cut|unity,balanced,balanced,0,0,0,1,16,13,41,0,0,20
loadout,fire,sustain,spark|heal|vine|ember|nourish|inferno,sword,quick,swift|expose|strike|guard|cut|unity,balanced,balanced,0,1,1,1,4,4,0,143,0,143
loadout,fire,sustain,spark|heal|vine|ember|nourish|inferno,sword,quick,swift|expose|strike|guard|cut|unity,balanced,balanced,1,0,0,0,16,15,8,0,74,0
loadout,fire,sustain,spark|heal|vine|ember|nourish|inferno,sword,quick,swift|expose|strike|guard|cut|unity,balanced,balanced,1,1,1,1,4,4,0,131,0,131
loadout,fire,sustain,spark|heal|vine|ember|nourish|inferno,sword,quick,swift|expose|strike|guard|cut|unity,balanced,balanced,2,0,1,0,12,15,0,45,74,0
loadout,fire,sustain,spark|heal|vine|ember|nourish|inferno,sword,quick,swift|expose|strike|guard|cut|unity,balanced,balanced,2,1,1,1,6,4,0,29,0,131
loadout,fire,sustain,spark|heal|vine|ember|nourish|inferno,sword,heavy,swift|expose|strike|guard|return|unity,balanced,balanced,0,0,0,1,13,6,88,0,0,118
loadout,fire,sustain,spark|heal|vine|ember|nourish|inferno,sword,heavy,swift|expose|strike|guard|return|unity,balanced,balanced,0,1,1,1,5,5,0,116,0,132
loadout,fire,sustain,spark|heal|vine|ember|nourish|inferno,sword,heavy,swift|expose|strike|guard|return|unity,balanced,balanced,1,0,0,1,13,8,24,0,0,74
loadout,fire,sustain,spark|heal|vine|ember|nourish|inferno,sword,heavy,swift|expose|strike|guard|return|unity,balanced,balanced,1,1,1,1,5,7,0,116,0,88
loadout,fire,sustain,spark|heal|vine|ember|nourish|inferno,sword,heavy,swift|expose|strike|guard|return|unity,balanced,balanced,2,0,0,1,13,8,24,0,0,65
loadout,fire,sustain,spark|heal|vine|ember|nourish|inferno,sword,heavy,swift|expose|strike|guard|return|unity,balanced,balanced,2,1,1,1,5,5,0,116,0,116
loadout,fire,sustain,spark|blaze|vine|ember|nourish|inferno,sword,quick,swift|expose|strike|guard|cut|unity,balanced,balanced,0,0,0,0,8,8,56,0,56,0
loadout,fire,sustain,spark|blaze|vine|ember|nourish|inferno,sword,quick,swift|expose|strike|guard|cut|unity,balanced,balanced,0,1,1,1,5,5,0,50,0,50
loadout,fire,sustain,spark|blaze|vine|ember|nourish|inferno,sword,quick,swift|expose|strike|guard|cut|unity,balanced,balanced,1,0,0,0,8,8,114,0,114,0
loadout,fire,sustain,spark|blaze|vine|ember|nourish|inferno,sword,quick,swift|expose|strike|guard|cut|unity,balanced,balanced,1,1,0,0,5,5,54,0,54,0
loadout,fire,sustain,spark|blaze|vine|ember|nourish|inferno,sword,quick,swift|expose|strike|guard|cut|unity,balanced,balanced,2,0,0,0,7,7,124,0,124,0
loadout,fire,sustain,spark|blaze|vine|ember|nourish|inferno,sword,quick,swift|expose|strike|guard|cut|unity,balanced,balanced,2,1,1,1,5,5,0,68,0,68
loadout,fire,sustain,spark|blaze|vine|ember|nourish|inferno,sword,heavy,swift|expose|strike|guard|return|unity,balanced,balanced,0,0,1,1,8,8,0,10,0,10
loadout,fire,sustain,spark|blaze|vine|ember|nourish|inferno,sword,heavy,swift|expose|strike|guard|return|unity,balanced,balanced,0,1,1,1,4,4,0,88,0,88
loadout,fire,sustain,spark|blaze|vine|ember|nourish|inferno,sword,heavy,swift|expose|strike|guard|return|unity,balanced,balanced,1,0,0,0,8,8,43,0,43,0
loadout,fire,sustain,spark|blaze|vine|ember|nourish|inferno,sword,heavy,swift|expose|strike|guard|return|unity,balanced,balanced,1,1,1,1,5,5,0,26,0,26
loadout,fire,sustain,spark|blaze|vine|ember|nourish|inferno,sword,heavy,swift|expose|strike|guard|return|unity,balanced,balanced,2,0,1,1,5,5,0,102,0,102
loadout,fire,sustain,spark|blaze|vine|ember|nourish|inferno,sword,heavy,swift|expose|strike|guard|return|unity,balanced,balanced,2,1,1,1,5,5,0,68,0,68
loadout,fire,sustain,spark|blaze|heal|ember|nourish|inferno,sword,quick,swift|expose|strike|guard|cut|unity,balanced,balanced,0,0,0,0,10,9,85,0,24,0
loadout,fire,sustain,spark|blaze|heal|ember|nourish|inferno,sword,quick,swift|expose|strike|guard|cut|unity,balanced,balanced,0,1,1,1,5,5,0,50,0,50
loadout,fire,sustain,spark|blaze|heal|ember|nourish|inferno,sword,quick,swift|expose|strike|guard|cut|unity,balanced,balanced,1,0,0,0,8,8,162,0,142,0
loadout,fire,sustain,spark|blaze|heal|ember|nourish|inferno,sword,quick,swift|expose|strike|guard|cut|unity,balanced,balanced,1,1,0,1,6,6,14,0,0,6
loadout,fire,sustain,spark|blaze|heal|ember|nourish|inferno,sword,quick,swift|expose|strike|guard|cut|unity,balanced,balanced,2,0,0,0,8,7,186,0,145,0
loadout,fire,sustain,spark|blaze|heal|ember|nourish|inferno,sword,quick,swift|expose|strike|guard|cut|unity,balanced,balanced,2,1,1,1,5,5,0,68,0,68
loadout,fire,sustain,spark|blaze|heal|ember|nourish|inferno,sword,heavy,swift|expose|strike|guard|return|unity,balanced,balanced,0,0,0,0,9,9,41,0,6,0
loadout,fire,sustain,spark|blaze|heal|ember|nourish|inferno,sword,heavy,swift|expose|strike|guard|return|unity,balanced,balanced,0,1,1,1,4,4,0,88,0,88
loadout,fire,sustain,spark|blaze|heal|ember|nourish|inferno,sword,heavy,swift|expose|strike|guard|return|unity,balanced,balanced,1,0,0,0,9,9,45,0,31,0
loadout,fire,sustain,spark|blaze|heal|ember|nourish|inferno,sword,heavy,swift|expose|strike|guard|return|unity,balanced,balanced,1,1,1,1,5,5,0,60,0,60
loadout,fire,sustain,spark|blaze|heal|ember|nourish|inferno,sword,heavy,swift|expose|strike|guard|return|unity,balanced,balanced,2,0,1,1,6,6,0,50,0,33
loadout,fire,sustain,spark|blaze|heal|ember|nourish|inferno,sword,heavy,swift|expose|strike|guard|return|unity,balanced,balanced,2,1,1,1,5,5,0,68,0,68
loadout,fire,sustain,spark|blaze|heal|vine|nourish|inferno,sword,quick,swift|expose|strike|guard|cut|unity,balanced,balanced,0,0,0,0,10,9,85,0,24,0
loadout,fire,sustain,spark|blaze|heal|vine|nourish|inferno,sword,quick,swift|expose|strike|guard|cut|unity,balanced,balanced,0,1,1,1,5,5,0,50,0,50
loadout,fire,sustain,spark|blaze|heal|vine|nourish|inferno,sword,quick,swift|expose|strike|guard|cut|unity,balanced,balanced,1,0,0,0,7,7,160,0,148,0
loadout,fire,sustain,spark|blaze|heal|vine|nourish|inferno,sword,quick,swift|expose|strike|guard|cut|unity,balanced,balanced,1,1,1,0,6,5,0,5,58,0
loadout,fire,sustain,spark|blaze|heal|vine|nourish|inferno,sword,quick,swift|expose|strike|guard|cut|unity,balanced,balanced,2,0,0,0,7,7,154,0,136,0
loadout,fire,sustain,spark|blaze|heal|vine|nourish|inferno,sword,quick,swift|expose|strike|guard|cut|unity,balanced,balanced,2,1,1,1,5,5,0,68,0,68
loadout,fire,sustain,spark|blaze|heal|vine|nourish|inferno,sword,heavy,swift|expose|strike|guard|return|unity,balanced,balanced,0,0,0,0,9,9,41,0,6,0
loadout,fire,sustain,spark|blaze|heal|vine|nourish|inferno,sword,heavy,swift|expose|strike|guard|return|unity,balanced,balanced,0,1,1,1,4,4,0,88,0,88
loadout,fire,sustain,spark|blaze|heal|vine|nourish|inferno,sword,heavy,swift|expose|strike|guard|return|unity,balanced,balanced,1,0,0,0,9,9,45,0,31,0
loadout,fire,sustain,spark|blaze|heal|vine|nourish|inferno,sword,heavy,swift|expose|strike|guard|return|unity,balanced,balanced,1,1,1,1,5,5,0,60,0,60
loadout,fire,sustain,spark|blaze|heal|vine|nourish|inferno,sword,heavy,swift|expose|strike|guard|return|unity,balanced,balanced,2,0,0,1,9,6,11,0,0,33
loadout,fire,sustain,spark|blaze|heal|vine|nourish|inferno,sword,heavy,swift|expose|strike|guard|return|unity,balanced,balanced,2,1,1,1,5,5,0,68,0,68
loadout,fire,sustain,spark|blaze|heal|vine|ember|inferno,sword,quick,swift|expose|strike|guard|cut|unity,balanced,balanced,0,0,0,0,7,8,137,0,40,0
loadout,fire,sustain,spark|blaze|heal|vine|ember|inferno,sword,quick,swift|expose|strike|guard|cut|unity,balanced,balanced,0,1,1,0,4,5,0,78,21,0
loadout,fire,sustain,spark|blaze|heal|vine|ember|inferno,sword,quick,swift|expose|strike|guard|cut|unity,balanced,balanced,1,0,0,0,14,14,128,0,84,0
loadout,fire,sustain,spark|blaze|heal|vine|ember|inferno,sword,quick,swift|expose|strike|guard|cut|unity,balanced,balanced,1,1,1,0,6,5,0,5,46,0
loadout,fire,sustain,spark|blaze|heal|vine|ember|inferno,sword,quick,swift|expose|strike|guard|cut|unity,balanced,balanced,2,0,0,0,7,7,154,0,136,0
loadout,fire,sustain,spark|blaze|heal|vine|ember|inferno,sword,quick,swift|expose|strike|guard|cut|unity,balanced,balanced,2,1,1,1,4,4,0,112,0,112
loadout,fire,sustain,spark|blaze|heal|vine|ember|inferno,sword,heavy,swift|expose|strike|guard|return|unity,balanced,balanced,0,0,0,0,10,8,11,0,10,0
loadout,fire,sustain,spark|blaze|heal|vine|ember|inferno,sword,heavy,swift|expose|strike|guard|return|unity,balanced,balanced,0,1,1,1,4,4,0,96,0,96
loadout,fire,sustain,spark|blaze|heal|vine|ember|inferno,sword,heavy,swift|expose|strike|guard|return|unity,balanced,balanced,1,0,0,0,11,9,69,0,19,0
loadout,fire,sustain,spark|blaze|heal|vine|ember|inferno,sword,heavy,swift|expose|strike|guard|return|unity,balanced,balanced,1,1,1,0,5,5,0,76,18,0
loadout,fire,sustain,spark|blaze|heal|vine|ember|inferno,sword,heavy,swift|expose|strike|guard|return|unity,balanced,balanced,2,0,0,1,9,6,11,0,0,33
loadout,fire,sustain,spark|blaze|heal|vine|ember|inferno,sword,heavy,swift|expose|strike|guard|return|unity,balanced,balanced,2,1,1,1,4,4,0,112,0,112
loadout,fire,sustain,spark|blaze|heal|vine|ember|nourish,sword,quick,swift|expose|strike|guard|cut|unity,balanced,balanced,0,0,0,0,10,9,85,0,24,0
loadout,fire,sustain,spark|blaze|heal|vine|ember|nourish,sword,quick,swift|expose|strike|guard|cut|unity,balanced,balanced,0,1,1,1,5,5,0,26,0,26
loadout,fire,sustain,spark|blaze|heal|vine|ember|nourish,sword,quick,swift|expose|strike|guard|cut|unity,balanced,balanced,1,0,0,0,7,7,160,0,148,0
loadout,fire,sustain,spark|blaze|heal|vine|ember|nourish,sword,quick,swift|expose|strike|guard|cut|unity,balanced,balanced,1,1,0,0,7,6,38,0,85,0
loadout,fire,sustain,spark|blaze|heal|vine|ember|nourish,sword,quick,swift|expose|strike|guard|cut|unity,balanced,balanced,2,0,0,0,7,7,154,0,136,0
loadout,fire,sustain,spark|blaze|heal|vine|ember|nourish,sword,quick,swift|expose|strike|guard|cut|unity,balanced,balanced,2,1,1,1,5,5,0,26,0,26
loadout,fire,sustain,spark|blaze|heal|vine|ember|nourish,sword,heavy,swift|expose|strike|guard|return|unity,balanced,balanced,0,0,0,0,9,9,41,0,6,0
loadout,fire,sustain,spark|blaze|heal|vine|ember|nourish,sword,heavy,swift|expose|strike|guard|return|unity,balanced,balanced,0,1,1,1,4,4,0,88,0,88
loadout,fire,sustain,spark|blaze|heal|vine|ember|nourish,sword,heavy,swift|expose|strike|guard|return|unity,balanced,balanced,1,0,0,0,9,9,45,0,31,0
loadout,fire,sustain,spark|blaze|heal|vine|ember|nourish,sword,heavy,swift|expose|strike|guard|return|unity,balanced,balanced,1,1,1,1,5,5,0,60,0,60
loadout,fire,sustain,spark|blaze|heal|vine|ember|nourish,sword,heavy,swift|expose|strike|guard|return|unity,balanced,balanced,2,0,0,0,7,7,57,0,59,0
loadout,fire,sustain,spark|blaze|heal|vine|ember|nourish,sword,heavy,swift|expose|strike|guard|return|unity,balanced,balanced,2,1,0,0,6,6,21,0,21,0
loadout,fire,sustain,seed|heal|vine|ember|nourish|inferno,sword,quick,swift|expose|strike|guard|cut|unity,balanced,balanced,0,0,1,1,6,15,0,191,0,8
loadout,fire,sustain,seed|heal|vine|ember|nourish|inferno,sword,quick,swift|expose|strike|guard|cut|unity,balanced,balanced,0,1,1,1,3,3,0,204,0,204
loadout,fire,sustain,seed|heal|vine|ember|nourish|inferno,sword,quick,swift|expose|strike|guard|cut|unity,balanced,balanced,1,0,1,1,13,6,0,5,0,169
loadout,fire,sustain,seed|heal|vine|ember|nourish|inferno,sword,quick,swift|expose|strike|guard|cut|unity,balanced,balanced,1,1,1,1,4,4,0,204,0,204
loadout,fire,sustain,seed|heal|vine|ember|nourish|inferno,sword,quick,swift|expose|strike|guard|cut|unity,balanced,balanced,2,0,1,1,7,6,0,147,0,155
loadout,fire,sustain,seed|heal|vine|ember|nourish|inferno,sword,quick,swift|expose|strike|guard|cut|unity,balanced,balanced,2,1,1,1,5,4,0,208,0,208
loadout,fire,sustain,seed|heal|vine|ember|nourish|inferno,sword,heavy,swift|expose|strike|guard|return|unity,balanced,balanced,0,0,1,1,12,6,0,106,0,182
loadout,fire,sustain,seed|heal|vine|ember|nourish|inferno,sword,heavy,swift|expose|strike|guard|return|unity,balanced,balanced,0,1,1,1,4,4,0,178,0,178
loadout,fire,sustain,seed|heal|vine|ember|nourish|inferno,sword,heavy,swift|expose|strike|guard|return|unity,balanced,balanced,1,0,1,1,10,5,0,102,0,178
loadout,fire,sustain,seed|heal|vine|ember|nourish|inferno,sword,heavy,swift|expose|strike|guard|return|unity,balanced,balanced,1,1,1,1,4,4,0,204,0,204
loadout,fire,sustain,seed|heal|vine|ember|nourish|inferno,sword,heavy,swift|expose|strike|guard|return|unity,balanced,balanced,2,0,1,1,15,7,0,96,0,167
loadout,fire,sustain,seed|heal|vine|ember|nourish|inferno,sword,heavy,swift|expose|strike|guard|return|unity,balanced,balanced,2,1,1,1,7,5,0,182,0,182
loadout,fire,sustain,seed|blaze|vine|ember|nourish|inferno,sword,quick,swift|expose|strike|guard|cut|unity,balanced,balanced,0,0,1,1,9,9,0,10,0,10
loadout,fire,sustain,seed|blaze|vine|ember|nourish|inferno,sword,quick,swift|expose|strike|guard|cut|unity,balanced,balanced,0,1,1,1,5,5,0,78,0,78
loadout,fire,sustain,seed|blaze|vine|ember|nourish|inferno,sword,quick,swift|expose|strike|guard|cut|unity,balanced,balanced,1,0,1,1,8,8,0,92,0,92
loadout,fire,sustain,seed|blaze|vine|ember|nourish|inferno,sword,quick,swift|expose|strike|guard|cut|unity,balanced,balanced,1,1,0,0,7,7,115,0,115,0
loadout,fire,sustain,seed|blaze|vine|ember|nourish|inferno,sword,quick,swift|expose|strike|guard|cut|unity,balanced,balanced,2,0,1,1,8,8,0,31,0,31
loadout,fire,sustain,seed|blaze|vine|ember|nourish|inferno,sword,quick,swift|expose|strike|guard|cut|unity,balanced,balanced,2,1,1,1,6,6,0,108,0,108
loadout,fire,sustain,seed|blaze|vine|ember|nourish|inferno,sword,heavy,swift|expose|strike|guard|return|unity,balanced,balanced,0,0,0,0,8,8,124,0,124,0
loadout,fire,sustain,seed|blaze|vine|ember|nourish|inferno,sword,heavy,swift|expose|strike|guard|return|unity,balanced,balanced,0,1,1,1,5,5,0,122,0,122
loadout,fire,sustain,seed|blaze|vine|ember|nourish|inferno,sword,heavy,swift|expose|strike|guard|return|unity,balanced,balanced,1,0,0,0,6,6,105,0,105,0
loadout,fire,sustain,seed|blaze|vine|ember|nourish|inferno,sword,heavy,swift|expose|strike|guard|return|unity,balanced,balanced,1,1,0,0,6,6,140,0,140,0
loadout,fire,sustain,seed|blaze|vine|ember|nourish|inferno,sword,heavy,swift|expose|strike|guard|return|unity,balanced,balanced,2,0,0,0,9,9,56,0,56,0
loadout,fire,sustain,seed|blaze|vine|ember|nourish|inferno,sword,heavy,swift|expose|strike|guard|return|unity,balanced,balanced,2,1,0,0,8,8,73,0,73,0
loadout,fire,sustain,seed|blaze|heal|ember|nourish|inferno,sword,quick,swift|expose|strike|guard|cut|unity,balanced,balanced,0,0,1,1,7,6,0,54,0,77
loadout,fire,sustain,seed|blaze|heal|ember|nourish|inferno,sword,quick,swift|expose|strike|guard|cut|unity,balanced,balanced,0,1,1,1,6,6,0,84,0,84
loadout,fire,sustain,seed|blaze|heal|ember|nourish|inferno,sword,quick,swift|expose|strike|guard|cut|unity,balanced,balanced,1,0,1,1,9,6,0,103,0,124
loadout,fire,sustain,seed|blaze|heal|ember|nourish|inferno,sword,quick,swift|expose|strike|guard|cut|unity,balanced,balanced,1,1,0,1,7,6,66,0,0,49
loadout,fire,sustain,seed|blaze|heal|ember|nourish|inferno,sword,quick,swift|expose|strike|guard|cut|unity,balanced,balanced,2,0,1,0,8,8,0,42,12,0
loadout,fire,sustain,seed|blaze|heal|ember|nourish|inferno,sword,quick,swift|expose|strike|guard|cut|unity,balanced,balanced,2,1,1,1,6,6,0,108,0,108
loadout,fire,sustain,seed|blaze|heal|ember|nourish|inferno,sword,heavy,swift|expose|strike|guard|return|unity,balanced,balanced,0,0,1,0,6,10,0,73,8,0
loadout,fire,sustain,seed|blaze|heal|ember|nourish|inferno,sword,heavy,swift|expose|strike|guard|return|unity,balanced,balanced,0,1,1,1,5,5,0,122,0,122
loadout,fire,sustain,seed|blaze|heal|ember|nourish|inferno,sword,heavy,swift|expose|strike|guard|return|unity,balanced,balanced,1,0,1,0,9,7,0,16,45,0
loadout,fire,sustain,seed|blaze|heal|ember|nourish|inferno,sword,heavy,swift|expose|strike|guard|return|unity,balanced,balanced,1,1,1,1,8,7,0,20,0,64
loadout,fire,sustain,seed|blaze|heal|ember|nourish|inferno,sword,heavy,swift|expose|strike|guard|return|unity,balanced,balanced,2,0,1,0,10,9,0,18,28,0
loadout,fire,sustain,seed|blaze|heal|ember|nourish|inferno,sword,heavy,swift|expose|strike|guard|return|unity,balanced,balanced,2,1,1,1,9,8,0,36,0,56
loadout,fire,sustain,seed|blaze|heal|vine|nourish|inferno,sword,quick,swift|expose|strike|guard|cut|unity,balanced,balanced,0,0,1,1,7,6,0,73,0,81
loadout,fire,sustain,seed|blaze|heal|vine|nourish|inferno,sword,quick,swift|expose|strike|guard|cut|unity,balanced,balanced,0,1,1,1,4,4,0,117,0,117
loadout,fire,sustain,seed|blaze|heal|vine|nourish|inferno,sword,quick,swift|expose|strike|guard|cut|unity,balanced,balanced,1,0,1,1,9,6,0,103,0,128
loadout,fire,sustain,seed|blaze|heal|vine|nourish|inferno,sword,quick,swift|expose|strike|guard|cut|unity,balanced,balanced,1,1,1,1,6,7,0,57,0,35
loadout,fire,sustain,seed|blaze|heal|vine|nourish|inferno,sword,quick,swift|expose|strike|guard|cut|unity,balanced,balanced,2,0,1,0,6,8,0,133,9,0
loadout,fire,sustain,seed|blaze|heal|vine|nourish|inferno,sword,quick,swift|expose|strike|guard|cut|unity,balanced,balanced,2,1,0,1,7,6,35,0,0,65
loadout,fire,sustain,seed|blaze|heal|vine|nourish|inferno,sword,heavy,swift|expose|strike|guard|return|unity,balanced,balanced,0,0,1,1,6,8,0,73,0,46
loadout,fire,sustain,seed|blaze|heal|vine|nourish|inferno,sword,heavy,swift|expose|strike|guard|return|unity,balanced,balanced,0,1,1,1,7,5,0,32,0,101
loadout,fire,sustain,seed|blaze|heal|vine|nourish|inferno,sword,heavy,swift|expose|strike|guard|return|unity,balanced,balanced,1,0,0,0,10,6,42,0,109,0
loadout,fire,sustain,seed|blaze|heal|vine|nourish|inferno,sword,heavy,swift|expose|strike|guard|return|unity,balanced,balanced,1,1,0,1,8,7,124,0,0,1
loadout,fire,sustain,seed|blaze|heal|vine|nourish|inferno,sword,heavy,swift|expose|strike|guard|return|unity,balanced,balanced,2,0,0,0,8,9,54,0,48,0
loadout,fire,sustain,seed|blaze|heal|vine|nourish|inferno,sword,heavy,swift|expose|strike|guard|return|unity,balanced,balanced,2,1,1,1,5,5,0,134,0,134
loadout,fire,sustain,seed|blaze|heal|vine|ember|inferno,sword,quick,swift|expose|strike|guard|cut|unity,balanced,balanced,0,0,1,1,7,6,0,54,0,77
loadout,fire,sustain,seed|blaze|heal|vine|ember|inferno,sword,quick,swift|expose|strike|guard|cut|unity,balanced,balanced,0,1,1,1,5,5,0,75,0,75
loadout,fire,sustain,seed|blaze|heal|vine|ember|inferno,sword,quick,swift|expose|strike|guard|cut|unity,balanced,balanced,1,0,1,1,9,4,0,103,0,142
loadout,fire,sustain,seed|blaze|heal|vine|ember|inferno,sword,quick,swift|expose|strike|guard|cut|unity,balanced,balanced,1,1,1,1,6,6,0,11,0,47
loadout,fire,sustain,seed|blaze|heal|vine|ember|inferno,sword,quick,swift|expose|strike|guard|cut|unity,balanced,balanced,2,0,1,1,5,4,0,114,0,122
loadout,fire,sustain,seed|blaze|heal|vine|ember|inferno,sword,quick,swift|expose|strike|guard|cut|unity,balanced,balanced,2,1,1,1,7,7,0,66,0,66
loadout,fire,sustain,seed|blaze|heal|vine|ember|inferno,sword,heavy,swift|expose|strike|guard|return|unity,balanced,balanced,0,0,1,1,6,8,0,60,0,46
loadout,fire,sustain,seed|blaze|heal|vine|ember|inferno,sword,heavy,swift|expose|strike|guard|return|unity,balanced,balanced,0,1,1,1,4,4,0,130,0,130
loadout,fire,sustain,seed|blaze|heal|vine|ember|inferno,sword,heavy,swift|expose|strike|guard|return|unity,balanced,balanced,1,0,0,0,9,6,161,0,95,0
loadout,fire,sustain,seed|blaze|heal|vine|ember|inferno,sword,heavy,swift|expose|strike|guard|return|unity,balanced,balanced,1,1,1,1,7,6,0,39,0,64
loadout,fire,sustain,seed|blaze|heal|vine|ember|inferno,sword,heavy,swift|expose|strike|guard|return|unity,balanced,balanced,2,0,1,1,6,6,0,42,0,29
loadout,fire,sustain,seed|blaze|heal|vine|ember|inferno,sword,heavy,swift|expose|strike|guard|return|unity,balanced,balanced,2,1,1,1,7,7,0,69,0,69
loadout,fire,sustain,seed|blaze|heal|vine|ember|nourish,sword,quick,swift|expose|strike|guard|cut|unity,balanced,balanced,0,0,1,1,7,6,0,54,0,77
loadout,fire,sustain,seed|blaze|heal|vine|ember|nourish,sword,quick,swift|expose|strike|guard|cut|unity,balanced,balanced,0,1,1,1,5,5,0,84,0,84
loadout,fire,sustain,seed|blaze|heal|vine|ember|nourish,sword,quick,swift|expose|strike|guard|cut|unity,balanced,balanced,1,0,1,1,10,7,0,27,0,86
loadout,fire,sustain,seed|blaze|heal|vine|ember|nourish,sword,quick,swift|expose|strike|guard|cut|unity,balanced,balanced,1,1,0,0,7,7,49,0,29,0
loadout,fire,sustain,seed|blaze|heal|vine|ember|nourish,sword,quick,swift|expose|strike|guard|cut|unity,balanced,balanced,2,0,0,0,8,8,65,0,29,0
loadout,fire,sustain,seed|blaze|heal|vine|ember|nourish,sword,quick,swift|expose|strike|guard|cut|unity,balanced,balanced,2,1,1,1,7,6,0,10,0,86
loadout,fire,sustain,seed|blaze|heal|vine|ember|nourish,sword,heavy,swift|expose|strike|guard|return|unity,balanced,balanced,0,0,0,0,8,8,64,0,115,0
loadout,fire,sustain,seed|blaze|heal|vine|ember|nourish,sword,heavy,swift|expose|strike|guard|return|unity,balanced,balanced,0,1,1,1,5,5,0,84,0,106
loadout,fire,sustain,seed|blaze|heal|vine|ember|nourish,sword,heavy,swift|expose|strike|guard|return|unity,balanced,balanced,1,0,1,1,9,7,0,43,0,86
loadout,fire,sustain,seed|blaze|heal|vine|ember|nourish,sword,heavy,swift|expose|strike|guard|return|unity,balanced,balanced,1,1,0,0,8,8,138,0,138,0
loadout,fire,sustain,seed|blaze|heal|vine|ember|nourish,sword,heavy,swift|expose|strike|guard|return|unity,balanced,balanced,2,0,1,1,9,7,0,34,0,77
loadout,fire,sustain,seed|blaze|heal|vine|ember|nourish,sword,heavy,swift|expose|strike|guard|return|unity,balanced,balanced,2,1,0,1,8,6,38,0,0,86
loadout,fire,sustain,seed|spark|vine|ember|nourish|inferno,sword,quick,swift|expose|strike|guard|cut|unity,balanced,balanced,0,0,1,1,11,11,0,43,0,43
loadout,fire,sustain,seed|spark|vine|ember|nourish|inferno,sword,quick,swift|expose|strike|guard|cut|unity,balanced,balanced,0,1,1,1,4,4,0,143,0,143
loadout,fire,sustain,seed|spark|vine|ember|nourish|inferno,sword,quick,swift|expose|strike|guard|cut|unity,balanced,balanced,1,0,1,1,8,8,0,47,0,47
loadout,fire,sustain,seed|spark|vine|ember|nourish|inferno,sword,quick,swift|expose|strike|guard|cut|unity,balanced,balanced,1,1,1,1,4,4,0,131,0,131
loadout,fire,sustain,seed|spark|vine|ember|nourish|inferno,sword,quick,swift|expose|strike|guard|cut|unity,balanced,balanced,2,0,1,1,8,8,0,38,0,38
loadout,fire,sustain,seed|spark|vine|ember|nourish|inferno,sword,quick,swift|expose|strike|guard|cut|unity,balanced,balanced,2,1,1,1,4,4,0,131,0,131
loadout,fire,sustain,seed|spark|vine|ember|nourish|inferno,sword,heavy,swift|expose|strike|guard|return|unity,balanced,balanced,0,0,1,1,6,6,0,118,0,118
loadout,fire,sustain,seed|spark|vine|ember|nourish|inferno,sword,heavy,swift|expose|strike|guard|return|unity,balanced,balanced,0,1,1,1,5,5,0,116,0,116
loadout,fire,sustain,seed|spark|vine|ember|nourish|inferno,sword,heavy,swift|expose|strike|guard|return|unity,balanced,balanced,1,0,1,1,8,8,0,84,0,84
loadout,fire,sustain,seed|spark|vine|ember|nourish|inferno,sword,heavy,swift|expose|strike|guard|return|unity,balanced,balanced,1,1,1,1,5,5,0,116,0,116
loadout,fire,sustain,seed|spark|vine|ember|nourish|inferno,sword,heavy,swift|expose|strike|guard|return|unity,balanced,balanced,2,0,1,1,8,8,0,75,0,75
loadout,fire,sustain,seed|spark|vine|ember|nourish|inferno,sword,heavy,swift|expose|strike|guard|return|unity,balanced,balanced,2,1,1,1,5,5,0,116,0,116
loadout,fire,sustain,seed|spark|heal|ember|nourish|inferno,sword,quick,swift|expose|strike|guard|cut|unity,balanced,balanced,0,0,0,0,14,14,1,0,16,0
loadout,fire,sustain,seed|spark|heal|ember|nourish|inferno,sword,quick,swift|expose|strike|guard|cut|unity,balanced,balanced,0,1,1,1,4,4,0,143,0,143
loadout,fire,sustain,seed|spark|heal|ember|nourish|inferno,sword,quick,swift|expose|strike|guard|cut|unity,balanced,balanced,1,0,0,0,16,15,8,0,76,0
loadout,fire,sustain,seed|spark|heal|ember|nourish|inferno,sword,quick,swift|expose|strike|guard|cut|unity,balanced,balanced,1,1,1,1,4,4,0,131,0,131
loadout,fire,sustain,seed|spark|heal|ember|nourish|inferno,sword,quick,swift|expose|strike|guard|cut|unity,balanced,balanced,2,0,1,0,12,15,0,45,74,0
loadout,fire,sustain,seed|spark|heal|ember|nourish|inferno,sword,quick,swift|expose|strike|guard|cut|unity,balanced,balanced,2,1,1,1,6,4,0,29,0,131
loadout,fire,sustain,seed|spark|heal|ember|nourish|inferno,sword,heavy,swift|expose|strike|guard|return|unity,balanced,balanced,0,0,1,1,7,6,0,142,0,118
loadout,fire,sustain,seed|spark|heal|ember|nourish|inferno,sword,heavy,swift|expose|strike|guard|return|unity,balanced,balanced,0,1,1,1,5,5,0,116,0,132
loadout,fire,sustain,seed|spark|heal|ember|nourish|inferno,sword,heavy,swift|expose|strike|guard|return|unity,balanced,balanced,1,0,0,1,13,8,26,0,0,74
loadout,fire,sustain,seed|spark|heal|ember|nourish|inferno,sword,heavy,swift|expose|strike|guard|return|unity,balanced,balanced,1,1,1,1,5,7,0,116,0,88
loadout,fire,sustain,seed|spark|heal|ember|nourish|inferno,sword,heavy,swift|expose|strike|guard|return|unity,balanced,balanced,2,0,0,1,13,8,24,0,0,65
loadout,fire,sustain,seed|spark|heal|ember|nourish|inferno,sword,heavy,swift|expose|strike|guard|return|unity,balanced,balanced,2,1,1,1,5,5,0,116,0,116
loadout,fire,sustain,seed|spark|heal|vine|nourish|inferno,sword,quick,swift|expose|strike|guard|cut|unity,balanced,balanced,0,0,0,1,16,13,41,0,0,20
loadout,fire,sustain,seed|spark|heal|vine|nourish|inferno,sword,quick,swift|expose|strike|guard|cut|unity,balanced,balanced,0,1,1,1,4,4,0,143,0,143
loadout,fire,sustain,seed|spark|heal|vine|nourish|inferno,sword,quick,swift|expose|strike|guard|cut|unity,balanced,balanced,1,0,0,0,16,15,8,0,74,0
loadout,fire,sustain,seed|spark|heal|vine|nourish|inferno,sword,quick,swift|expose|strike|guard|cut|unity,balanced,balanced,1,1,1,1,4,4,0,131,0,131
loadout,fire,sustain,seed|spark|heal|vine|nourish|inferno,sword,quick,swift|expose|strike|guard|cut|unity,balanced,balanced,2,0,1,0,12,15,0,45,74,0
loadout,fire,sustain,seed|spark|heal|vine|nourish|inferno,sword,quick,swift|expose|strike|guard|cut|unity,balanced,balanced,2,1,1,1,6,4,0,29,0,131
loadout,fire,sustain,seed|spark|heal|vine|nourish|inferno,sword,heavy,swift|expose|strike|guard|return|unity,balanced,balanced,0,0,0,1,13,6,88,0,0,118
loadout,fire,sustain,seed|spark|heal|vine|nourish|inferno,sword,heavy,swift|expose|strike|guard|return|unity,balanced,balanced,0,1,1,1,5,5,0,116,0,132
loadout,fire,sustain,seed|spark|heal|vine|nourish|inferno,sword,heavy,swift|expose|strike|guard|return|unity,balanced,balanced,1,0,0,1,13,8,24,0,0,74
loadout,fire,sustain,seed|spark|heal|vine|nourish|inferno,sword,heavy,swift|expose|strike|guard|return|unity,balanced,balanced,1,1,1,1,5,7,0,116,0,88
loadout,fire,sustain,seed|spark|heal|vine|nourish|inferno,sword,heavy,swift|expose|strike|guard|return|unity,balanced,balanced,2,0,0,1,13,8,24,0,0,65
loadout,fire,sustain,seed|spark|heal|vine|nourish|inferno,sword,heavy,swift|expose|strike|guard|return|unity,balanced,balanced,2,1,1,1,5,5,0,116,0,116
loadout,fire,sustain,seed|spark|heal|vine|ember|inferno,sword,quick,swift|expose|strike|guard|cut|unity,balanced,balanced,0,0,1,1,8,13,0,117,0,20
loadout,fire,sustain,seed|spark|heal|vine|ember|inferno,sword,quick,swift|expose|strike|guard|cut|unity,balanced,balanced,0,1,1,1,4,4,0,143,0,143
loadout,fire,sustain,seed|spark|heal|vine|ember|inferno,sword,quick,swift|expose|strike|guard|cut|unity,balanced,balanced,1,0,0,1,15,14,181,0,0,42
loadout,fire,sustain,seed|spark|heal|vine|ember|inferno,sword,quick,swift|expose|strike|guard|cut|unity,balanced,balanced,1,1,1,1,4,5,0,131,0,93
loadout,fire,sustain,seed|spark|heal|vine|ember|inferno,sword,quick,swift|expose|strike|guard|cut|unity,balanced,balanced,2,0,0,1,15,14,179,0,0,33
loadout,fire,sustain,seed|spark|heal|vine|ember|inferno,sword,quick,swift|expose|strike|guard|cut|unity,balanced,balanced,2,1,1,1,4,4,0,131,0,131
loadout,fire,sustain,seed|spark|heal|vine|ember|inferno,sword,heavy,swift|expose|strike|guard|return|unity,balanced,balanced,0,0,1,1,8,6,0,117,0,118
loadout,fire,sustain,seed|spark|heal|vine|ember|inferno,sword,heavy,swift|expose|strike|guard|return|unity,balanced,balanced,0,1,1,1,5,4,0,153,0,161
loadout,fire,sustain,seed|spark|heal|vine|ember|inferno,sword,heavy,swift|expose|strike|guard|return|unity,balanced,balanced,1,0,0,1,13,6,150,0,0,114
loadout,fire,sustain,seed|spark|heal|vine|ember|inferno,sword,heavy,swift|expose|strike|guard|return|unity,balanced,balanced,1,1,1,1,6,4,0,129,0,161
loadout,fire,sustain,seed|spark|heal|vine|ember|inferno,sword,heavy,swift|expose|strike|guard|return|unity,balanced,balanced,2,0,0,1,13,6,152,0,0,105
loadout,fire,sustain,seed|spark|heal|vine|ember|inferno,sword,heavy,swift|expose|strike|guard|return|unity,balanced,balanced,2,1,1,1,5,5,0,116,0,116
loadout,fire,sustain,seed|spark|heal|vine|ember|nourish,sword,quick,swift|expose|strike|guard|cut|unity,balanced,balanced,0,0,0,0,18,14,159,0,39,0
loadout,fire,sustain,seed|spark|heal|vine|ember|nourish,sword,quick,swift|expose|strike|guard|cut|unity,balanced,balanced,0,1,1,1,4,4,0,143,0,143
loadout,fire,sustain,seed|spark|heal|vine|ember|nourish,sword,quick,swift|expose|strike|guard|cut|unity,balanced,balanced,1,0,0,0,15,15,17,0,74,0
loadout,fire,sustain,seed|spark|heal|vine|ember|nourish,sword,quick,swift|expose|strike|guard|cut|unity,balanced,balanced,1,1,1,1,4,4,0,123,0,123
loadout,fire,sustain,seed|spark|heal|vine|ember|nourish,sword,quick,swift|expose|strike|guard|cut|unity,balanced,balanced,2,0,0,0,14,15,28,0,74,0
loadout,fire,sustain,seed|spark|heal|vine|ember|nourish,sword,quick,swift|expose|strike|guard|cut|unity,balanced,balanced,2,1,1,1,6,4,0,48,0,123
loadout,fire,sustain,seed|spark|heal|vine|ember|nourish,sword,heavy,swift|expose|strike|guard|return|unity,balanced,balanced,0,0,0,1,14,11,30,0,0,10
loadout,fire,sustain,seed|spark|heal|vine|ember|nourish,sword,heavy,swift|expose|strike|guard|return|unity,balanced,balanced,0,1,1,1,5,5,0,116,0,132
loadout,fire,sustain,seed|spark|heal|vine|ember|nourish,sword,heavy,swift|expose|strike|guard|return|unity,balanced,balanced,1,0,0,0,14,11,50,0,10,0
loadout,fire,sustain,seed|spark|heal|vine|ember|nourish,sword,heavy,swift|expose|strike|guard|return|unity,balanced,balanced,1,1,1,1,5,7,0,116,0,88
loadout,fire,sustain,seed|spark|heal|vine|ember|nourish,sword,heavy,swift|expose|strike|guard|return|unity,balanced,balanced,2,0,0,0,14,11,50,0,10,0
loadout,fire,sustain,seed|spark|heal|vine|ember|nourish,sword,heavy,swift|expose|strike|guard|return|unity,balanced,balanced,2,1,1,1,5,5,0,116,0,116
loadout,fire,sustain,seed|spark|blaze|ember|nourish|inferno,sword,quick,swift|expose|strike|guard|cut|unity,balanced,balanced,0,0,0,0,7,7,74,0,74,0
loadout,fire,sustain,seed|spark|blaze|ember|nourish|inferno,sword,quick,swift|expose|strike|guard|cut|unity,balanced,balanced,0,1,1,1,5,5,0,60,0,60
loadout,fire,sustain,seed|spark|blaze|ember|nourish|inferno,sword,quick,swift|expose|strike|guard|cut|unity,balanced,balanced,1,0,0,0,8,8,116,0,116,0
loadout,fire,sustain,seed|spark|blaze|ember|nourish|inferno,sword,quick,swift|expose|strike|guard|cut|unity,balanced,balanced,1,1,0,0,9,9,136,0,136,0
loadout,fire,sustain,seed|spark|blaze|ember|nourish|inferno,sword,quick,swift|expose|strike|guard|cut|unity,balanced,balanced,2,0,0,0,6,6,166,0,166,0
loadout,fire,sustain,seed|spark|blaze|ember|nourish|inferno,sword,quick,swift|expose|strike|guard|cut|unity,balanced,balanced,2,1,1,1,7,7,0,27,0,27
loadout,fire,sustain,seed|spark|blaze|ember|nourish|inferno,sword,heavy,swift|expose|strike|guard|return|unity,balanced,balanced,0,0,1,1,7,7,0,47,0,47
loadout,fire,sustain,seed|spark|blaze|ember|nourish|inferno,sword,heavy,swift|expose|strike|guard|return|unity,balanced,balanced,0,1,1,1,6,6,0,75,0,75
loadout,fire,sustain,seed|spark|blaze|ember|nourish|inferno,sword,heavy,swift|expose|strike|guard|return|unity,balanced,balanced,1,0,0,0,7,7,53,0,53,0
loadout,fire,sustain,seed|spark|blaze|ember|nourish|inferno,sword,heavy,swift|expose|strike|guard|return|unity,balanced,balanced,1,1,1,1,7,7,0,31,0,31
loadout,fire,sustain,seed|spark|blaze|ember|nourish|inferno,sword,heavy,swift|expose|strike|guard|return|unity,balanced,balanced,2,0,1,1,5,5,0,89,0,89
loadout,fire,sustain,seed|spark|blaze|ember|nourish|inferno,sword,heavy,swift|expose|strike|guard|return|unity,balanced,balanced,2,1,0,0,7,7,10,0,10,0
loadout,fire,sustain,seed|spark|blaze|vine|nourish|inferno,sword,quick,swift|expose|strike|guard|cut|unity,balanced,balanced,0,0,0,0,7,7,74,0,74,0
loadout,fire,sustain,seed|spark|blaze|vine|nourish|inferno,sword,quick,swift|expose|strike|guard|cut|unity,balanced,balanced,0,1,1,1,5,5,0,60,0,60
loadout,fire,sustain,seed|spark|blaze|vine|nourish|inferno,sword,quick,swift|expose|strike|guard|cut|unity,balanced,balanced,1,0,0,0,8,8,116,0,116,0
loadout,fire,sustain,seed|spark|blaze|vine|nourish|inferno,sword,quick,swift|expose|strike|guard|cut|unity,balanced,balanced,1,1,0,0,8,8,81,0,81,0
loadout,fire,sustain,seed|spark|blaze|vine|nourish|inferno,sword,quick,swift|expose|strike|guard|cut|unity,balanced,balanced,2,0,0,0,5,5,176,0,176,0
loadout,fire,sustain,seed|spark|blaze|vine|nourish|inferno,sword,quick,swift|expose|strike|guard|cut|unity,balanced,balanced,2,1,0,0,9,9,135,0,135,0
loadout,fire,sustain,seed|spark|blaze|vine|nourish|inferno,sword,heavy,swift|expose|strike|guard|return|unity,balanced,balanced,0,0,1,1,7,7,0,47,0,47
loadout,fire,sustain,seed|spark|blaze|vine|nourish|inferno,sword,heavy,swift|expose|strike|guard|return|unity,balanced,balanced,0,1,1,1,6,6,0,75,0,75
loadout,fire,sustain,seed|spark|blaze|vine|nourish|inferno,sword,heavy,swift|expose|strike|guard|return|unity,balanced,balanced,1,0,0,0,7,7,53,0,53,0
loadout,fire,sustain,seed|spark|blaze|vine|nourish|inferno,sword,heavy,swift|expose|strike|guard|return|unity,balanced,balanced,1,1,1,1,7,7,0,18,0,18
loadout,fire,sustain,seed|spark|blaze|vine|nourish|inferno,sword,heavy,swift|expose|strike|guard|return|unity,balanced,balanced,2,0,1,1,5,5,0,89,0,89
loadout,fire,sustain,seed|spark|blaze|vine|nourish|inferno,sword,heavy,swift|expose|strike|guard|return|unity,balanced,balanced,2,1,0,0,7,7,67,0,67,0
loadout,fire,sustain,seed|spark|blaze|vine|ember|inferno,sword,quick,swift|expose|strike|guard|cut|unity,balanced,balanced,0,0,1,1,6,6,0,11,0,11
loadout,fire,sustain,seed|spark|blaze|vine|ember|inferno,sword,quick,swift|expose|strike|guard|cut|unity,balanced,balanced,0,1,0,0,4,4,8,0,8,0
loadout,fire,sustain,seed|spark|blaze|vine|ember|inferno,sword,quick,swift|expose|strike|guard|cut|unity,balanced,balanced,1,0,1,1,6,6,0,6,0,6
loadout,fire,sustain,seed|spark|blaze|vine|ember|inferno,sword,quick,swift|expose|strike|guard|cut|unity,balanced,balanced,1,1,0,0,6,6,10,0,10,0
loadout,fire,sustain,seed|spark|blaze|vine|ember|inferno,sword,quick,swift|expose|strike|guard|cut|unity,balanced,balanced,2,0,0,0,7,7,75,0,75,0
loadout,fire,sustain,seed|spark|blaze|vine|ember|inferno,sword,quick,swift|expose|strike|guard|cut|unity,balanced,balanced,2,1,0,0,6,6,45,0,45,0
loadout,fire,sustain,seed|spark|blaze|vine|ember|inferno,sword,heavy,swift|expose|strike|guard|return|unity,balanced,balanced,0,0,1,1,6,6,0,15,0,15
loadout,fire,sustain,seed|spark|blaze|vine|ember|inferno,sword,heavy,swift|expose|strike|guard|return|unity,balanced,balanced,0,1,1,1,5,5,0,48,0,48
loadout,fire,sustain,seed|spark|blaze|vine|ember|inferno,sword,heavy,swift|expose|strike|guard|return|unity,balanced,balanced,1,0,1,1,6,6,0,44,0,44
loadout,fire,sustain,seed|spark|blaze|vine|ember|inferno,sword,heavy,swift|expose|strike|guard|return|unity,balanced,balanced,1,1,1,1,6,6,0,38,0,38
loadout,fire,sustain,seed|spark|blaze|vine|ember|inferno,sword,heavy,swift|expose|strike|guard|return|unity,balanced,balanced,2,0,0,0,8,8,14,0,14,0
loadout,fire,sustain,seed|spark|blaze|vine|ember|inferno,sword,heavy,swift|expose|strike|guard|return|unity,balanced,balanced,2,1,0,0,6,6,38,0,38,0
loadout,fire,sustain,seed|spark|blaze|vine|ember|nourish,sword,quick,swift|expose|strike|guard|cut|unity,balanced,balanced,0,0,0,0,7,7,74,0,74,0
loadout,fire,sustain,seed|spark|blaze|vine|ember|nourish,sword,quick,swift|expose|strike|guard|cut|unity,balanced,balanced,0,1,1,1,5,5,0,60,0,60
loadout,fire,sustain,seed|spark|blaze|vine|ember|nourish,sword,quick,swift|expose|strike|guard|cut|unity,balanced,balanced,1,0,0,0,8,8,116,0,116,0
loadout,fire,sustain,seed|spark|blaze|vine|ember|nourish,sword,quick,swift|expose|strike|guard|cut|unity,balanced,balanced,1,1,0,0,8,8,81,0,81,0
loadout,fire,sustain,seed|spark|blaze|vine|ember|nourish,sword,quick,swift|expose|strike|guard|cut|unity,balanced,balanced,2,0,0,0,5,5,176,0,176,0
loadout,fire,sustain,seed|spark|blaze|vine|ember|nourish,sword,quick,swift|expose|strike|guard|cut|unity,balanced,balanced,2,1,0,0,10,10,137,0,137,0
loadout,fire,sustain,seed|spark|blaze|vine|ember|nourish,sword,heavy,swift|expose|strike|guard|return|unity,balanced,balanced,0,0,0,0,8,8,84,0,84,0
loadout,fire,sustain,seed|spark|blaze|vine|ember|nourish,sword,heavy,swift|expose|strike|guard|return|unity,balanced,balanced,0,1,1,1,6,6,0,75,0,75
loadout,fire,sustain,seed|spark|blaze|vine|ember|nourish,sword,heavy,swift|expose|strike|guard|return|unity,balanced,balanced,1,0,0,0,7,7,53,0,53,0
loadout,fire,sustain,seed|spark|blaze|vine|ember|nourish,sword,heavy,swift|expose|strike|guard|return|unity,balanced,balanced,1,1,0,0,8,8,57,0,57,0
loadout,fire,sustain,seed|spark|blaze|vine|ember|nourish,sword,heavy,swift|expose|strike|guard|return|unity,balanced,balanced,2,0,0,0,7,7,53,0,53,0
loadout,fire,sustain,seed|spark|blaze|vine|ember|nourish,sword,heavy,swift|expose|strike|guard|return|unity,balanced,balanced,2,1,1,1,7,7,0,22,0,22
loadout,fire,sustain,seed|spark|blaze|heal|nourish|inferno,sword,quick,swift|expose|strike|guard|cut|unity,balanced,balanced,0,0,0,0,8,7,12,0,35,0
loadout,fire,sustain,seed|spark|blaze|heal|nourish|inferno,sword,quick,swift|expose|strike|guard|cut|unity,balanced,balanced,0,1,1,1,5,5,0,50,0,50
loadout,fire,sustain,seed|spark|blaze|heal|nourish|inferno,sword,quick,swift|expose|strike|guard|cut|unity,balanced,balanced,1,0,0,0,9,8,70,0,62,0
loadout,fire,sustain,seed|spark|blaze|heal|nourish|inferno,sword,quick,swift|expose|strike|guard|cut|unity,balanced,balanced,1,1,0,0,9,9,208,0,160,0
loadout,fire,sustain,seed|spark|blaze|heal|nourish|inferno,sword,quick,swift|expose|strike|guard|cut|unity,balanced,balanced,2,0,1,0,7,8,0,55,79,0
loadout,fire,sustain,seed|spark|blaze|heal|nourish|inferno,sword,quick,swift|expose|strike|guard|cut|unity,balanced,balanced,2,1,1,1,7,6,0,53,0,73
loadout,fire,sustain,seed|spark|blaze|heal|nourish|inferno,sword,heavy,swift|expose|strike|guard|return|unity,balanced,balanced,0,0,0,0,8,10,52,0,5,0
loadout,fire,sustain,seed|spark|blaze|heal|nourish|inferno,sword,heavy,swift|expose|strike|guard|return|unity,balanced,balanced,0,1,1,1,5,5,0,81,0,81
loadout,fire,sustain,seed|spark|blaze|heal|nourish|inferno,sword,heavy,swift|expose|strike|guard|return|unity,balanced,balanced,1,0,0,0,7,7,59,0,61,0
loadout,fire,sustain,seed|spark|blaze|heal|nourish|inferno,sword,heavy,swift|expose|strike|guard|return|unity,balanced,balanced,1,1,1,1,7,7,0,57,0,23
loadout,fire,sustain,seed|spark|blaze|heal|nourish|inferno,sword,heavy,swift|expose|strike|guard|return|unity,balanced,balanced,2,0,0,0,9,8,105,0,37,0
loadout,fire,sustain,seed|spark|blaze|heal|nourish|inferno,sword,heavy,swift|expose|strike|guard|return|unity,balanced,balanced,2,1,1,1,7,6,0,60,0,57
loadout,fire,sustain,seed|spark|blaze|heal|ember|inferno,sword,quick,swift|expose|strike|guard|cut|unity,balanced,balanced,0,0,0,1,7,6,6,0,0,33
loadout,fire,sustain,seed|spark|blaze|heal|ember|inferno,sword,quick,swift|expose|strike|guard|cut|unity,balanced,balanced,0,1,0,0,4,4,8,0,8,0
loadout,fire,sustain,seed|spark|blaze|heal|ember|inferno,sword,quick,swift|expose|strike|guard|cut|unity,balanced,balanced,1,0,0,0,7,7,19,0,28,0
loadout,fire,sustain,seed|spark|blaze|heal|ember|inferno,sword,quick,swift|expose|strike|guard|cut|unity,balanced,balanced,1,1,0,1,8,6,168,0,0,57
loadout,fire,sustain,seed|spark|blaze|heal|ember|inferno,sword,quick,swift|expose|strike|guard|cut|unity,balanced,balanced,2,0,0,0,7,7,36,0,45,0
loadout,fire,sustain,seed|spark|blaze|heal|ember|inferno,sword,quick,swift|expose|strike|guard|cut|unity,balanced,balanced,2,1,1,1,6,6,0,59,0,59
loadout,fire,sustain,seed|spark|blaze|heal|ember|inferno,sword,heavy,swift|expose|strike|guard|return|unity,balanced,balanced,0,0,0,1,8,9,52,0,0,6
loadout,fire,sustain,seed|spark|blaze|heal|ember|inferno,sword,heavy,swift|expose|strike|guard|return|unity,balanced,balanced,0,1,1,1,5,5,0,48,0,48
loadout,fire,sustain,seed|spark|blaze|heal|ember|inferno,sword,heavy,swift|expose|strike|guard|return|unity,balanced,balanced,1,0,0,0,7,7,45,0,33,0
loadout,fire,sustain,seed|spark|blaze|heal|ember|inferno,sword,heavy,swift|expose|strike|guard|return|unity,balanced,balanced,1,1,0,0,9,9,128,0,62,0
loadout,fire,sustain,seed|spark|blaze|heal|ember|inferno,sword,heavy,swift|expose|strike|guard|return|unity,balanced,balanced,2,0,0,0,8,8,89,0,53,0
loadout,fire,sustain,seed|spark|blaze|heal|ember|inferno,sword,heavy,swift|expose|strike|guard|return|unity,balanced,balanced,2,1,0,1,7,6,9,0,0,57
loadout,fire,sustain,seed|spark|blaze|heal|ember|nourish,sword,quick,swift|expose|strike|guard|cut|unity,balanced,balanced,0,0,0,0,8,7,12,0,35,0
loadout,fire,sustain,seed|spark|blaze|heal|ember|nourish,sword,quick,swift|expose|strike|guard|cut|unity,balanced,balanced,0,1,1,1,5,5,0,26,0,26
loadout,fire,sustain,seed|spark|blaze|heal|ember|nourish,sword,quick,swift|expose|strike|guard|cut|unity,balanced,balanced,1,0,0,0,9,8,70,0,62,0
loadout,fire,sustain,seed|spark|blaze|heal|ember|nourish,sword,quick,swift|expose|strike|guard|cut|unity,balanced,balanced,1,1,0,0,9,9,208,0,160,0
loadout,fire,sustain,seed|spark|blaze|heal|ember|nourish,sword,quick,swift|expose|strike|guard|cut|unity,balanced,balanced,2,0,0,0,8,8,71,0,79,0
loadout,fire,sustain,seed|spark|blaze|heal|ember|nourish,sword,quick,swift|expose|strike|guard|cut|unity,balanced,balanced,2,1,1,1,7,6,0,17,0,49
loadout,fire,sustain,seed|spark|blaze|heal|ember|nourish,sword,heavy,swift|expose|strike|guard|return|unity,balanced,balanced,0,0,0,0,8,9,52,0,16,0
loadout,fire,sustain,seed|spark|blaze|heal|ember|nourish,sword,heavy,swift|expose|strike|guard|return|unity,balanced,balanced,0,1,1,1,5,5,0,57,0,57
loadout,fire,sustain,seed|spark|blaze|heal|ember|nourish,sword,heavy,swift|expose|strike|guard|return|unity,balanced,balanced,1,0,0,0,7,7,59,0,61,0
loadout,fire,sustain,seed|spark|blaze|heal|ember|nourish,sword,heavy,swift|expose|strike|guard|return|unity,balanced,balanced,1,1,0,1,8,7,44,0,0,23
loadout,fire,sustain,seed|spark|blaze|heal|ember|nourish,sword,heavy,swift|expose|strike|guard|return|unity,balanced,balanced,2,0,0,0,9,8,105,0,37,0
loadout,fire,sustain,seed|spark|blaze|heal|ember|nourish,sword,heavy,swift|expose|strike|guard|return|unity,balanced,balanced,2,1,0,1,8,6,131,0,0,57
loadout,fire,sustain,seed|spark|blaze|heal|vine|inferno,sword,quick,swift|expose|strike|guard|cut|unity,balanced,balanced,0,0,0,1,7,6,6,0,0,33
loadout,fire,sustain,seed|spark|blaze|heal|vine|inferno,sword,quick,swift|expose|strike|guard|cut|unity,balanced,balanced,0,1,0,0,4,4,8,0,8,0
loadout,fire,sustain,seed|spark|blaze|heal|vine|inferno,sword,quick,swift|expose|strike|guard|cut|unity,balanced,balanced,1,0,0,0,7,7,19,0,28,0
loadout,fire,sustain,seed|spark|blaze|heal|vine|inferno,sword,quick,swift|expose|strike|guard|cut|unity,balanced,balanced,1,1,1,0,8,6,0,14,112,0
loadout,fire,sustain,seed|spark|blaze|heal|vine|inferno,sword,quick,swift|expose|strike|guard|cut|unity,balanced,balanced,2,0,0,0,7,7,36,0,45,0
loadout,fire,sustain,seed|spark|blaze|heal|vine|inferno,sword,quick,swift|expose|strike|guard|cut|unity,balanced,balanced,2,1,0,0,8,8,153,0,121,0
loadout,fire,sustain,seed|spark|blaze|heal|vine|inferno,sword,heavy,swift|expose|strike|guard|return|unity,balanced,balanced,0,0,0,1,8,9,52,0,0,6
loadout,fire,sustain,seed|spark|blaze|heal|vine|inferno,sword,heavy,swift|expose|strike|guard|return|unity,balanced,balanced,0,1,1,1,5,5,0,48,0,48
loadout,fire,sustain,seed|spark|blaze|heal|vine|inferno,sword,heavy,swift|expose|strike|guard|return|unity,balanced,balanced,1,0,0,0,7,7,45,0,33,0
loadout,fire,sustain,seed|spark|blaze|heal|vine|inferno,sword,heavy,swift|expose|strike|guard|return|unity,balanced,balanced,1,1,0,1,11,7,207,0,0,34
loadout,fire,sustain,seed|spark|blaze|heal|vine|inferno,sword,heavy,swift|expose|strike|guard|return|unity,balanced,balanced,2,0,0,0,8,8,89,0,53,0
loadout,fire,sustain,seed|spark|blaze|heal|vine|inferno,sword,heavy,swift|expose|strike|guard|return|unity,balanced,balanced,2,1,0,0,7,7,76,0,71,0
loadout,fire,sustain,seed|spark|blaze|heal|vine|nourish,sword,quick,swift|expose|strike|guard|cut|unity,balanced,balanced,0,0,0,0,8,7,12,0,35,0
loadout,fire,sustain,seed|spark|blaze|heal|vine|nourish,sword,quick,swift|expose|strike|guard|cut|unity,balanced,balanced,0,1,1,1,5,5,0,26,0,26
loadout,fire,sustain,seed|spark|blaze|heal|vine|nourish,sword,quick,swift|expose|strike|guard|cut|unity,balanced,balanced,1,0,0,0,9,8,70,0,62,0
loadout,fire,sustain,seed|spark|blaze|heal|vine|nourish,sword,quick,swift|expose|strike|guard|cut|unity,balanced,balanced,1,1,0,0,7,7,168,0,144,0
loadout,fire,sustain,seed|spark|blaze|heal|vine|nourish,sword,quick,swift|expose|strike|guard|cut|unity,balanced,balanced,2,0,0,0,8,8,71,0,79,0
loadout,fire,sustain,seed|spark|blaze|heal|vine|nourish,sword,quick,swift|expose|strike|guard|cut|unity,balanced,balanced,2,1,0,0,7,9,114,0,144,0
loadout,fire,sustain,seed|spark|blaze|heal|vine|nourish,sword,heavy,swift|expose|strike|guard|return|unity,balanced,balanced,0,0,0,0,8,9,52,0,16,0
loadout,fire,sustain,seed|spark|blaze|heal|vine|nourish,sword,heavy,swift|expose|strike|guard|return|unity,balanced,balanced,0,1,1,1,5,5,0,57,0,57
loadout,fire,sustain,seed|spark|blaze|heal|vine|nourish,sword,heavy,swift|expose|strike|guard|return|unity,balanced,balanced,1,0,0,0,7,7,59,0,61,0
loadout,fire,sustain,seed|spark|blaze|heal|vine|nourish,sword,heavy,swift|expose|strike|guard|return|unity,balanced,balanced,1,1,0,0,6,6,46,0,38,0
loadout,fire,sustain,seed|spark|blaze|heal|vine|nourish,sword,heavy,swift|expose|strike|guard|return|unity,balanced,balanced,2,0,0,0,9,8,105,0,37,0
loadout,fire,sustain,seed|spark|blaze|heal|vine|nourish,sword,heavy,swift|expose|strike|guard|return|unity,balanced,balanced,2,1,1,1,6,6,0,16,0,16
loadout,fire,sustain,seed|spark|blaze|heal|vine|ember,sword,quick,swift|expose|strike|guard|cut|unity,balanced,balanced,0,0,0,1,7,6,6,0,0,33
loadout,fire,sustain,seed|spark|blaze|heal|vine|ember,sword,quick,swift|expose|strike|guard|cut|unity,balanced,balanced,0,1,0,0,4,4,8,0,8,0
loadout,fire,sustain,seed|spark|blaze|heal|vine|ember,sword,quick,swift|expose|strike|guard|cut|unity,balanced,balanced,1,0,0,0,7,7,19,0,28,0
loadout,fire,sustain,seed|spark|blaze|heal|vine|ember,sword,quick,swift|expose|strike|guard|cut|unity,balanced,balanced,1,1,0,0,7,7,154,0,53,0
loadout,fire,sustain,seed|spark|blaze|heal|vine|ember,sword,quick,swift|expose|strike|guard|cut|unity,balanced,balanced,2,0,0,0,7,7,36,0,45,0
loadout,fire,sustain,seed|spark|blaze|heal|vine|ember,sword,quick,swift|expose|strike|guard|cut|unity,balanced,balanced,2,1,0,0,7,8,114,0,133,0
loadout,fire,sustain,seed|spark|blaze|heal|vine|ember,sword,heavy,swift|expose|strike|guard|return|unity,balanced,balanced,0,0,0,1,8,9,52,0,0,6
loadout,fire,sustain,seed|spark|blaze|heal|vine|ember,sword,heavy,swift|expose|strike|guard|return|unity,balanced,balanced,0,1,1,1,5,5,0,11,0,11
loadout,fire,sustain,seed|spark|blaze|heal|vine|ember,sword,heavy,swift|expose|strike|guard|return|unity,balanced,balanced,1,0,0,0,7,7,45,0,33,0
loadout,fire,sustain,seed|spark|blaze|heal|vine|ember,sword,heavy,swift|expose|strike|guard|return|unity,balanced,balanced,1,1,0,1,11,7,207,0,0,33
loadout,fire,sustain,seed|spark|blaze|heal|vine|ember,sword,heavy,swift|expose|strike|guard|return|unity,balanced,balanced,2,0,0,0,8,8,89,0,53,0
loadout,fire,sustain,seed|spark|blaze|heal|vine|ember,sword,heavy,swift|expose|strike|guard|return|unity,balanced,balanced,2,1,0,0,6,6,46,0,38,0
loadout,sword,quick,strike|guard|cut|lunge|return|unity,fire,ignite,seed|spark|blaze|heal|vine|inferno,balanced,balanced,0,0,1,0,12,7,0,177,26,0
loadout,sword,quick,strike|guard|cut|lunge|return|unity,fire,ignite,seed|spark|blaze|heal|vine|inferno,balanced,balanced,0,1,1,1,7,7,0,157,0,157
loadout,sword,quick,strike|guard|cut|lunge|return|unity,fire,ignite,seed|spark|blaze|heal|vine|inferno,balanced,balanced,1,0,1,1,10,9,0,63,0,111
loadout,sword,quick,strike|guard|cut|lunge|return|unity,fire,ignite,seed|spark|blaze|heal|vine|inferno,balanced,balanced,1,1,1,1,7,7,0,132,0,132
loadout,sword,quick,strike|guard|cut|lunge|return|unity,fire,ignite,seed|spark|blaze|heal|vine|inferno,balanced,balanced,2,0,1,1,9,7,0,168,0,75
loadout,sword,quick,strike|guard|cut|lunge|return|unity,fire,ignite,seed|spark|blaze|heal|vine|inferno,balanced,balanced,2,1,1,1,6,6,0,182,0,182
loadout,sword,quick,strike|guard|cut|lunge|return|unity,fire,sustain,seed|spark|blaze|heal|nourish|vine,balanced,balanced,0,0,1,1,13,11,0,210,0,158
loadout,sword,quick,strike|guard|cut|lunge|return|unity,fire,sustain,seed|spark|blaze|heal|nourish|vine,balanced,balanced,0,1,1,1,11,11,0,210,0,210
loadout,sword,quick,strike|guard|cut|lunge|return|unity,fire,sustain,seed|spark|blaze|heal|nourish|vine,balanced,balanced,1,0,1,1,11,12,0,102,0,120
loadout,sword,quick,strike|guard|cut|lunge|return|unity,fire,sustain,seed|spark|blaze|heal|nourish|vine,balanced,balanced,1,1,1,1,13,9,0,191,0,143
loadout,sword,quick,strike|guard|cut|lunge|return|unity,fire,sustain,seed|spark|blaze|heal|nourish|vine,balanced,balanced,2,0,1,1,14,13,0,164,0,205
loadout,sword,quick,strike|guard|cut|lunge|return|unity,fire,sustain,seed|spark|blaze|heal|nourish|vine,balanced,balanced,2,1,1,1,8,7,0,207,0,210
loadout,sword,quick,expose|guard|cut|lunge|return|unity,fire,ignite,seed|spark|blaze|heal|vine|inferno,balanced,balanced,0,0,1,1,8,6,0,149,0,149
loadout,sword,quick,expose|guard|cut|lunge|return|unity,fire,ignite,seed|spark|blaze|heal|vine|inferno,balanced,balanced,0,1,1,1,6,6,0,80,0,80
loadout,sword,quick,expose|guard|cut|lunge|return|unity,fire,ignite,seed|spark|blaze|heal|vine|inferno,balanced,balanced,1,0,1,1,6,6,0,148,0,147
loadout,sword,quick,expose|guard|cut|lunge|return|unity,fire,ignite,seed|spark|blaze|heal|vine|inferno,balanced,balanced,1,1,1,1,6,6,0,80,0,80
loadout,sword,quick,expose|guard|cut|lunge|return|unity,fire,ignite,seed|spark|blaze|heal|vine|inferno,balanced,balanced,2,0,1,1,6,6,0,148,0,147
loadout,sword,quick,expose|guard|cut|lunge|return|unity,fire,ignite,seed|spark|blaze|heal|vine|inferno,balanced,balanced,2,1,1,1,5,5,0,144,0,144
loadout,sword,quick,expose|guard|cut|lunge|return|unity,fire,sustain,seed|spark|blaze|heal|nourish|vine,balanced,balanced,0,0,1,1,7,7,0,60,0,52
loadout,sword,quick,expose|guard|cut|lunge|return|unity,fire,sustain,seed|spark|blaze|heal|nourish|vine,balanced,balanced,0,1,1,1,11,11,0,210,0,210
loadout,sword,quick,expose|guard|cut|lunge|return|unity,fire,sustain,seed|spark|blaze|heal|nourish|vine,balanced,balanced,1,0,1,1,11,11,0,188,0,188
loadout,sword,quick,expose|guard|cut|lunge|return|unity,fire,sustain,seed|spark|blaze|heal|nourish|vine,balanced,balanced,1,1,1,1,11,11,0,210,0,210
loadout,sword,quick,expose|guard|cut|lunge|return|unity,fire,sustain,seed|spark|blaze|heal|nourish|vine,balanced,balanced,2,0,1,1,11,11,0,149,0,133
loadout,sword,quick,expose|guard|cut|lunge|return|unity,fire,sustain,seed|spark|blaze|heal|nourish|vine,balanced,balanced,2,1,1,1,7,7,0,189,0,174
loadout,sword,quick,expose|strike|cut|lunge|return|unity,fire,ignite,seed|spark|blaze|heal|vine|inferno,balanced,balanced,0,0,1,1,4,4,0,7,0,7
loadout,sword,quick,expose|strike|cut|lunge|return|unity,fire,ignite,seed|spark|blaze|heal|vine|inferno,balanced,balanced,0,1,1,1,5,5,0,73,0,65
loadout,sword,quick,expose|strike|cut|lunge|return|unity,fire,ignite,seed|spark|blaze|heal|vine|inferno,balanced,balanced,1,0,1,1,4,4,0,48,0,48
loadout,sword,quick,expose|strike|cut|lunge|return|unity,fire,ignite,seed|spark|blaze|heal|vine|inferno,balanced,balanced,1,1,1,1,6,6,0,57,0,119
loadout,sword,quick,expose|strike|cut|lunge|return|unity,fire,ignite,seed|spark|blaze|heal|vine|inferno,balanced,balanced,2,0,1,1,5,5,0,157,0,157
loadout,sword,quick,expose|strike|cut|lunge|return|unity,fire,ignite,seed|spark|blaze|heal|vine|inferno,balanced,balanced,2,1,1,1,4,4,0,104,0,104
loadout,sword,quick,expose|strike|cut|lunge|return|unity,fire,sustain,seed|spark|blaze|heal|nourish|vine,balanced,balanced,0,0,1,1,6,6,0,14,0,14
loadout,sword,quick,expose|strike|cut|lunge|return|unity,fire,sustain,seed|spark|blaze|heal|nourish|vine,balanced,balanced,0,1,1,1,6,6,0,89,0,81
loadout,sword,quick,expose|strike|cut|lunge|return|unity,fire,sustain,seed|spark|blaze|heal|nourish|vine,balanced,balanced,1,0,1,1,5,5,0,100,0,100
loadout,sword,quick,expose|strike|cut|lunge|return|unity,fire,sustain,seed|spark|blaze|heal|nourish|vine,balanced,balanced,1,1,1,1,10,8,0,99,0,77
loadout,sword,quick,expose|strike|cut|lunge|return|unity,fire,sustain,seed|spark|blaze|heal|nourish|vine,balanced,balanced,2,0,1,1,5,5,0,65,0,65
loadout,sword,quick,expose|strike|cut|lunge|return|unity,fire,sustain,seed|spark|blaze|heal|nourish|vine,balanced,balanced,2,1,1,1,8,7,0,89,0,76
loadout,sword,quick,expose|strike|guard|lunge|return|unity,fire,ignite,seed|spark|blaze|heal|vine|inferno,balanced,balanced,0,0,1,1,7,6,0,118,0,149
loadout,sword,quick,expose|strike|guard|lunge|return|unity,fire,ignite,seed|spark|blaze|heal|vine|inferno,balanced,balanced,0,1,1,1,7,7,0,157,0,157
loadout,sword,quick,expose|strike|guard|lunge|return|unity,fire,ignite,seed|spark|blaze|heal|vine|inferno,balanced,balanced,1,0,1,1,6,6,0,148,0,147
loadout,sword,quick,expose|strike|guard|lunge|return|unity,fire,ignite,seed|spark|blaze|heal|vine|inferno,balanced,balanced,1,1,1,1,6,6,0,157,0,105
loadout,sword,quick,expose|strike|guard|lunge|return|unity,fire,ignite,seed|spark|blaze|heal|vine|inferno,balanced,balanced,2,0,1,1,6,6,0,148,0,147
loadout,sword,quick,expose|strike|guard|lunge|return|unity,fire,ignite,seed|spark|blaze|heal|vine|inferno,balanced,balanced,2,1,1,1,6,6,0,101,0,101
loadout,sword,quick,expose|strike|guard|lunge|return|unity,fire,sustain,seed|spark|blaze|heal|nourish|vine,balanced,balanced,0,0,1,1,11,13,0,210,0,84
loadout,sword,quick,expose|strike|guard|lunge|return|unity,fire,sustain,seed|spark|blaze|heal|nourish|vine,balanced,balanced,0,1,1,1,10,9,0,119,0,158
loadout,sword,quick,expose|strike|guard|lunge|return|unity,fire,sustain,seed|spark|blaze|heal|nourish|vine,balanced,balanced,1,0,1,1,11,11,0,159,0,159
loadout,sword,quick,expose|strike|guard|lunge|return|unity,fire,sustain,seed|spark|blaze|heal|nourish|vine,balanced,balanced,1,1,1,1,7,6,0,51,0,149
loadout,sword,quick,expose|strike|guard|lunge|return|unity,fire,sustain,seed|spark|blaze|heal|nourish|vine,balanced,balanced,2,0,1,1,11,11,0,145,0,129
loadout,sword,quick,expose|strike|guard|lunge|return|unity,fire,sustain,seed|spark|blaze|heal|nourish|vine,balanced,balanced,2,1,1,1,7,7,0,92,0,76
loadout,sword,quick,expose|strike|guard|cut|return|unity,fire,ignite,seed|spark|blaze|heal|vine|inferno,balanced,balanced,0,0,1,1,9,10,0,210,0,115
loadout,sword,quick,expose|strike|guard|cut|return|unity,fire,ignite,seed|spark|blaze|heal|vine|inferno,balanced,balanced,0,1,1,1,7,7,0,157,0,157
loadout,sword,quick,expose|strike|guard|cut|return|unity,fire,ignite,seed|spark|blaze|heal|vine|inferno,balanced,balanced,1,0,1,1,6,6,0,148,0,147
loadout,sword,quick,expose|strike|guard|cut|return|unity,fire,ignite,seed|spark|blaze|heal|vine|inferno,balanced,balanced,1,1,1,1,6,6,0,157,0,105
loadout,sword,quick,expose|strike|guard|cut|return|unity,fire,ignite,seed|spark|blaze|heal|vine|inferno,balanced,balanced,2,0,1,1,6,6,0,148,0,147
loadout,sword,quick,expose|strike|guard|cut|return|unity,fire,ignite,seed|spark|blaze|heal|vine|inferno,balanced,balanced,2,1,1,1,6,6,0,101,0,101
loadout,sword,quick,expose|strike|guard|cut|return|unity,fire,sustain,seed|spark|blaze|heal|nourish|vine,balanced,balanced,0,0,1,1,10,10,0,128,0,103
loadout,sword,quick,expose|strike|guard|cut|return|unity,fire,sustain,seed|spark|blaze|heal|nourish|vine,balanced,balanced,0,1,1,1,10,9,0,119,0,158
loadout,sword,quick,expose|strike|guard|cut|return|unity,fire,sustain,seed|spark|blaze|heal|nourish|vine,balanced,balanced,1,0,1,1,11,11,0,159,0,159
loadout,sword,quick,expose|strike|guard|cut|return|unity,fire,sustain,seed|spark|blaze|heal|nourish|vine,balanced,balanced,1,1,1,1,7,6,0,51,0,149
loadout,sword,quick,expose|strike|guard|cut|return|unity,fire,sustain,seed|spark|blaze|heal|nourish|vine,balanced,balanced,2,0,1,1,11,11,0,145,0,129
loadout,sword,quick,expose|strike|guard|cut|return|unity,fire,sustain,seed|spark|blaze|heal|nourish|vine,balanced,balanced,2,1,1,1,7,7,0,92,0,76
loadout,sword,quick,expose|strike|guard|cut|lunge|unity,fire,ignite,seed|spark|blaze|heal|vine|inferno,balanced,balanced,0,0,1,1,7,6,0,118,0,149
loadout,sword,quick,expose|strike|guard|cut|lunge|unity,fire,ignite,seed|spark|blaze|heal|vine|inferno,balanced,balanced,0,1,1,0,7,6,0,33,37,0
loadout,sword,quick,expose|strike|guard|cut|lunge|unity,fire,ignite,seed|spark|blaze|heal|vine|inferno,balanced,balanced,1,0,1,1,6,6,0,148,0,147
loadout,sword,quick,expose|strike|guard|cut|lunge|unity,fire,ignite,seed|spark|blaze|heal|vine|inferno,balanced,balanced,1,1,1,1,5,5,0,165,0,165
loadout,sword,quick,expose|strike|guard|cut|lunge|unity,fire,ignite,seed|spark|blaze|heal|vine|inferno,balanced,balanced,2,0,1,1,6,6,0,148,0,147
loadout,sword,quick,expose|strike|guard|cut|lunge|unity,fire,ignite,seed|spark|blaze|heal|vine|inferno,balanced,balanced,2,1,1,1,6,6,0,101,0,101
loadout,sword,quick,expose|strike|guard|cut|lunge|unity,fire,sustain,seed|spark|blaze|heal|nourish|vine,balanced,balanced,0,0,1,1,11,13,0,203,0,84
loadout,sword,quick,expose|strike|guard|cut|lunge|unity,fire,sustain,seed|spark|blaze|heal|nourish|vine,balanced,balanced,0,1,1,1,10,9,0,79,0,102
loadout,sword,quick,expose|strike|guard|cut|lunge|unity,fire,sustain,seed|spark|blaze|heal|nourish|vine,balanced,balanced,1,0,1,1,11,11,0,159,0,159
loadout,sword,quick,expose|strike|guard|cut|lunge|unity,fire,sustain,seed|spark|blaze|heal|nourish|vine,balanced,balanced,1,1,1,1,8,8,0,141,0,131
loadout,sword,quick,expose|strike|guard|cut|lunge|unity,fire,sustain,seed|spark|blaze|heal|nourish|vine,balanced,balanced,2,0,1,1,11,11,0,145,0,129
loadout,sword,quick,expose|strike|guard|cut|lunge|unity,fire,sustain,seed|spark|blaze|heal|nourish|vine,balanced,balanced,2,1,1,1,8,8,0,155,0,56
loadout,sword,quick,expose|strike|guard|cut|lunge|return,fire,ignite,seed|spark|blaze|heal|vine|inferno,balanced,balanced,0,0,1,1,12,9,0,175,0,30
loadout,sword,quick,expose|strike|guard|cut|lunge|return,fire,ignite,seed|spark|blaze|heal|vine|inferno,balanced,balanced,0,1,1,1,7,7,0,157,0,157
loadout,sword,quick,expose|strike|guard|cut|lunge|return,fire,ignite,seed|spark|blaze|heal|vine|inferno,balanced,balanced,1,0,1,1,13,8,0,80,0,36
loadout,sword,quick,expose|strike|guard|cut|lunge|return,fire,ignite,seed|spark|blaze|heal|vine|inferno,balanced,balanced,1,1,1,1,6,6,0,130,0,130
loadout,sword,quick,expose|strike|guard|cut|lunge|return,fire,ignite,seed|spark|blaze|heal|vine|inferno,balanced,balanced,2,0,1,1,12,12,0,146,0,101
loadout,sword,quick,expose|strike|guard|cut|lunge|return,fire,ignite,seed|spark|blaze|heal|vine|inferno,balanced,balanced,2,1,1,1,6,6,0,122,0,122
loadout,sword,quick,expose|strike|guard|cut|lunge|return,fire,sustain,seed|spark|blaze|heal|nourish|vine,balanced,balanced,0,0,1,1,13,12,0,158,0,112
loadout,sword,quick,expose|strike|guard|cut|lunge|return,fire,sustain,seed|spark|blaze|heal|nourish|vine,balanced,balanced,0,1,1,1,10,9,0,119,0,104
loadout,sword,quick,expose|strike|guard|cut|lunge|return,fire,sustain,seed|spark|blaze|heal|nourish|vine,balanced,balanced,1,0,1,1,13,13,0,147,0,181
loadout,sword,quick,expose|strike|guard|cut|lunge|return,fire,sustain,seed|spark|blaze|heal|nourish|vine,balanced,balanced,1,1,1,1,8,8,0,130,0,107
loadout,sword,quick,expose|strike|guard|cut|lunge|return,fire,sustain,seed|spark|blaze|heal|nourish|vine,balanced,balanced,2,0,1,1,10,11,0,162,0,183
loadout,sword,quick,expose|strike|guard|cut|lunge|return,fire,sustain,seed|spark|blaze|heal|nourish|vine,balanced,balanced,2,1,1,1,7,7,0,111,0,98
loadout,sword,quick,swift|guard|cut|lunge|return|unity,fire,ignite,seed|spark|blaze|heal|vine|inferno,balanced,balanced,0,0,0,0,6,5,19,0,14,0
loadout,sword,quick,swift|guard|cut|lunge|return|unity,fire,ignite,seed|spark|blaze|heal|vine|inferno,balanced,balanced,0,1,1,1,5,5,0,58,0,58
loadout,sword,quick,swift|guard|cut|lunge|return|unity,fire,ignite,seed|spark|blaze|heal|vine|inferno,balanced,balanced,1,0,1,1,10,7,0,180,0,53
loadout,sword,quick,swift|guard|cut|lunge|return|unity,fire,ignite,seed|spark|blaze|heal|vine|inferno,balanced,balanced,1,1,1,1,5,5,0,114,0,114
loadout,sword,quick,swift|guard|cut|lunge|return|unity,fire,ignite,seed|spark|blaze|heal|vine|inferno,balanced,balanced,2,0,1,1,6,6,0,131,0,123
loadout,sword,quick,swift|guard|cut|lunge|return|unity,fire,ignite,seed|spark|blaze|heal|vine|inferno,balanced,balanced,2,1,1,1,5,5,0,114,0,114
loadout,sword,quick,swift|guard|cut|lunge|return|unity,fire,sustain,seed|spark|blaze|heal|nourish|vine,balanced,balanced,0,0,1,1,6,6,0,113,0,105
loadout,sword,quick,swift|guard|cut|lunge|return|unity,fire,sustain,seed|spark|blaze|heal|nourish|vine,balanced,balanced,0,1,1,1,7,7,0,64,0,64
loadout,sword,quick,swift|guard|cut|lunge|return|unity,fire,sustain,seed|spark|blaze|heal|nourish|vine,balanced,balanced,1,0,1,1,8,9,0,118,0,128
loadout,sword,quick,swift|guard|cut|lunge|return|unity,fire,sustain,seed|spark|blaze|heal|nourish|vine,balanced,balanced,1,1,1,1,7,7,0,148,0,148
loadout,sword,quick,swift|guard|cut|lunge|return|unity,fire,sustain,seed|spark|blaze|heal|nourish|vine,balanced,balanced,2,0,1,1,7,7,0,149,0,133
loadout,sword,quick,swift|guard|cut|lunge|return|unity,fire,sustain,seed|spark|blaze|heal|nourish|vine,balanced,balanced,2,1,1,1,7,7,0,148,0,148
loadout,sword,quick,swift|strike|cut|lunge|return|unity,fire,ignite,seed|spark|blaze|heal|vine|inferno,balanced,balanced,0,0,1,0,5,5,0,37,3,0
loadout,sword,quick,swift|strike|cut|lunge|return|unity,fire,ignite,seed|spark|blaze|heal|vine|inferno,balanced,balanced,0,1,1,1,6,5,0,100,0,58
loadout,sword,quick,swift|strike|cut|lunge|return|unity,fire,ignite,seed|spark|blaze|heal|vine|inferno,balanced,balanced,1,0,0,0,5,5,8,0,8,0
loadout,sword,quick,swift|strike|cut|lunge|return|unity,fire,ignite,seed|spark|blaze|heal|vine|inferno,balanced,balanced,1,1,1,1,7,7,0,72,0,38
loadout,sword,quick,swift|strike|cut|lunge|return|unity,fire,ignite,seed|spark|blaze|heal|vine|inferno,balanced,balanced,2,0,0,0,4,4,101,0,101,0
loadout,sword,quick,swift|strike|cut|lunge|return|unity,fire,ignite,seed|spark|blaze|heal|vine|inferno,balanced,balanced,2,1,1,1,7,5,0,38,0,89
loadout,sword,quick,swift|strike|cut|lunge|return|unity,fire,sustain,seed|spark|blaze|heal|nourish|vine,balanced,balanced,0,0,1,1,5,5,0,8,0,44
loadout,sword,quick,swift|strike|cut|lunge|return|unity,fire,sustain,seed|spark|blaze|heal|nourish|vine,balanced,balanced,0,1,1,1,8,7,0,60,0,64
loadout,sword,quick,swift|strike|cut|lunge|return|unity,fire,sustain,seed|spark|blaze|heal|nourish|vine,balanced,balanced,1,0,1,1,6,6,0,12,0,4
loadout,sword,quick,swift|strike|cut|lunge|return|unity,fire,sustain,seed|spark|blaze|heal|nourish|vine,balanced,balanced,1,1,1,1,8,8,0,47,0,58
loadout,sword,quick,swift|strike|cut|lunge|return|unity,fire,sustain,seed|spark|blaze|heal|nourish|vine,balanced,balanced,2,0,0,0,6,6,14,0,14,0
loadout,sword,quick,swift|strike|cut|lunge|return|unity,fire,sustain,seed|spark|blaze|heal|nourish|vine,balanced,balanced,2,1,1,1,8,8,0,78,0,58
loadout,sword,quick,swift|strike|guard|lunge|return|unity,fire,ignite,seed|spark|blaze|heal|vine|inferno,balanced,balanced,0,0,0,0,5,5,39,0,14,0
loadout,sword,quick,swift|strike|guard|lunge|return|unity,fire,ignite,seed|spark|blaze|heal|vine|inferno,balanced,balanced,0,1,1,1,6,5,0,100,0,58
loadout,sword,quick,swift|strike|guard|lunge|return|unity,fire,ignite,seed|spark|blaze|heal|vine|inferno,balanced,balanced,1,0,1,0,10,7,0,180,20,0
loadout,sword,quick,swift|strike|guard|lunge|return|unity,fire,ignite,seed|spark|blaze|heal|vine|inferno,balanced,balanced,1,1,1,1,7,7,0,72,0,38
loadout,sword,quick,swift|strike|guard|lunge|return|unity,fire,ignite,seed|spark|blaze|heal|vine|inferno,balanced,balanced,2,0,1,0,6,6,0,108,46,0
loadout,sword,quick,swift|strike|guard|lunge|return|unity,fire,ignite,seed|spark|blaze|heal|vine|inferno,balanced,balanced,2,1,1,1,7,5,0,38,0,89
loadout,sword,quick,swift|strike|guard|lunge|return|unity,fire,sustain,seed|spark|blaze|heal|nourish|vine,balanced,balanced,0,0,1,1,6,6,0,107,0,99
loadout,sword,quick,swift|strike|guard|lunge|return|unity,fire,sustain,seed|spark|blaze|heal|nourish|vine,balanced,balanced,0,1,1,1,8,7,0,60,0,64
loadout,sword,quick,swift|strike|guard|lunge|return|unity,fire,sustain,seed|spark|blaze|heal|nourish|vine,balanced,balanced,1,0,1,1,9,9,0,132,0,129
loadout,sword,quick,swift|strike|guard|lunge|return|unity,fire,sustain,seed|spark|blaze|heal|nourish|vine,balanced,balanced,1,1,1,1,8,8,0,47,0,58
loadout,sword,quick,swift|strike|guard|lunge|return|unity,fire,sustain,seed|spark|blaze|heal|nourish|vine,balanced,balanced,2,0,1,1,8,8,0,48,0,32
loadout,sword,quick,swift|strike|guard|lunge|return|unity,fire,sustain,seed|spark|blaze|heal|nourish|vine,balanced,balanced,2,1,1,1,8,8,0,78,0,58
loadout,sword,quick,swift|strike|guard|cut|return|unity,fire,ignite,seed|spark|blaze|heal|vine|inferno,balanced,balanced,0,0,1,1,4,4,0,22,0,22
loadout,sword,quick,swift|strike|guard|cut|return|unity,fire,ignite,seed|spark|blaze|heal|vine|inferno,balanced,balanced,0,1,1,1,6,5,0,102,0,114
loadout,sword,quick,swift|strike|guard|cut|return|unity,fire,ignite,seed|spark|blaze|heal|vine|inferno,balanced,balanced,1,0,1,0,10,7,0,180,20,0
loadout,sword,quick,swift|strike|guard|cut|return|unity,fire,ignite,seed|spark|blaze|heal|vine|inferno,balanced,balanced,1,1,1,1,7,7,0,72,0,38
loadout,sword,quick,swift|strike|guard|cut|return|unity,fire,ignite,seed|spark|blaze|heal|vine|inferno,balanced,balanced,2,0,1,0,6,6,0,108,46,0
loadout,sword,quick,swift|strike|guard|cut|return|unity,fire,ignite,seed|spark|blaze|heal|vine|inferno,balanced,balanced,2,1,1,1,7,5,0,38,0,89
loadout,sword,quick,swift|strike|guard|cut|return|unity,fire,sustain,seed|spark|blaze|heal|nourish|vine,balanced,balanced,0,0,0,0,5,5,54,0,54,0
loadout,sword,quick,swift|strike|guard|cut|return|unity,fire,sustain,seed|spark|blaze|heal|nourish|vine,balanced,balanced,0,1,1,1,7,7,0,65,0,98
loadout,sword,quick,swift|strike|guard|cut|return|unity,fire,sustain,seed|spark|blaze|heal|nourish|vine,balanced,balanced,1,0,1,1,9,9,0,132,0,129
loadout,sword,quick,swift|strike|guard|cut|return|unity,fire,sustain,seed|spark|blaze|heal|nourish|vine,balanced,balanced,1,1,1,1,8,8,0,47,0,58
loadout,sword,quick,swift|strike|guard|cut|return|unity,fire,sustain,seed|spark|blaze|heal|nourish|vine,balanced,balanced,2,0,1,1,8,8,0,48,0,32
loadout,sword,quick,swift|strike|guard|cut|return|unity,fire,sustain,seed|spark|blaze|heal|nourish|vine,balanced,balanced,2,1,1,1,8,8,0,78,0,58
loadout,sword,quick,swift|strike|guard|cut|lunge|unity,fire,ignite,seed|spark|blaze|heal|vine|inferno,balanced,balanced,0,0,0,0,5,5,39,0,14,0
loadout,sword,quick,swift|strike|guard|cut|lunge|unity,fire,ignite,seed|spark|blaze|heal|vine|inferno,balanced,balanced,0,1,1,1,6,5,0,100,0,58
loadout,sword,quick,swift|strike|guard|cut|lunge|unity,fire,ignite,seed|spark|blaze|heal|vine|inferno,balanced,balanced,1,0,1,0,10,7,0,180,20,0
loadout,sword,quick,swift|strike|guard|cut|lunge|unity,fire,ignite,seed|spark|blaze|heal|vine|inferno,balanced,balanced,1,1,1,1,7,7,0,72,0,38
loadout,sword,quick,swift|strike|guard|cut|lunge|unity,fire,ignite,seed|spark|blaze|heal|vine|inferno,balanced,balanced,2,0,1,0,6,6,0,108,46,0
loadout,sword,quick,swift|strike|guard|cut|lunge|unity,fire,ignite,seed|spark|blaze|heal|vine|inferno,balanced,balanced,2,1,1,1,7,5,0,38,0,89
loadout,sword,quick,swift|strike|guard|cut|lunge|unity,fire,sustain,seed|spark|blaze|heal|nourish|vine,balanced,balanced,0,0,1,1,6,6,0,107,0,99
loadout,sword,quick,swift|strike|guard|cut|lunge|unity,fire,sustain,seed|spark|blaze|heal|nourish|vine,balanced,balanced,0,1,1,1,8,7,0,60,0,64
loadout,sword,quick,swift|strike|guard|cut|lunge|unity,fire,sustain,seed|spark|blaze|heal|nourish|vine,balanced,balanced,1,0,1,1,9,9,0,132,0,129
loadout,sword,quick,swift|strike|guard|cut|lunge|unity,fire,sustain,seed|spark|blaze|heal|nourish|vine,balanced,balanced,1,1,1,1,8,8,0,47,0,58
loadout,sword,quick,swift|strike|guard|cut|lunge|unity,fire,sustain,seed|spark|blaze|heal|nourish|vine,balanced,balanced,2,0,1,1,8,8,0,48,0,32
loadout,sword,quick,swift|strike|guard|cut|lunge|unity,fire,sustain,seed|spark|blaze|heal|nourish|vine,balanced,balanced,2,1,1,1,8,8,0,78,0,58
loadout,sword,quick,swift|strike|guard|cut|lunge|return,fire,ignite,seed|spark|blaze|heal|vine|inferno,balanced,balanced,0,0,1,1,8,5,0,128,0,18
loadout,sword,quick,swift|strike|guard|cut|lunge|return,fire,ignite,seed|spark|blaze|heal|vine|inferno,balanced,balanced,0,1,1,1,6,5,0,100,0,58
loadout,sword,quick,swift|strike|guard|cut|lunge|return,fire,ignite,seed|spark|blaze|heal|vine|inferno,balanced,balanced,1,0,1,0,10,7,0,155,19,0
loadout,sword,quick,swift|strike|guard|cut|lunge|return,fire,ignite,seed|spark|blaze|heal|vine|inferno,balanced,balanced,1,1,1,1,7,7,0,72,0,106
loadout,sword,quick,swift|strike|guard|cut|lunge|return,fire,ignite,seed|spark|blaze|heal|vine|inferno,balanced,balanced,2,0,1,0,9,6,0,134,46,0
loadout,sword,quick,swift|strike|guard|cut|lunge|return,fire,ignite,seed|spark|blaze|heal|vine|inferno,balanced,balanced,2,1,1,1,7,5,0,38,0,89
loadout,sword,quick,swift|strike|guard|cut|lunge|return,fire,sustain,seed|spark|blaze|heal|nourish|vine,balanced,balanced,0,0,1,1,11,11,0,162,0,162
loadout,sword,quick,swift|strike|guard|cut|lunge|return,fire,sustain,seed|spark|blaze|heal|nourish|vine,balanced,balanced,0,1,1,1,8,7,0,60,0,64
loadout,sword,quick,swift|strike|guard|cut|lunge|return,fire,sustain,seed|spark|blaze|heal|nourish|vine,balanced,balanced,1,0,1,1,10,11,0,86,0,131
loadout,sword,quick,swift|strike|guard|cut|lunge|return,fire,sustain,seed|spark|blaze|heal|nourish|vine,balanced,balanced,1,1,1,1,8,8,0,47,0,58
loadout,sword,quick,swift|strike|guard|cut|lunge|return,fire,sustain,seed|spark|blaze|heal|nourish|vine,balanced,balanced,2,0,1,1,11,12,0,120,0,164
loadout,sword,quick,swift|strike|guard|cut|lunge|return,fire,sustain,seed|spark|blaze|heal|nourish|vine,balanced,balanced,2,1,1,1,8,8,0,78,0,58
loadout,sword,quick,swift|expose|cut|lunge|return|unity,fire,ignite,seed|spark|blaze|heal|vine|inferno,balanced,balanced,0,0,1,1,4,4,0,89,0,89
loadout,sword,quick,swift|expose|cut|lunge|return|unity,fire,ignite,seed|spark|blaze|heal|vine|inferno,balanced,balanced,0,1,1,1,5,5,0,58,0,58
loadout,sword,quick,swift|expose|cut|lunge|return|unity,fire,ignite,seed|spark|blaze|heal|vine|inferno,balanced,balanced,1,0,1,1,5,5,0,88,0,88
loadout,sword,quick,swift|expose|cut|lunge|return|unity,fire,ignite,seed|spark|blaze|heal|vine|inferno,balanced,balanced,1,1,1,1,5,5,0,114,0,114
loadout,sword,quick,swift|expose|cut|lunge|return|unity,fire,ignite,seed|spark|blaze|heal|vine|inferno,balanced,balanced,2,0,1,1,5,5,0,95,0,95
loadout,sword,quick,swift|expose|cut|lunge|return|unity,fire,ignite,seed|spark|blaze|heal|vine|inferno,balanced,balanced,2,1,1,1,5,5,0,114,0,114
loadout,sword,quick,swift|expose|cut|lunge|return|unity,fire,sustain,seed|spark|blaze|heal|nourish|vine,balanced,balanced,0,0,1,1,5,5,0,101,0,101
loadout,sword,quick,swift|expose|cut|lunge|return|unity,fire,sustain,seed|spark|blaze|heal|nourish|vine,balanced,balanced,0,1,1,1,7,7,0,64,0,64
loadout,sword,quick,swift|expose|cut|lunge|return|unity,fire,sustain,seed|spark|blaze|heal|nourish|vine,balanced,balanced,1,0,1,1,5,5,0,77,0,77
loadout,sword,quick,swift|expose|cut|lunge|return|unity,fire,sustain,seed|spark|blaze|heal|nourish|vine,balanced,balanced,1,1,1,1,7,7,0,148,0,148
loadout,sword,quick,swift|expose|cut|lunge|return|unity,fire,sustain,seed|spark|blaze|heal|nourish|vine,balanced,balanced,2,0,1,1,5,5,0,76,0,76
loadout,sword,quick,swift|expose|cut|lunge|return|unity,fire,sustain,seed|spark|blaze|heal|nourish|vine,balanced,balanced,2,1,1,1,7,7,0,148,0,148
loadout,sword,quick,swift|expose|guard|lunge|return|unity,fire,ignite,seed|spark|blaze|heal|vine|inferno,balanced,balanced,0,0,1,1,4,4,0,89,0,89
loadout,sword,quick,swift|expose|guard|lunge|return|unity,fire,ignite,seed|spark|blaze|heal|vine|inferno,balanced,balanced,0,1,1,1,5,5,0,58,0,58
loadout,sword,quick,swift|expose|guard|lunge|return|unity,fire,ignite,seed|spark|blaze|heal|vine|inferno,balanced,balanced,1,0,1,1,6,7,0,145,0,111
loadout,sword,quick,swift|expose|guard|lunge|return|unity,fire,ignite,seed|spark|blaze|heal|vine|inferno,balanced,balanced,1,1,1,1,5,5,0,114,0,114
loadout,sword,quick,swift|expose|guard|lunge|return|unity,fire,ignite,seed|spark|blaze|heal|vine|inferno,balanced,balanced,2,0,1,1,7,6,0,154,0,111
loadout,sword,quick,swift|expose|guard|lunge|return|unity,fire,ignite,seed|spark|blaze|heal|vine|inferno,balanced,balanced,2,1,1,1,5,5,0,114,0,114
loadout,sword,quick,swift|expose|guard|lunge|return|unity,fire,sustain,seed|spark|blaze|heal|nourish|vine,balanced,balanced,0,0,1,1,5,5,0,101,0,101
loadout,sword,quick,swift|expose|guard|lunge|return|unity,fire,sustain,seed|spark|blaze|heal|nourish|vine,balanced,balanced,0,1,1,1,7,7,0,64,0,64
loadout,sword,quick,swift|expose|guard|lunge|return|unity,fire,sustain,seed|spark|blaze|heal|nourish|vine,balanced,balanced,1,0,1,1,6,6,0,50,0,34
loadout,sword,quick,swift|expose|guard|lunge|return|unity,fire,sustain,seed|spark|blaze|heal|nourish|vine,balanced,balanced,1,1,1,1,7,7,0,148,0,148
loadout,sword,quick,swift|expose|guard|lunge|return|unity,fire,sustain,seed|spark|blaze|heal|nourish|vine,balanced,balanced,2,0,1,1,7,7,0,165,0,125
loadout,sword,quick,swift|expose|guard|lunge|return|unity,fire,sustain,seed|spark|blaze|heal|nourish|vine,balanced,balanced,2,1,1,1,7,7,0,148,0,148
loadout,sword,quick,swift|expose|guard|cut|return|unity,fire,ignite,seed|spark|blaze|heal|vine|inferno,balanced,balanced,0,0,1,1,4,4,0,103,0,103
loadout,sword,quick,swift|expose|guard|cut|return|unity,fire,ignite,seed|spark|blaze|heal|vine|inferno,balanced,balanced,0,1,1,1,5,5,0,114,0,114
loadout,sword,quick,swift|expose|guard|cut|return|unity,fire,ignite,seed|spark|blaze|heal|vine|inferno,balanced,balanced,1,0,1,1,6,7,0,145,0,111
loadout,sword,quick,swift|expose|guard|cut|return|unity,fire,ignite,seed|spark|blaze|heal|vine|inferno,balanced,balanced,1,1,1,1,5,5,0,114,0,114
loadout,sword,quick,swift|expose|guard|cut|return|unity,fire,ignite,seed|spark|blaze|heal|vine|inferno,balanced,balanced,2,0,1,1,7,6,0,154,0,111
loadout,sword,quick,swift|expose|guard|cut|return|unity,fire,ignite,seed|spark|blaze|heal|vine|inferno,balanced,balanced,2,1,1,1,5,5,0,114,0,114
loadout,sword,quick,swift|expose|guard|cut|return|unity,fire,sustain,seed|spark|blaze|heal|nourish|vine,balanced,balanced,0,0,1,1,5,5,0,115,0,115
loadout,sword,quick,swift|expose|guard|cut|return|unity,fire,sustain,seed|spark|blaze|heal|nourish|vine,balanced,balanced,0,1,1,1,7,7,0,148,0,148
loadout,sword,quick,swift|expose|guard|cut|return|unity,fire,sustain,seed|spark|blaze|heal|nourish|vine,balanced,balanced,1,0,1,1,6,6,0,50,0,34
loadout,sword,quick,swift|expose|guard|cut|return|unity,fire,sustain,seed|spark|blaze|heal|nourish|vine,balanced,balanced,1,1,1,1,7,7,0,148,0,148
loadout,sword,quick,swift|expose|guard|cut|return|unity,fire,sustain,seed|spark|blaze|heal|nourish|vine,balanced,balanced,2,0,1,1,7,7,0,179,0,125
loadout,sword,quick,swift|expose|guard|cut|return|unity,fire,sustain,seed|spark|blaze|heal|nourish|vine,balanced,balanced,2,1,1,1,7,7,0,148,0,148
loadout,sword,quick,swift|expose|guard|cut|lunge|unity,fire,ignite,seed|spark|blaze|heal|vine|inferno,balanced,balanced,0,0,1,1,4,4,0,89,0,89
loadout,sword,quick,swift|expose|guard|cut|lunge|unity,fire,ignite,seed|spark|blaze|heal|vine|inferno,balanced,balanced,0,1,1,1,5,5,0,58,0,58
loadout,sword,quick,swift|expose|guard|cut|lunge|unity,fire,ignite,seed|spark|blaze|heal|vine|inferno,balanced,balanced,1,0,1,1,6,7,0,145,0,111
loadout,sword,quick,swift|expose|guard|cut|lunge|unity,fire,ignite,seed|spark|blaze|heal|vine|inferno,balanced,balanced,1,1,1,1,5,5,0,114,0,114
loadout,sword,quick,swift|expose|guard|cut|lunge|unity,fire,ignite,seed|spark|blaze|heal|vine|inferno,balanced,balanced,2,0,1,1,7,7,0,170,0,136
loadout,sword,quick,swift|expose|guard|cut|lunge|unity,fire,ignite,seed|spark|blaze|heal|vine|inferno,balanced,balanced,2,1,1,1,5,5,0,114,0,114
loadout,sword,quick,swift|expose|guard|cut|lunge|unity,fire,sustain,seed|spark|blaze|heal|nourish|vine,balanced,balanced,0,0,1,1,5,5,0,101,0,101
loadout,sword,quick,swift|expose|guard|cut|lunge|unity,fire,sustain,seed|spark|blaze|heal|nourish|vine,balanced,balanced,0,1,1,1,7,7,0,64,0,64
loadout,sword,quick,swift|expose|guard|cut|lunge|unity,fire,sustain,seed|spark|blaze|heal|nourish|vine,balanced,balanced,1,0,1,1,6,6,0,58,0,42
loadout,sword,quick,swift|expose|guard|cut|lunge|unity,fire,sustain,seed|spark|blaze|heal|nourish|vine,balanced,balanced,1,1,1,1,7,7,0,148,0,148
loadout,sword,quick,swift|expose|guard|cut|lunge|unity,fire,sustain,seed|spark|blaze|heal|nourish|vine,balanced,balanced,2,0,1,1,7,7,0,165,0,125
loadout,sword,quick,swift|expose|guard|cut|lunge|unity,fire,sustain,seed|spark|blaze|heal|nourish|vine,balanced,balanced,2,1,1,1,7,7,0,148,0,148
loadout,sword,quick,swift|expose|guard|cut|lunge|return,fire,ignite,seed|spark|blaze|heal|vine|inferno,balanced,balanced,0,0,1,1,9,9,0,170,0,54
loadout,sword,quick,swift|expose|guard|cut|lunge|return,fire,ignite,seed|spark|blaze|heal|vine|inferno,balanced,balanced,0,1,1,1,5,5,0,58,0,58
loadout,sword,quick,swift|expose|guard|cut|lunge|return,fire,ignite,seed|spark|blaze|heal|vine|inferno,balanced,balanced,1,0,1,1,6,6,0,26,0,74
loadout,sword,quick,swift|expose|guard|cut|lunge|return,fire,ignite,seed|spark|blaze|heal|vine|inferno,balanced,balanced,1,1,1,1,5,5,0,114,0,114
loadout,sword,quick,swift|expose|guard|cut|lunge|return,fire,ignite,seed|spark|blaze|heal|vine|inferno,balanced,balanced,2,0,1,1,6,6,0,115,0,89
loadout,sword,quick,swift|expose|guard|cut|lunge|return,fire,ignite,seed|spark|blaze|heal|vine|inferno,balanced,balanced,2,1,1,1,5,5,0,114,0,114
loadout,sword,quick,swift|expose|guard|cut|lunge|return,fire,sustain,seed|spark|blaze|heal|nourish|vine,balanced,balanced,0,0,1,1,11,11,0,170,0,167
loadout,sword,quick,swift|expose|guard|cut|lunge|return,fire,sustain,seed|spark|blaze|heal|nourish|vine,balanced,balanced,0,1,1,1,7,7,0,64,0,64
loadout,sword,quick,swift|expose|guard|cut|lunge|return,fire,sustain,seed|spark|blaze|heal|nourish|vine,balanced,balanced,1,0,1,1,12,12,0,171,0,171
loadout,sword,quick,swift|expose|guard|cut|lunge|return,fire,sustain,seed|spark|blaze|heal|nourish|vine,balanced,balanced,1,1,1,1,7,7,0,148,0,148
loadout,sword,quick,swift|expose|guard|cut|lunge|return,fire,sustain,seed|spark|blaze|heal|nourish|vine,balanced,balanced,2,0,1,1,12,12,0,198,0,190
loadout,sword,quick,swift|expose|guard|cut|lunge|return,fire,sustain,seed|spark|blaze|heal|nourish|vine,balanced,balanced,2,1,1,1,7,7,0,148,0,148
loadout,sword,quick,swift|expose|strike|lunge|return|unity,fire,ignite,seed|spark|blaze|heal|vine|inferno,balanced,balanced,0,0,0,0,4,4,67,0,67,0
loadout,sword,quick,swift|expose|strike|lunge|return|unity,fire,ignite,seed|spark|blaze|heal|vine|inferno,balanced,balanced,0,1,1,1,6,5,0,54,0,58
loadout,sword,quick,swift|expose|strike|lunge|return|unity,fire,ignite,seed|spark|blaze|heal|vine|inferno,balanced,balanced,1,0,1,1,5,5,0,59,0,59
loadout,sword,quick,swift|expose|strike|lunge|return|unity,fire,ignite,seed|spark|blaze|heal|vine|inferno,balanced,balanced,1,1,1,1,7,6,0,1,0,55
loadout,sword,quick,swift|expose|strike|lunge|return|unity,fire,ignite,seed|spark|blaze|heal|vine|inferno,balanced,balanced,2,0,0,0,4,4,85,0,85,0
loadout,sword,quick,swift|expose|strike|lunge|return|unity,fire,ignite,seed|spark|blaze|heal|vine|inferno,balanced,balanced,2,1,1,1,5,5,0,109,0,109
loadout,sword,quick,swift|expose|strike|lunge|return|unity,fire,sustain,seed|spark|blaze|heal|nourish|vine,balanced,balanced,0,0,1,1,5,5,0,101,0,101
loadout,sword,quick,swift|expose|strike|lunge|return|unity,fire,sustain,seed|spark|blaze|heal|nourish|vine,balanced,balanced,0,1,1,1,8,8,0,25,0,11
loadout,sword,quick,swift|expose|strike|lunge|return|unity,fire,sustain,seed|spark|blaze|heal|nourish|vine,balanced,balanced,1,0,1,1,5,5,0,22,0,22
loadout,sword,quick,swift|expose|strike|lunge|return|unity,fire,sustain,seed|spark|blaze|heal|nourish|vine,balanced,balanced,1,1,1,1,9,8,0,70,0,62
loadout,sword,quick,swift|expose|strike|lunge|return|unity,fire,sustain,seed|spark|blaze|heal|nourish|vine,balanced,balanced,2,0,0,0,5,5,26,0,26,0
loadout,sword,quick,swift|expose|strike|lunge|return|unity,fire,sustain,seed|spark|blaze|heal|nourish|vine,balanced,balanced,2,1,1,1,8,8,0,71,0,79
loadout,sword,quick,swift|expose|strike|cut|return|unity,fire,ignite,seed|spark|blaze|heal|vine|inferno,balanced,balanced,0,0,0,0,4,4,15,0,15,0
loadout,sword,quick,swift|expose|strike|cut|return|unity,fire,ignite,seed|spark|blaze|heal|vine|inferno,balanced,balanced,0,1,1,1,5,5,0,61,0,61
loadout,sword,quick,swift|expose|strike|cut|return|unity,fire,ignite,seed|spark|blaze|heal|vine|inferno,balanced,balanced,1,0,1,1,5,5,0,59,0,59
loadout,sword,quick,swift|expose|strike|cut|return|unity,fire,ignite,seed|spark|blaze|heal|vine|inferno,balanced,balanced,1,1,1,1,7,6,0,1,0,55
loadout,sword,quick,swift|expose|strike|cut|return|unity,fire,ignite,seed|spark|blaze|heal|vine|inferno,balanced,balanced,2,0,0,0,4,4,85,0,85,0
loadout,sword,quick,swift|expose|strike|cut|return|unity,fire,ignite,seed|spark|blaze|heal|vine|inferno,balanced,balanced,2,1,1,1,5,5,0,109,0,109
loadout,sword,quick,swift|expose|strike|cut|return|unity,fire,sustain,seed|spark|blaze|heal|nourish|vine,balanced,balanced,0,0,0,0,5,5,26,0,26,0
loadout,sword,quick,swift|expose|strike|cut|return|unity,fire,sustain,seed|spark|blaze|heal|nourish|vine,balanced,balanced,0,1,1,1,8,7,0,12,0,35
loadout,sword,quick,swift|expose|strike|cut|return|unity,fire,sustain,seed|spark|blaze|heal|nourish|vine,balanced,balanced,1,0,1,1,5,5,0,22,0,22
loadout,sword,quick,swift|expose|strike|cut|return|unity,fire,sustain,seed|spark|blaze|heal|nourish|vine,balanced,balanced,1,1,1,1,9,8,0,70,0,62
loadout,sword,quick,swift|expose|strike|cut|return|unity,fire,sustain,seed|spark|blaze|heal|nourish|vine,balanced,balanced,2,0,0,0,5,5,26,0,26,0
loadout,sword,quick,swift|expose|strike|cut|return|unity,fire,sustain,seed|spark|blaze|heal|nourish|vine,balanced,balanced,2,1,1,1,8,8,0,71,0,79
loadout,sword,quick,swift|expose|strike|cut|lunge|unity,fire,ignite,seed|spark|blaze|heal|vine|inferno,balanced,balanced,0,0,0,0,4,4,67,0,67,0
loadout,sword,quick,swift|expose|strike|cut|lunge|unity,fire,ignite,seed|spark|blaze|heal|vine|inferno,balanced,balanced,0,1,1,1,6,5,0,54,0,58
loadout,sword,quick,swift|expose|strike|cut|lunge|unity,fire,ignite,seed|spark|blaze|heal|vine|inferno,balanced,balanced,1,0,1,1,5,5,0,59,0,59
loadout,sword,quick,swift|expose|strike|cut|lunge|unity,fire,ignite,seed|spark|blaze|heal|vine|inferno,balanced,balanced,1,1,1,1,7,6,0,1,0,55
loadout,sword,quick,swift|expose|strike|cut|lunge|unity,fire,ignite,seed|spark|blaze|heal|vine|inferno,balanced,balanced,2,0,0,0,4,4,85,0,85,0
loadout,sword,quick,swift|expose|strike|cut|lunge|unity,fire,ignite,seed|spark|blaze|heal|vine|inferno,balanced,balanced,2,1,1,1,5,5,0,109,0,109
loadout,sword,quick,swift|expose|strike|cut|lunge|unity,fire,sustain,seed|spark|blaze|heal|nourish|vine,balanced,balanced,0,0,1,1,5,5,0,101,0,101
loadout,sword,quick,swift|expose|strike|cut|lunge|unity,fire,sustain,seed|spark|blaze|heal|nourish|vine,balanced,balanced,0,1,1,1,8,8,0,25,0,11
loadout,sword,quick,swift|expose|strike|cut|lunge|unity,fire,sustain,seed|spark|blaze|heal|nourish|vine,balanced,balanced,1,0,1,1,5,5,0,22,0,22
loadout,sword,quick,swift|expose|strike|cut|lunge|unity,fire,sustain,seed|spark|blaze|heal|nourish|vine,balanced,balanced,1,1,1,1,9,8,0,70,0,62
loadout,sword,quick,swift|expose|strike|cut|lunge|unity,fire,sustain,seed|spark|blaze|heal|nourish|vine,balanced,balanced,2,0,0,0,5,5,26,0,26,0
loadout,sword,quick,swift|expose|strike|cut|lunge|unity,fire,sustain,seed|spark|blaze|heal|nourish|vine,balanced,balanced,2,1,1,1,8,8,0,71,0,79
loadout,sword,quick,swift|expose|strike|cut|lunge|return,fire,ignite,seed|spark|blaze|heal|vine|inferno,balanced,balanced,0,0,0,0,4,4,67,0,67,0
loadout,sword,quick,swift|expose|strike|cut|lunge|return,fire,ignite,seed|spark|blaze|heal|vine|inferno,balanced,balanced,0,1,1,1,6,5,0,54,0,58
loadout,sword,quick,swift|expose|strike|cut|lunge|return,fire,ignite,seed|spark|blaze|heal|vine|inferno,balanced,balanced,1,0,0,0,5,5,8,0,8,0
loadout,sword,quick,swift|expose|strike|cut|lunge|return,fire,ignite,seed|spark|blaze|heal|vine|inferno,balanced,balanced,1,1,1,1,7,6,0,1,0,55
loadout,sword,quick,swift|expose|strike|cut|lunge|return,fire,ignite,seed|spark|blaze|heal|vine|inferno,balanced,balanced,2,0,0,0,4,4,85,0,85,0
loadout,sword,quick,swift|expose|strike|cut|lunge|return,fire,ignite,seed|spark|blaze|heal|vine|inferno,balanced,balanced,2,1,1,1,6,6,0,97,0,81
loadout,sword,quick,swift|expose|strike|cut|lunge|return,fire,sustain,seed|spark|blaze|heal|nourish|vine,balanced,balanced,0,0,0,0,5,5,42,0,42,0
loadout,sword,quick,swift|expose|strike|cut|lunge|return,fire,sustain,seed|spark|blaze|heal|nourish|vine,balanced,balanced,0,1,1,1,8,8,0,25,0,11
loadout,sword,quick,swift|expose|strike|cut|lunge|return,fire,sustain,seed|spark|blaze|heal|nourish|vine,balanced,balanced,1,0,1,1,6,6,0,52,0,44
loadout,sword,quick,swift|expose|strike|cut|lunge|return,fire,sustain,seed|spark|blaze|heal|nourish|vine,balanced,balanced,1,1,1,1,9,8,0,70,0,62
loadout,sword,quick,swift|expose|strike|cut|lunge|return,fire,sustain,seed|spark|blaze|heal|nourish|vine,balanced,balanced,2,0,0,0,5,5,26,0,26,0
loadout,sword,quick,swift|expose|strike|cut|lunge|return,fire,sustain,seed|spark|blaze|heal|nourish|vine,balanced,balanced,2,1,1,1,8,8,0,71,0,79
loadout,sword,quick,swift|expose|strike|guard|return|unity,fire,ignite,seed|spark|blaze|heal|vine|inferno,balanced,balanced,0,0,0,0,4,4,15,0,15,0
loadout,sword,quick,swift|expose|strike|guard|return|unity,fire,ignite,seed|spark|blaze|heal|vine|inferno,balanced,balanced,0,1,1,1,5,5,0,61,0,61
loadout,sword,quick,swift|expose|strike|guard|return|unity,fire,ignite,seed|spark|blaze|heal|vine|inferno,balanced,balanced,1,0,1,0,8,6,0,177,15,0
loadout,sword,quick,swift|expose|strike|guard|return|unity,fire,ignite,seed|spark|blaze|heal|vine|inferno,balanced,balanced,1,1,1,1,7,6,0,1,0,55
loadout,sword,quick,swift|expose|strike|guard|return|unity,fire,ignite,seed|spark|blaze|heal|vine|inferno,balanced,balanced,2,0,1,1,7,6,0,116,0,39
loadout,sword,quick,swift|expose|strike|guard|return|unity,fire,ignite,seed|spark|blaze|heal|vine|inferno,balanced,balanced,2,1,1,1,5,5,0,109,0,109
loadout,sword,quick,swift|expose|strike|guard|return|unity,fire,sustain,seed|spark|blaze|heal|nourish|vine,balanced,balanced,0,0,0,0,5,5,26,0,26,0
loadout,sword,quick,swift|expose|strike|guard|return|unity,fire,sustain,seed|spark|blaze|heal|nourish|vine,balanced,balanced,0,1,1,1,8,7,0,12,0,35
loadout,sword,quick,swift|expose|strike|guard|return|unity,fire,sustain,seed|spark|blaze|heal|nourish|vine,balanced,balanced,1,0,1,1,7,7,0,168,0,144
loadout,sword,quick,swift|expose|strike|guard|return|unity,fire,sustain,seed|spark|blaze|heal|nourish|vine,balanced,balanced,1,1,1,1,9,8,0,70,0,62
loadout,sword,quick,swift|expose|strike|guard|return|unity,fire,sustain,seed|spark|blaze|heal|nourish|vine,balanced,balanced,2,0,1,1,7,9,0,114,0,144
loadout,sword,quick,swift|expose|strike|guard|return|unity,fire,sustain,seed|spark|blaze|heal|nourish|vine,balanced,balanced,2,1,1,1,8,8,0,71,0,79
loadout,sword,quick,swift|expose|strike|guard|lunge|unity,fire,ignite,seed|spark|blaze|heal|vine|inferno,balanced,balanced,0,0,0,0,4,4,67,0,67,0
loadout,sword,quick,swift|expose|strike|guard|lunge|unity,fire,ignite,seed|spark|blaze|heal|vine|inferno,balanced,balanced,0,1,1,1,6,5,0,54,0,58
loadout,sword,quick,swift|expose|strike|guard|lunge|unity,fire,ignite,seed|spark|blaze|heal|vine|inferno,balanced,balanced,1,0,1,0,8,6,0,177,15,0
loadout,sword,quick,swift|expose|strike|guard|lunge|unity,fire,ignite,seed|spark|blaze|heal|vine|inferno,balanced,balanced,1,1,1,1,7,6,0,1,0,55
loadout,sword,quick,swift|expose|strike|guard|lunge|unity,fire,ignite,seed|spark|blaze|heal|vine|inferno,balanced,balanced,2,0,1,1,7,6,0,116,0,39
loadout,sword,quick,swift|expose|strike|guard|lunge|unity,fire,ignite,seed|spark|blaze|heal|vine|inferno,balanced,balanced,2,1,1,1,5,5,0,109,0,109
loadout,sword,quick,swift|expose|strike|guard|lunge|unity,fire,sustain,seed|spark|blaze|heal|nourish|vine,balanced,balanced,0,0,1,1,5,5,0,101,0,101
loadout,sword,quick,swift|expose|strike|guard|lunge|unity,fire,sustain,seed|spark|blaze|heal|nourish|vine,balanced,balanced,0,1,1,1,8,8,0,25,0,11
loadout,sword,quick,swift|expose|strike|guard|lunge|unity,fire,sustain,seed|spark|blaze|heal|nourish|vine,balanced,balanced,1,0,1,1,7,7,0,168,0,144
loadout,sword,quick,swift|expose|strike|guard|lunge|unity,fire,sustain,seed|spark|blaze|heal|nourish|vine,balanced,balanced,1,1,1,1,9,8,0,70,0,62
loadout,sword,quick,swift|expose|strike|guard|lunge|unity,fire,sustain,seed|spark|blaze|heal|nourish|vine,balanced,balanced,2,0,1,1,7,9,0,114,0,144
loadout,sword,quick,swift|expose|strike|guard|lunge|unity,fire,sustain,seed|spark|blaze|heal|nourish|vine,balanced,balanced,2,1,1,1,8,8,0,71,0,79
loadout,sword,quick,swift|expose|strike|guard|lunge|return,fire,ignite,seed|spark|blaze|heal|vine|inferno,balanced,balanced,0,0,1,1,8,5,0,129,0,5
loadout,sword,quick,swift|expose|strike|guard|lunge|return,fire,ignite,seed|spark|blaze|heal|vine|inferno,balanced,balanced,0,1,1,1,6,5,0,54,0,58
loadout,sword,quick,swift|expose|strike|guard|lunge|return,fire,ignite,seed|spark|blaze|heal|vine|inferno,balanced,balanced,1,0,1,0,10,7,0,155,19,0
loadout,sword,quick,swift|expose|strike|guard|lunge|return,fire,ignite,seed|spark|blaze|heal|vine|inferno,balanced,balanced,1,1,1,1,7,6,0,1,0,55
loadout,sword,quick,swift|expose|strike|guard|lunge|return,fire,ignite,seed|spark|blaze|heal|vine|inferno,balanced,balanced,2,0,0,0,4,4,50,0,50,0
loadout,sword,quick,swift|expose|strike|guard|lunge|return,fire,ignite,seed|spark|blaze|heal|vine|inferno,balanced,balanced,2,1,1,1,6,6,0,97,0,81
loadout,sword,quick,swift|expose|strike|guard|lunge|return,fire,sustain,seed|spark|blaze|heal|nourish|vine,balanced,balanced,0,0,1,1,10,11,0,146,0,162
loadout,sword,quick,swift|expose|strike|guard|lunge|return,fire,sustain,seed|spark|blaze|heal|nourish|vine,balanced,balanced,0,1,1,1,8,8,0,25,0,11
loadout,sword,quick,swift|expose|strike|guard|lunge|return,fire,sustain,seed|spark|blaze|heal|nourish|vine,balanced,balanced,1,0,1,1,12,11,0,150,0,131
loadout,sword,quick,swift|expose|strike|guard|lunge|return,fire,sustain,seed|spark|blaze|heal|nourish|vine,balanced,balanced,1,1,1,1,9,8,0,70,0,62
loadout,sword,quick,swift|expose|strike|guard|lunge|return,fire,sustain,seed|spark|blaze|heal|nourish|vine,balanced,balanced,2,0,1,1,7,7,0,87,0,73
loadout,sword,quick,swift|expose|strike|guard|lunge|return,fire,sustain,seed|spark|blaze|heal|nourish|vine,balanced,balanced,2,1,1,1,8,8,0,71,0,79
loadout,sword,quick,swift|expose|strike|guard|cut|unity,fire,ignite,seed|spark|blaze|heal|vine|inferno,balanced,balanced,0,0,0,0,4,4,15,0,15,0
loadout,sword,quick,swift|expose|strike|guard|cut|unity,fire,ignite,seed|spark|blaze|heal|vine|inferno,balanced,balanced,0,1,1,1,5,5,0,61,0,61
loadout,sword,quick,swift|expose|strike|guard|cut|unity,fire,ignite,seed|spark|blaze|heal|vine|inferno,balanced,balanced,1,0,1,0,8,6,0,177,15,0
loadout,sword,quick,swift|expose|strike|guard|cut|unity,fire,ignite,seed|spark|blaze|heal|vine|inferno,balanced,balanced,1,1,1,1,7,6,0,1,0,55
loadout,sword,quick,swift|expose|strike|guard|cut|unity,fire,ignite,seed|spark|blaze|heal|vine|inferno,balanced,balanced,2,0,1,1,7,6,0,116,0,39
loadout,sword,quick,swift|expose|strike|guard|cut|unity,fire,ignite,seed|spark|blaze|heal|vine|inferno,balanced,balanced,2,1,1,1,5,5,0,109,0,109
loadout,sword,quick,swift|expose|strike|guard|cut|unity,fire,sustain,seed|spark|blaze|heal|nourish|vine,balanced,balanced,0,0,0,0,5,5,26,0,26,0
loadout,sword,quick,swift|expose|strike|guard|cut|unity,fire,sustain,seed|spark|blaze|heal|nourish|vine,balanced,balanced,0,1,1,1,8,7,0,12,0,35
loadout,sword,quick,swift|expose|strike|guard|cut|unity,fire,sustain,seed|spark|blaze|heal|nourish|vine,balanced,balanced,1,0,1,1,7,7,0,168,0,144
loadout,sword,quick,swift|expose|strike|guard|cut|unity,fire,sustain,seed|spark|blaze|heal|nourish|vine,balanced,balanced,1,1,1,1,9,8,0,70,0,62
loadout,sword,quick,swift|expose|strike|guard|cut|unity,fire,sustain,seed|spark|blaze|heal|nourish|vine,balanced,balanced,2,0,1,1,7,9,0,114,0,144
loadout,sword,quick,swift|expose|strike|guard|cut|unity,fire,sustain,seed|spark|blaze|heal|nourish|vine,balanced,balanced,2,1,1,1,8,8,0,71,0,79
loadout,sword,quick,swift|expose|strike|guard|cut|return,fire,ignite,seed|spark|blaze|heal|vine|inferno,balanced,balanced,0,0,0,0,4,4,15,0,15,0
loadout,sword,quick,swift|expose|strike|guard|cut|return,fire,ignite,seed|spark|blaze|heal|vine|inferno,balanced,balanced,0,1,1,1,5,5,0,61,0,61
loadout,sword,quick,swift|expose|strike|guard|cut|return,fire,ignite,seed|spark|blaze|heal|vine|inferno,balanced,balanced,1,0,1,0,10,7,0,155,19,0
loadout,sword,quick,swift|expose|strike|guard|cut|return,fire,ignite,seed|spark|blaze|heal|vine|inferno,balanced,balanced,1,1,1,1,7,6,0,1,0,55
loadout,sword,quick,swift|expose|strike|guard|cut|return,fire,ignite,seed|spark|blaze|heal|vine|inferno,balanced,balanced,2,0,0,0,4,4,50,0,50,0
loadout,sword,quick,swift|expose|strike|guard|cut|return,fire,ignite,seed|spark|blaze|heal|vine|inferno,balanced,balanced,2,1,1,1,6,6,0,97,0,81
loadout,sword,quick,swift|expose|strike|guard|cut|return,fire,sustain,seed|spark|blaze|heal|nourish|vine,balanced,balanced,0,0,0,0,5,5,26,0,26,0
loadout,sword,quick,swift|expose|strike|guard|cut|return,fire,sustain,seed|spark|blaze|heal|nourish|vine,balanced,balanced,0,1,1,1,8,7,0,12,0,35
loadout,sword,quick,swift|expose|strike|guard|cut|return,fire,sustain,seed|spark|blaze|heal|nourish|vine,balanced,balanced,1,0,1,1,12,11,0,150,0,131
loadout,sword,quick,swift|expose|strike|guard|cut|return,fire,sustain,seed|spark|blaze|heal|nourish|vine,balanced,balanced,1,1,1,1,9,8,0,70,0,62
loadout,sword,quick,swift|expose|strike|guard|cut|return,fire,sustain,seed|spark|blaze|heal|nourish|vine,balanced,balanced,2,0,1,1,7,7,0,87,0,73
loadout,sword,quick,swift|expose|strike|guard|cut|return,fire,sustain,seed|spark|blaze|heal|nourish|vine,balanced,balanced,2,1,1,1,8,8,0,71,0,79
loadout,sword,quick,swift|expose|strike|guard|cut|lunge,fire,ignite,seed|spark|blaze|heal|vine|inferno,balanced,balanced,0,0,1,1,8,5,0,129,0,5
loadout,sword,quick,swift|expose|strike|guard|cut|lunge,fire,ignite,seed|spark|blaze|heal|vine|inferno,balanced,balanced,0,1,1,1,6,5,0,54,0,58
loadout,sword,quick,swift|expose|strike|guard|cut|lunge,fire,ignite,seed|spark|blaze|heal|vine|inferno,balanced,balanced,1,0,1,0,10,7,0,155,19,0
loadout,sword,quick,swift|expose|strike|guard|cut|lunge,fire,ignite,seed|spark|blaze|heal|vine|inferno,balanced,balanced,1,1,1,1,7,6,0,1,0,55
loadout,sword,quick,swift|expose|strike|guard|cut|lunge,fire,ignite,seed|spark|blaze|heal|vine|inferno,balanced,balanced,2,0,0,0,4,4,50,0,50,0
loadout,sword,quick,swift|expose|strike|guard|cut|lunge,fire,ignite,seed|spark|blaze|heal|vine|inferno,balanced,balanced,2,1,1,1,6,6,0,97,0,81
loadout,sword,quick,swift|expose|strike|guard|cut|lunge,fire,sustain,seed|spark|blaze|heal|nourish|vine,balanced,balanced,0,0,1,1,10,11,0,146,0,162
loadout,sword,quick,swift|expose|strike|guard|cut|lunge,fire,sustain,seed|spark|blaze|heal|nourish|vine,balanced,balanced,0,1,1,1,8,8,0,25,0,11
loadout,sword,quick,swift|expose|strike|guard|cut|lunge,fire,sustain,seed|spark|blaze|heal|nourish|vine,balanced,balanced,1,0,1,1,12,11,0,150,0,131
loadout,sword,quick,swift|expose|strike|guard|cut|lunge,fire,sustain,seed|spark|blaze|heal|nourish|vine,balanced,balanced,1,1,1,1,9,8,0,70,0,62
loadout,sword,quick,swift|expose|strike|guard|cut|lunge,fire,sustain,seed|spark|blaze|heal|nourish|vine,balanced,balanced,2,0,1,1,7,7,0,87,0,73
loadout,sword,quick,swift|expose|strike|guard|cut|lunge,fire,sustain,seed|spark|blaze|heal|nourish|vine,balanced,balanced,2,1,1,1,8,8,0,71,0,79
loadout,sword,heavy,strike|guard|cut|lunge|return|unity,fire,ignite,seed|spark|blaze|heal|vine|inferno,balanced,balanced,0,0,1,1,6,6,0,104,0,32
loadout,sword,heavy,strike|guard|cut|lunge|return|unity,fire,ignite,seed|spark|blaze|heal|vine|inferno,balanced,balanced,0,1,1,1,5,5,0,66,0,58
loadout,sword,heavy,strike|guard|cut|lunge|return|unity,fire,ignite,seed|spark|blaze|heal|vine|inferno,balanced,balanced,1,0,1,1,9,10,0,156,0,78
loadout,sword,heavy,strike|guard|cut|lunge|return|unity,fire,ignite,seed|spark|blaze|heal|vine|inferno,balanced,balanced,1,1,1,1,6,7,0,103,0,14
loadout,sword,heavy,strike|guard|cut|lunge|return|unity,fire,ignite,seed|spark|blaze|heal|vine|inferno,balanced,balanced,2,0,1,0,10,8,0,125,3,0
loadout,sword,heavy,strike|guard|cut|lunge|return|unity,fire,ignite,seed|spark|blaze|heal|vine|inferno,balanced,balanced,2,1,1,1,7,5,0,30,0,46
loadout,sword,heavy,strike|guard|cut|lunge|return|unity,fire,sustain,seed|spark|blaze|heal|nourish|vine,balanced,balanced,0,0,1,1,13,11,0,149,0,132
loadout,sword,heavy,strike|guard|cut|lunge|return|unity,fire,sustain,seed|spark|blaze|heal|nourish|vine,balanced,balanced,0,1,1,1,7,7,0,48,0,32
loadout,sword,heavy,strike|guard|cut|lunge|return|unity,fire,sustain,seed|spark|blaze|heal|nourish|vine,balanced,balanced,1,0,1,1,13,11,0,176,0,202
loadout,sword,heavy,strike|guard|cut|lunge|return|unity,fire,sustain,seed|spark|blaze|heal|nourish|vine,balanced,balanced,1,1,1,1,11,7,0,58,0,32
loadout,sword,heavy,strike|guard|cut|lunge|return|unity,fire,sustain,seed|spark|blaze|heal|nourish|vine,balanced,balanced,2,0,1,1,12,13,0,136,0,200
loadout,sword,heavy,strike|guard|cut|lunge|return|unity,fire,sustain,seed|spark|blaze|heal|nourish|vine,balanced,balanced,2,1,1,1,10,7,0,38,0,26
loadout,sword,heavy,expose|guard|cut|lunge|return|unity,fire,ignite,seed|spark|blaze|heal|vine|inferno,balanced,balanced,0,0,1,1,6,6,0,191,0,191
loadout,sword,heavy,expose|guard|cut|lunge|return|unity,fire,ignite,seed|spark|blaze|heal|vine|inferno,balanced,balanced,0,1,1,1,6,6,0,30,0,30
loadout,sword,heavy,expose|guard|cut|lunge|return|unity,fire,ignite,seed|spark|blaze|heal|vine|inferno,balanced,balanced,1,0,1,1,6,6,0,141,0,140
loadout,sword,heavy,expose|guard|cut|lunge|return|unity,fire,ignite,seed|spark|blaze|heal|vine|inferno,balanced,balanced,1,1,1,1,6,6,0,30,0,30
loadout,sword,heavy,expose|guard|cut|lunge|return|unity,fire,ignite,seed|spark|blaze|heal|vine|inferno,balanced,balanced,2,0,1,1,6,6,0,141,0,140
loadout,sword,heavy,expose|guard|cut|lunge|return|unity,fire,ignite,seed|spark|blaze|heal|vine|inferno,balanced,balanced,2,1,1,1,7,7,0,201,0,201
loadout,sword,heavy,expose|guard|cut|lunge|return|unity,fire,sustain,seed|spark|blaze|heal|nourish|vine,balanced,balanced,0,0,1,1,10,9,0,100,0,24
loadout,sword,heavy,expose|guard|cut|lunge|return|unity,fire,sustain,seed|spark|blaze|heal|nourish|vine,balanced,balanced,0,1,1,1,6,6,0,210,0,210
loadout,sword,heavy,expose|guard|cut|lunge|return|unity,fire,sustain,seed|spark|blaze|heal|nourish|vine,balanced,balanced,1,0,1,1,11,11,0,171,0,171
loadout,sword,heavy,expose|guard|cut|lunge|return|unity,fire,sustain,seed|spark|blaze|heal|nourish|vine,balanced,balanced,1,1,1,1,8,8,0,210,0,210
loadout,sword,heavy,expose|guard|cut|lunge|return|unity,fire,sustain,seed|spark|blaze|heal|nourish|vine,balanced,balanced,2,0,1,1,11,11,0,132,0,116
loadout,sword,heavy,expose|guard|cut|lunge|return|unity,fire,sustain,seed|spark|blaze|heal|nourish|vine,balanced,balanced,2,1,1,1,9,9,0,210,0,210
loadout,sword,heavy,expose|strike|cut|lunge|return|unity,fire,ignite,seed|spark|blaze|heal|vine|inferno,balanced,balanced,0,0,1,1,4,4,0,52,0,52
loadout,sword,heavy,expose|strike|cut|lunge|return|unity,fire,ignite,seed|spark|blaze|heal|vine|inferno,balanced,balanced,0,1,1,1,6,6,0,87,0,46
loadout,sword,heavy,expose|strike|cut|lunge|return|unity,fire,ignite,seed|spark|blaze|heal|vine|inferno,balanced,balanced,1,0,1,1,5,5,0,32,0,51
loadout,sword,heavy,expose|strike|cut|lunge|return|unity,fire,ignite,seed|spark|blaze|heal|vine|inferno,balanced,balanced,1,1,0,1,6,5,40,0,0,24
loadout,sword,heavy,expose|strike|cut|lunge|return|unity,fire,ignite,seed|spark|blaze|heal|vine|inferno,balanced,balanced,2,0,1,1,6,5,0,23,0,109
loadout,sword,heavy,expose|strike|cut|lunge|return|unity,fire,ignite,seed|spark|blaze|heal|vine|inferno,balanced,balanced,2,1,1,0,7,6,0,69,4,0
loadout,sword,heavy,expose|strike|cut|lunge|return|unity,fire,sustain,seed|spark|blaze|heal|nourish|vine,balanced,balanced,0,0,1,1,7,7,0,26,0,96
loadout,sword,heavy,expose|strike|cut|lunge|return|unity,fire,sustain,seed|spark|blaze|heal|nourish|vine,balanced,balanced,0,1,1,1,8,6,0,26,0,5
loadout,sword,heavy,expose|strike|cut|lunge|return|unity,fire,sustain,seed|spark|blaze|heal|nourish|vine,balanced,balanced,1,0,1,1,5,5,0,94,0,94
loadout,sword,heavy,expose|strike|cut|lunge|return|unity,fire,sustain,seed|spark|blaze|heal|nourish|vine,balanced,balanced,1,1,1,0,9,7,0,8,62,0
loadout,sword,heavy,expose|strike|cut|lunge|return|unity,fire,sustain,seed|spark|blaze|heal|nourish|vine,balanced,balanced,2,0,1,1,5,5,0,71,0,71
loadout,sword,heavy,expose|strike|cut|lunge|return|unity,fire,sustain,seed|spark|blaze|heal|nourish|vine,balanced,balanced,2,1,1,1,7,6,0,118,0,146
loadout,sword,heavy,expose|strike|guard|lunge|return|unity,fire,ignite,seed|spark|blaze|heal|vine|inferno,balanced,balanced,0,0,1,0,8,7,0,130,77,0
loadout,sword,heavy,expose|strike|guard|lunge|return|unity,fire,ignite,seed|spark|blaze|heal|vine|inferno,balanced,balanced,0,1,1,1,6,6,0,97,0,79
loadout,sword,heavy,expose|strike|guard|lunge|return|unity,fire,ignite,seed|spark|blaze|heal|vine|inferno,balanced,balanced,1,0,1,1,6,6,0,141,0,140
loadout,sword,heavy,expose|strike|guard|lunge|return|unity,fire,ignite,seed|spark|blaze|heal|vine|inferno,balanced,balanced,1,1,1,1,6,6,0,82,0,66
loadout,sword,heavy,expose|strike|guard|lunge|return|unity,fire,ignite,seed|spark|blaze|heal|vine|inferno,balanced,balanced,2,0,1,1,6,6,0,141,0,140
loadout,sword,heavy,expose|strike|guard|lunge|return|unity,fire,ignite,seed|spark|blaze|heal|vine|inferno,balanced,balanced,2,1,1,1,6,6,0,126,0,126
loadout,sword,heavy,expose|strike|guard|lunge|return|unity,fire,sustain,seed|spark|blaze|heal|nourish|vine,balanced,balanced,0,0,1,1,10,11,0,125,0,39
loadout,sword,heavy,expose|strike|guard|lunge|return|unity,fire,sustain,seed|spark|blaze|heal|nourish|vine,balanced,balanced,0,1,1,1,8,7,0,26,0,27
loadout,sword,heavy,expose|strike|guard|lunge|return|unity,fire,sustain,seed|spark|blaze|heal|nourish|vine,balanced,balanced,1,0,1,1,11,11,0,153,0,153
loadout,sword,heavy,expose|strike|guard|lunge|return|unity,fire,sustain,seed|spark|blaze|heal|nourish|vine,balanced,balanced,1,1,0,1,8,8,34,0,0,91
loadout,sword,heavy,expose|strike|guard|lunge|return|unity,fire,sustain,seed|spark|blaze|heal|nourish|vine,balanced,balanced,2,0,1,1,11,11,0,133,0,117
loadout,sword,heavy,expose|strike|guard|lunge|return|unity,fire,sustain,seed|spark|blaze|heal|nourish|vine,balanced,balanced,2,1,1,1,6,6,0,195,0,183
loadout,sword,heavy,expose|strike|guard|cut|return|unity,fire,ignite,seed|spark|blaze|heal|vine|inferno,balanced,balanced,0,0,1,0,8,7,0,130,77,0
loadout,sword,heavy,expose|strike|guard|cut|return|unity,fire,ignite,seed|spark|blaze|heal|vine|inferno,balanced,balanced,0,1,1,1,6,6,0,97,0,79
loadout,sword,heavy,expose|strike|guard|cut|return|unity,fire,ignite,seed|spark|blaze|heal|vine|inferno,balanced,balanced,1,0,1,1,6,6,0,141,0,140
loadout,sword,heavy,expose|strike|guard|cut|return|unity,fire,ignite,seed|spark|blaze|heal|vine|inferno,balanced,balanced,1,1,1,1,6,6,0,82,0,66
loadout,sword,heavy,expose|strike|guard|cut|return|unity,fire,ignite,seed|spark|blaze|heal|vine|inferno,balanced,balanced,2,0,1,1,6,6,0,141,0,140
loadout,sword,heavy,expose|strike|guard|cut|return|unity,fire,ignite,seed|spark|blaze|heal|vine|inferno,balanced,balanced,2,1,1,1,6,6,0,126,0,126
loadout,sword,heavy,expose|strike|guard|cut|return|unity,fire,sustain,seed|spark|blaze|heal|nourish|vine,balanced,balanced,0,0,1,1,10,11,0,125,0,39
loadout,sword,heavy,expose|strike|guard|cut|return|unity,fire,sustain,seed|spark|blaze|heal|nourish|vine,balanced,balanced,0,1,1,1,8,7,0,26,0,27
loadout,sword,heavy,expose|strike|guard|cut|return|unity,fire,sustain,seed|spark|blaze|heal|nourish|vine,balanced,balanced,1,0,1,1,11,11,0,153,0,153
loadout,sword,heavy,expose|strike|guard|cut|return|unity,fire,sustain,seed|spark|blaze|heal|nourish|vine,balanced,balanced,1,1,0,1,8,8,34,0,0,91
loadout,sword,heavy,expose|strike|guard|cut|return|unity,fire,sustain,seed|spark|blaze|heal|nourish|vine,balanced,balanced,2,0,1,1,11,11,0,133,0,117
loadout,sword,heavy,expose|strike|guard|cut|return|unity,fire,sustain,seed|spark|blaze|heal|nourish|vine,balanced,balanced,2,1,1,1,6,6,0,195,0,183
loadout,sword,heavy,expose|strike|guard|cut|lunge|unity,fire,ignite,seed|spark|blaze|heal|vine|inferno,balanced,balanced,0,0,1,0,8,7,0,130,77,0
loadout,sword,heavy,expose|strike|guard|cut|lunge|unity,fire,ignite,seed|spark|blaze|heal|vine|inferno,balanced,balanced,0,1,1,1,6,6,0,97,0,79
loadout,sword,heavy,expose|strike|guard|cut|lunge|unity,fire,ignite,seed|spark|blaze|heal|vine|inferno,balanced,balanced,1,0,1,1,6,6,0,141,0,140
loadout,sword,heavy,expose|strike|guard|cut|lunge|unity,fire,ignite,seed|spark|blaze|heal|vine|inferno,balanced,balanced,1,1,1,1,6,6,0,82,0,66
loadout,sword,heavy,expose|strike|guard|cut|lunge|unity,fire,ignite,seed|spark|blaze|heal|vine|inferno,balanced,balanced,2,0,1,1,6,6,0,141,0,140
loadout,sword,heavy,expose|strike|guard|cut|lunge|unity,fire,ignite,seed|spark|blaze|heal|vine|inferno,balanced,balanced,2,1,1,1,6,6,0,126,0,126
loadout,sword,heavy,expose|strike|guard|cut|lunge|unity,fire,sustain,seed|spark|blaze|heal|nourish|vine,balanced,balanced,0,0,1,1,10,11,0,125,0,39
loadout,sword,heavy,expose|strike|guard|cut|lunge|unity,fire,sustain,seed|spark|blaze|heal|nourish|vine,balanced,balanced,0,1,1,0,8,6,0,26,57,0
loadout,sword,heavy,expose|strike|guard|cut|lunge|unity,fire,sustain,seed|spark|blaze|heal|nourish|vine,balanced,balanced,1,0,1,1,11,11,0,153,0,153
loadout,sword,heavy,expose|strike|guard|cut|lunge|unity,fire,sustain,seed|spark|blaze|heal|nourish|vine,balanced,balanced,1,1,0,1,8,8,34,0,0,91
loadout,sword,heavy,expose|strike|guard|cut|lunge|unity,fire,sustain,seed|spark|blaze|heal|nourish|vine,balanced,balanced,2,0,1,1,11,11,0,133,0,117
loadout,sword,heavy,expose|strike|guard|cut|lunge|unity,fire,sustain,seed|spark|blaze|heal|nourish|vine,balanced,balanced,2,1,1,1,6,6,0,195,0,183
loadout,sword,heavy,expose|strike|guard|cut|lunge|return,fire,ignite,seed|spark|blaze|heal|vine|inferno,balanced,balanced,0,0,1,1,10,7,0,69,0,7
loadout,sword,heavy,expose|strike|guard|cut|lunge|return,fire,ignite,seed|spark|blaze|heal|vine|inferno,balanced,balanced,0,1,1,1,6,6,0,60,0,52
loadout,sword,heavy,expose|strike|guard|cut|lunge|return,fire,ignite,seed|spark|blaze|heal|vine|inferno,balanced,balanced,1,0,1,0,10,8,0,75,21,0
loadout,sword,heavy,expose|strike|guard|cut|lunge|return,fire,ignite,seed|spark|blaze|heal|vine|inferno,balanced,balanced,1,1,1,1,7,7,0,70,0,46
loadout,sword,heavy,expose|strike|guard|cut|lunge|return,fire,ignite,seed|spark|blaze|heal|vine|inferno,balanced,balanced,2,0,1,1,10,9,0,85,0,15
loadout,sword,heavy,expose|strike|guard|cut|lunge|return,fire,ignite,seed|spark|blaze|heal|vine|inferno,balanced,balanced,2,1,1,1,7,7,0,80,0,56
loadout,sword,heavy,expose|strike|guard|cut|lunge|return,fire,sustain,seed|spark|blaze|heal|nourish|vine,balanced,balanced,0,0,1,1,12,11,0,190,0,138
loadout,sword,heavy,expose|strike|guard|cut|lunge|return,fire,sustain,seed|spark|blaze|heal|nourish|vine,balanced,balanced,0,1,1,0,8,9,0,26,27,0
loadout,sword,heavy,expose|strike|guard|cut|lunge|return,fire,sustain,seed|spark|blaze|heal|nourish|vine,balanced,balanced,1,0,1,1,11,11,0,151,0,138
loadout,sword,heavy,expose|strike|guard|cut|lunge|return,fire,sustain,seed|spark|blaze|heal|nourish|vine,balanced,balanced,1,1,1,1,16,12,0,159,0,56
loadout,sword,heavy,expose|strike|guard|cut|lunge|return,fire,sustain,seed|spark|blaze|heal|nourish|vine,balanced,balanced,2,0,1,1,11,11,0,161,0,179
loadout,sword,heavy,expose|strike|guard|cut|lunge|return,fire,sustain,seed|spark|blaze|heal|nourish|vine,balanced,balanced,2,1,1,1,8,8,0,59,0,27
loadout,sword,heavy,swift|guard|cut|lunge|return|unity,fire,ignite,seed|spark|blaze|heal|vine|inferno,balanced,balanced,0,0,1,1,6,6,0,132,0,132
loadout,sword,heavy,swift|guard|cut|lunge|return|unity,fire,ignite,seed|spark|blaze|heal|vine|inferno,balanced,balanced,0,1,1,1,5,5,0,72,0,72
loadout,sword,heavy,swift|guard|cut|lunge|return|unity,fire,ignite,seed|spark|blaze|heal|vine|inferno,balanced,balanced,1,0,1,1,9,9,0,198,0,113
loadout,sword,heavy,swift|guard|cut|lunge|return|unity,fire,ignite,seed|spark|blaze|heal|vine|inferno,balanced,balanced,1,1,1,1,5,5,0,114,0,114
loadout,sword,heavy,swift|guard|cut|lunge|return|unity,fire,ignite,seed|spark|blaze|heal|vine|inferno,balanced,balanced,2,0,1,1,7,6,0,155,0,129
loadout,sword,heavy,swift|guard|cut|lunge|return|unity,fire,ignite,seed|spark|blaze|heal|vine|inferno,balanced,balanced,2,1,1,1,5,5,0,114,0,114
loadout,sword,heavy,swift|guard|cut|lunge|return|unity,fire,sustain,seed|spark|blaze|heal|nourish|vine,balanced,balanced,0,0,1,1,9,9,0,210,0,200
loadout,sword,heavy,swift|guard|cut|lunge|return|unity,fire,sustain,seed|spark|blaze|heal|nourish|vine,balanced,balanced,0,1,1,1,7,7,0,78,0,78
loadout,sword,heavy,swift|guard|cut|lunge|return|unity,fire,sustain,seed|spark|blaze|heal|nourish|vine,balanced,balanced,1,0,1,1,10,10,0,168,0,164
loadout,sword,heavy,swift|guard|cut|lunge|return|unity,fire,sustain,seed|spark|blaze|heal|nourish|vine,balanced,balanced,1,1,1,1,7,7,0,148,0,148
loadout,sword,heavy,swift|guard|cut|lunge|return|unity,fire,sustain,seed|spark|blaze|heal|nourish|vine,balanced,balanced,2,0,1,1,9,9,0,168,0,168
loadout,sword,heavy,swift|guard|cut|lunge|return|unity,fire,sustain,seed|spark|blaze|heal|nourish|vine,balanced,balanced,2,1,1,1,7,7,0,148,0,148
loadout,sword,heavy,swift|strike|cut|lunge|return|unity,fire,ignite,seed|spark|blaze|heal|vine|inferno,balanced,balanced,0,0,0,0,4,4,67,0,67,0
loadout,sword,heavy,swift|strike|cut|lunge|return|unity,fire,ignite,seed|spark|blaze|heal|vine|inferno,balanced,balanced,0,1,1,1,6,5,0,114,0,72
loadout,sword,heavy,swift|strike|cut|lunge|return|unity,fire,ignite,seed|spark|blaze|heal|vine|inferno,balanced,balanced,1,0,0,0,5,5,8,0,8,0
loadout,sword,heavy,swift|strike|cut|lunge|return|unity,fire,ignite,seed|spark|blaze|heal|vine|inferno,balanced,balanced,1,1,1,1,7,7,0,95,0,36
loadout,sword,heavy,swift|strike|cut|lunge|return|unity,fire,ignite,seed|spark|blaze|heal|vine|inferno,balanced,balanced,2,0,0,0,4,4,101,0,101,0
loadout,sword,heavy,swift|strike|cut|lunge|return|unity,fire,ignite,seed|spark|blaze|heal|vine|inferno,balanced,balanced,2,1,1,1,7,5,0,28,0,85
loadout,sword,heavy,swift|strike|cut|lunge|return|unity,fire,sustain,seed|spark|blaze|heal|nourish|vine,balanced,balanced,0,0,0,0,6,6,12,0,12,0
loadout,sword,heavy,swift|strike|cut|lunge|return|unity,fire,sustain,seed|spark|blaze|heal|nourish|vine,balanced,balanced,0,1,1,1,10,7,0,4,0,78
loadout,sword,heavy,swift|strike|cut|lunge|return|unity,fire,sustain,seed|spark|blaze|heal|nourish|vine,balanced,balanced,1,0,1,1,6,6,0,16,0,8
loadout,sword,heavy,swift|strike|cut|lunge|return|unity,fire,sustain,seed|spark|blaze|heal|nourish|vine,balanced,balanced,1,1,1,1,10,10,0,50,0,25
loadout,sword,heavy,swift|strike|cut|lunge|return|unity,fire,sustain,seed|spark|blaze|heal|nourish|vine,balanced,balanced,2,0,1,1,6,6,0,5,0,5
loadout,sword,heavy,swift|strike|cut|lunge|return|unity,fire,sustain,seed|spark|blaze|heal|nourish|vine,balanced,balanced,2,1,1,1,10,8,0,50,0,74
loadout,sword,heavy,swift|strike|guard|lunge|return|unity,fire,ignite,seed|spark|blaze|heal|vine|inferno,balanced,balanced,0,0,0,0,5,5,17,0,17,0
loadout,sword,heavy,swift|strike|guard|lunge|return|unity,fire,ignite,seed|spark|blaze|heal|vine|inferno,balanced,balanced,0,1,1,1,6,5,0,124,0,72
loadout,sword,heavy,swift|strike|guard|lunge|return|unity,fire,ignite,seed|spark|blaze|heal|vine|inferno,balanced,balanced,1,0,1,1,9,9,0,198,0,73
loadout,sword,heavy,swift|strike|guard|lunge|return|unity,fire,ignite,seed|spark|blaze|heal|vine|inferno,balanced,balanced,1,1,1,1,7,7,0,95,0,35
loadout,sword,heavy,swift|strike|guard|lunge|return|unity,fire,ignite,seed|spark|blaze|heal|vine|inferno,balanced,balanced,2,0,0,0,5,5,42,0,42,0
loadout,sword,heavy,swift|strike|guard|lunge|return|unity,fire,ignite,seed|spark|blaze|heal|vine|inferno,balanced,balanced,2,1,1,1,7,5,0,28,0,85
loadout,sword,heavy,swift|strike|guard|lunge|return|unity,fire,sustain,seed|spark|blaze|heal|nourish|vine,balanced,balanced,0,0,1,1,7,7,0,71,0,63
loadout,sword,heavy,swift|strike|guard|lunge|return|unity,fire,sustain,seed|spark|blaze|heal|nourish|vine,balanced,balanced,0,1,1,1,7,7,0,78,0,78
loadout,sword,heavy,swift|strike|guard|lunge|return|unity,fire,sustain,seed|spark|blaze|heal|nourish|vine,balanced,balanced,1,0,1,1,10,10,0,157,0,153
loadout,sword,heavy,swift|strike|guard|lunge|return|unity,fire,sustain,seed|spark|blaze|heal|nourish|vine,balanced,balanced,1,1,1,1,10,10,0,50,0,25
loadout,sword,heavy,swift|strike|guard|lunge|return|unity,fire,sustain,seed|spark|blaze|heal|nourish|vine,balanced,balanced,2,0,1,1,7,7,0,106,0,90
loadout,sword,heavy,swift|strike|guard|lunge|return|unity,fire,sustain,seed|spark|blaze|heal|nourish|vine,balanced,balanced,2,1,1,1,10,8,0,50,0,74
loadout,sword,heavy,swift|strike|guard|cut|return|unity,fire,ignite,seed|spark|blaze|heal|vine|inferno,balanced,balanced,0,0,0,0,5,5,17,0,17,0
loadout,sword,heavy,swift|strike|guard|cut|return|unity,fire,ignite,seed|spark|blaze|heal|vine|inferno,balanced,balanced,0,1,1,1,4,4,0,78,0,78
loadout,sword,heavy,swift|strike|guard|cut|return|unity,fire,ignite,seed|spark|blaze|heal|vine|inferno,balanced,balanced,1,0,1,1,9,9,0,198,0,113
loadout,sword,heavy,swift|strike|guard|cut|return|unity,fire,ignite,seed|spark|blaze|heal|vine|inferno,balanced,balanced,1,1,1,1,7,7,0,95,0,36
loadout,sword,heavy,swift|strike|guard|cut|return|unity,fire,ignite,seed|spark|blaze|heal|vine|inferno,balanced,balanced,2,0,0,0,5,5,42,0,42,0
loadout,sword,heavy,swift|strike|guard|cut|return|unity,fire,ignite,seed|spark|blaze|heal|vine|inferno,balanced,balanced,2,1,1,1,7,5,0,28,0,85
loadout,sword,heavy,swift|strike|guard|cut|return|unity,fire,sustain,seed|spark|blaze|heal|nourish|vine,balanced,balanced,0,0,1,1,7,7,0,72,0,64
loadout,sword,heavy,swift|strike|guard|cut|return|unity,fire,sustain,seed|spark|blaze|heal|nourish|vine,balanced,balanced,0,1,1,1,7,7,0,78,0,88
loadout,sword,heavy,swift|strike|guard|cut|return|unity,fire,sustain,seed|spark|blaze|heal|nourish|vine,balanced,balanced,1,0,1,1,10,10,0,157,0,153
loadout,sword,heavy,swift|strike|guard|cut|return|unity,fire,sustain,seed|spark|blaze|heal|nourish|vine,balanced,balanced,1,1,1,1,10,10,0,50,0,25
loadout,sword,heavy,swift|strike|guard|cut|return|unity,fire,sustain,seed|spark|blaze|heal|nourish|vine,balanced,balanced,2,0,1,1,7,7,0,106,0,90
loadout,sword,heavy,swift|strike|guard|cut|return|unity,fire,sustain,seed|spark|blaze|heal|nourish|vine,balanced,balanced,2,1,1,1,10,8,0,50,0,74
loadout,sword,heavy,swift|strike|guard|cut|lunge|unity,fire,ignite,seed|spark|blaze|heal|vine|inferno,balanced,balanced,0,0,0,0,5,5,17,0,17,0
loadout,sword,heavy,swift|strike|guard|cut|lunge|unity,fire,ignite,seed|spark|blaze|heal|vine|inferno,balanced,balanced,0,1,1,1,6,5,0,124,0,72
loadout,sword,heavy,swift|strike|guard|cut|lunge|unity,fire,ignite,seed|spark|blaze|heal|vine|inferno,balanced,balanced,1,0,1,1,9,9,0,186,0,174
loadout,sword,heavy,swift|strike|guard|cut|lunge|unity,fire,ignite,seed|spark|blaze|heal|vine|inferno,balanced,balanced,1,1,1,1,7,7,0,95,0,36
loadout,sword,heavy,swift|strike|guard|cut|lunge|unity,fire,ignite,seed|spark|blaze|heal|vine|inferno,balanced,balanced,2,0,0,0,5,5,42,0,42,0
loadout,sword,heavy,swift|strike|guard|cut|lunge|unity,fire,ignite,seed|spark|blaze|heal|vine|inferno,balanced,balanced,2,1,1,1,7,5,0,28,0,85
loadout,sword,heavy,swift|strike|guard|cut|lunge|unity,fire,sustain,seed|spark|blaze|heal|nourish|vine,balanced,balanced,0,0,1,1,7,7,0,71,0,63
loadout,sword,heavy,swift|strike|guard|cut|lunge|unity,fire,sustain,seed|spark|blaze|heal|nourish|vine,balanced,balanced,0,1,1,1,7,7,0,78,0,78
loadout,sword,heavy,swift|strike|guard|cut|lunge|unity,fire,sustain,seed|spark|blaze|heal|nourish|vine,balanced,balanced,1,0,1,1,10,10,0,157,0,153
loadout,sword,heavy,swift|strike|guard|cut|lunge|unity,fire,sustain,seed|spark|blaze|heal|nourish|vine,balanced,balanced,1,1,1,1,10,10,0,50,0,25
loadout,sword,heavy,swift|strike|guard|cut|lunge|unity,fire,sustain,seed|spark|blaze|heal|nourish|vine,balanced,balanced,2,0,1,1,7,7,0,106,0,90
loadout,sword,heavy,swift|strike|guard|cut|lunge|unity,fire,sustain,seed|spark|blaze|heal|nourish|vine,balanced,balanced,2,1,1,1,10,8,0,50,0,74
loadout,sword,heavy,swift|strike|guard|cut|lunge|return,fire,ignite,seed|spark|blaze|heal|vine|inferno,balanced,balanced,0,0,0,0,5,5,17,0,17,0
loadout,sword,heavy,swift|strike|guard|cut|lunge|return,fire,ignite,seed|spark|blaze|heal|vine|inferno,balanced,balanced,0,1,1,1,6,5,0,40,0,72
loadout,sword,heavy,swift|strike|guard|cut|lunge|return,fire,ignite,seed|spark|blaze|heal|vine|inferno,balanced,balanced,1,0,1,0,10,7,0,148,38,0
loadout,sword,heavy,swift|strike|guard|cut|lunge|return,fire,ignite,seed|spark|blaze|heal|vine|inferno,balanced,balanced,1,1,1,1,7,7,0,95,0,101
loadout,sword,heavy,swift|strike|guard|cut|lunge|return,fire,ignite,seed|spark|blaze|heal|vine|inferno,balanced,balanced,2,0,0,0,5,5,53,0,53,0
loadout,sword,heavy,swift|strike|guard|cut|lunge|return,fire,ignite,seed|spark|blaze|heal|vine|inferno,balanced,balanced,2,1,1,1,7,5,0,28,0,85
loadout,sword,heavy,swift|strike|guard|cut|lunge|return,fire,sustain,seed|spark|blaze|heal|nourish|vine,balanced,balanced,0,0,1,1,11,12,0,150,0,111
loadout,sword,heavy,swift|strike|guard|cut|lunge|return,fire,sustain,seed|spark|blaze|heal|nourish|vine,balanced,balanced,0,1,1,1,7,7,0,78,0,78
loadout,sword,heavy,swift|strike|guard|cut|lunge|return,fire,sustain,seed|spark|blaze|heal|nourish|vine,balanced,balanced,1,0,1,1,11,8,0,76,0,21
loadout,sword,heavy,swift|strike|guard|cut|lunge|return,fire,sustain,seed|spark|blaze|heal|nourish|vine,balanced,balanced,1,1,1,1,10,10,0,50,0,25
loadout,sword,heavy,swift|strike|guard|cut|lunge|return,fire,sustain,seed|spark|blaze|heal|nourish|vine,balanced,balanced,2,0,1,1,10,8,0,114,0,11
loadout,sword,heavy,swift|strike|guard|cut|lunge|return,fire,sustain,seed|spark|blaze|heal|nourish|vine,balanced,balanced,2,1,1,1,10,8,0,50,0,74
loadout,sword,heavy,swift|expose|cut|lunge|return|unity,fire,ignite,seed|spark|blaze|heal|vine|inferno,balanced,balanced,0,0,1,1,4,4,0,89,0,89
loadout,sword,heavy,swift|expose|cut|lunge|return|unity,fire,ignite,seed|spark|blaze|heal|vine|inferno,balanced,balanced,0,1,1,1,5,5,0,72,0,72
loadout,sword,heavy,swift|expose|cut|lunge|return|unity,fire,ignite,seed|spark|blaze|heal|vine|inferno,balanced,balanced,1,0,1,1,5,5,0,88,0,88
loadout,sword,heavy,swift|expose|cut|lunge|return|unity,fire,ignite,seed|spark|blaze|heal|vine|inferno,balanced,balanced,1,1,1,1,5,5,0,114,0,114
loadout,sword,heavy,swift|expose|cut|lunge|return|unity,fire,ignite,seed|spark|blaze|heal|vine|inferno,balanced,balanced,2,0,1,1,4,4,0,26,0,26
loadout,sword,heavy,swift|expose|cut|lunge|return|unity,fire,ignite,seed|spark|blaze|heal|vine|inferno,balanced,balanced,2,1,1,1,5,5,0,114,0,114
loadout,sword,heavy,swift|expose|cut|lunge|return|unity,fire,sustain,seed|spark|blaze|heal|nourish|vine,balanced,balanced,0,0,0,0,5,5,20,0,20,0
loadout,sword,heavy,swift|expose|cut|lunge|return|unity,fire,sustain,seed|spark|blaze|heal|nourish|vine,balanced,balanced,0,1,1,1,7,7,0,78,0,78
loadout,sword,heavy,swift|expose|cut|lunge|return|unity,fire,sustain,seed|spark|blaze|heal|nourish|vine,balanced,balanced,1,0,1,1,5,5,0,77,0,77
loadout,sword,heavy,swift|expose|cut|lunge|return|unity,fire,sustain,seed|spark|blaze|heal|nourish|vine,balanced,balanced,1,1,1,1,7,7,0,148,0,148
loadout,sword,heavy,swift|expose|cut|lunge|return|unity,fire,sustain,seed|spark|blaze|heal|nourish|vine,balanced,balanced,2,0,1,1,6,6,0,4,0,4
loadout,sword,heavy,swift|expose|cut|lunge|return|unity,fire,sustain,seed|spark|blaze|heal|nourish|vine,balanced,balanced,2,1,1,1,7,7,0,148,0,148
loadout,sword,heavy,swift|expose|guard|lunge|return|unity,fire,ignite,seed|spark|blaze|heal|vine|inferno,balanced,balanced,0,0,1,1,7,6,0,139,0,105
loadout,sword,heavy,swift|expose|guard|lunge|return|unity,fire,ignite,seed|spark|blaze|heal|vine|inferno,balanced,balanced,0,1,1,1,5,5,0,72,0,72
loadout,sword,heavy,swift|expose|guard|lunge|return|unity,fire,ignite,seed|spark|blaze|heal|vine|inferno,balanced,balanced,1,0,1,1,10,7,0,142,0,77
loadout,sword,heavy,swift|expose|guard|lunge|return|unity,fire,ignite,seed|spark|blaze|heal|vine|inferno,balanced,balanced,1,1,1,1,5,5,0,114,0,114
loadout,sword,heavy,swift|expose|guard|lunge|return|unity,fire,ignite,seed|spark|blaze|heal|vine|inferno,balanced,balanced,2,0,1,1,6,6,0,193,0,185
loadout,sword,heavy,swift|expose|guard|lunge|return|unity,fire,ignite,seed|spark|blaze|heal|vine|inferno,balanced,balanced,2,1,1,1,5,5,0,114,0,114
loadout,sword,heavy,swift|expose|guard|lunge|return|unity,fire,sustain,seed|spark|blaze|heal|nourish|vine,balanced,balanced,0,0,1,1,11,11,0,141,0,117
loadout,sword,heavy,swift|expose|guard|lunge|return|unity,fire,sustain,seed|spark|blaze|heal|nourish|vine,balanced,balanced,0,1,1,1,7,7,0,78,0,78
loadout,sword,heavy,swift|expose|guard|lunge|return|unity,fire,sustain,seed|spark|blaze|heal|nourish|vine,balanced,balanced,1,0,1,1,10,10,0,139,0,123
loadout,sword,heavy,swift|expose|guard|lunge|return|unity,fire,sustain,seed|spark|blaze|heal|nourish|vine,balanced,balanced,1,1,1,1,7,7,0,148,0,148
loadout,sword,heavy,swift|expose|guard|lunge|return|unity,fire,sustain,seed|spark|blaze|heal|nourish|vine,balanced,balanced,2,0,1,1,8,8,0,203,0,184
loadout,sword,heavy,swift|expose|guard|lunge|return|unity,fire,sustain,seed|spark|blaze|heal|nourish|vine,balanced,balanced,2,1,1,1,7,7,0,148,0,148
loadout,sword,heavy,swift|expose|guard|cut|return|unity,fire,ignite,seed|spark|blaze|heal|vine|inferno,balanced,balanced,0,0,1,1,6,6,0,155,0,129
loadout,sword,heavy,swift|expose|guard|cut|return|unity,fire,ignite,seed|spark|blaze|heal|vine|inferno,balanced,balanced,0,1,1,1,5,5,0,114,0,114
loadout,sword,heavy,swift|expose|guard|cut|return|unity,fire,ignite,seed|spark|blaze|heal|vine|inferno,balanced,balanced,1,0,1,1,10,7,0,127,0,77
loadout,sword,heavy,swift|expose|guard|cut|return|unity,fire,ignite,seed|spark|blaze|heal|vine|inferno,balanced,balanced,1,1,1,1,5,5,0,114,0,114
loadout,sword,heavy,swift|expose|guard|cut|return|unity,fire,ignite,seed|spark|blaze|heal|vine|inferno,balanced,balanced,2,0,1,1,6,6,0,193,0,185
loadout,sword,heavy,swift|expose|guard|cut|return|unity,fire,ignite,seed|spark|blaze|heal|vine|inferno,balanced,balanced,2,1,1,1,5,5,0,114,0,114
loadout,sword,heavy,swift|expose|guard|cut|return|unity,fire,sustain,seed|spark|blaze|heal|nourish|vine,balanced,balanced,0,0,1,1,7,7,0,185,0,131
loadout,sword,heavy,swift|expose|guard|cut|return|unity,fire,sustain,seed|spark|blaze|heal|nourish|vine,balanced,balanced,0,1,1,1,7,7,0,148,0,148
loadout,sword,heavy,swift|expose|guard|cut|return|unity,fire,sustain,seed|spark|blaze|heal|nourish|vine,balanced,balanced,1,0,1,1,10,10,0,139,0,123
loadout,sword,heavy,swift|expose|guard|cut|return|unity,fire,sustain,seed|spark|blaze|heal|nourish|vine,balanced,balanced,1,1,1,1,7,7,0,148,0,148
loadout,sword,heavy,swift|expose|guard|cut|return|unity,fire,sustain,seed|spark|blaze|heal|nourish|vine,balanced,balanced,2,0,1,1,8,8,0,203,0,184
loadout,sword,heavy,swift|expose|guard|cut|return|unity,fire,sustain,seed|spark|blaze|heal|nourish|vine,balanced,balanced,2,1,1,1,7,7,0,148,0,148
loadout,sword,heavy,swift|expose|guard|cut|lunge|unity,fire,ignite,seed|spark|blaze|heal|vine|inferno,balanced,balanced,0,0,1,1,7,6,0,167,0,133
loadout,sword,heavy,swift|expose|guard|cut|lunge|unity,fire,ignite,seed|spark|blaze|heal|vine|inferno,balanced,balanced,0,1,1,1,5,5,0,72,0,72
loadout,sword,heavy,swift|expose|guard|cut|lunge|unity,fire,ignite,seed|spark|blaze|heal|vine|inferno,balanced,balanced,1,0,1,1,7,7,0,179,0,171
loadout,sword,heavy,swift|expose|guard|cut|lunge|unity,fire,ignite,seed|spark|blaze|heal|vine|inferno,balanced,balanced,1,1,1,1,5,5,0,114,0,114
loadout,sword,heavy,swift|expose|guard|cut|lunge|unity,fire,ignite,seed|spark|blaze|heal|vine|inferno,balanced,balanced,2,0,1,1,6,6,0,193,0,185
loadout,sword,heavy,swift|expose|guard|cut|lunge|unity,fire,ignite,seed|spark|blaze|heal|vine|inferno,balanced,balanced,2,1,1,1,5,5,0,114,0,114
loadout,sword,heavy,swift|expose|guard|cut|lunge|unity,fire,sustain,seed|spark|blaze|heal|nourish|vine,balanced,balanced,0,0,1,1,10,11,0,202,0,159
loadout,sword,heavy,swift|expose|guard|cut|lunge|unity,fire,sustain,seed|spark|blaze|heal|nourish|vine,balanced,balanced,0,1,1,1,7,7,0,78,0,78
loadout,sword,heavy,swift|expose|guard|cut|lunge|unity,fire,sustain,seed|spark|blaze|heal|nourish|vine,balanced,balanced,1,0,1,1,9,10,0,201,0,202
loadout,sword,heavy,swift|expose|guard|cut|lunge|unity,fire,sustain,seed|spark|blaze|heal|nourish|vine,balanced,balanced,1,1,1,1,7,7,0,148,0,148
loadout,sword,heavy,swift|expose|guard|cut|lunge|unity,fire,sustain,seed|spark|blaze|heal|nourish|vine,balanced,balanced,2,0,1,1,9,9,0,179,0,154
loadout,sword,heavy,swift|expose|guard|cut|lunge|unity,fire,sustain,seed|spark|blaze|heal|nourish|vine,balanced,balanced,2,1,1,1,7,7,0,148,0,148
loadout,sword,heavy,swift|expose|guard|cut|lunge|return,fire,ignite,seed|spark|blaze|heal|vine|inferno,balanced,balanced,0,0,0,0,9,8,44,0,72,0
loadout,sword,heavy,swift|expose|guard|cut|lunge|return,fire,ignite,seed|spark|blaze|heal|vine|inferno,balanced,balanced,0,1,1,1,5,5,0,72,0,72
loadout,sword,heavy,swift|expose|guard|cut|lunge|return,fire,ignite,seed|spark|blaze|heal|vine|inferno,balanced,balanced,1,0,1,0,8,8,0,37,28,0
loadout,sword,heavy,swift|expose|guard|cut|lunge|return,fire,ignite,seed|spark|blaze|heal|vine|inferno,balanced,balanced,1,1,1,1,5,5,0,114,0,114
loadout,sword,heavy,swift|expose|guard|cut|lunge|return,fire,ignite,seed|spark|blaze|heal|vine|inferno,balanced,balanced,2,0,0,0,6,6,62,0,62,0
loadout,sword,heavy,swift|expose|guard|cut|lunge|return,fire,ignite,seed|spark|blaze|heal|vine|inferno,balanced,balanced,2,1,1,1,5,5,0,114,0,114
loadout,sword,heavy,swift|expose|guard|cut|lunge|return,fire,sustain,seed|spark|blaze|heal|nourish|vine,balanced,balanced,0,0,1,1,13,13,0,151,0,151
loadout,sword,heavy,swift|expose|guard|cut|lunge|return,fire,sustain,seed|spark|blaze|heal|nourish|vine,balanced,balanced,0,1,1,1,7,7,0,78,0,78
loadout,sword,heavy,swift|expose|guard|cut|lunge|return,fire,sustain,seed|spark|blaze|heal|nourish|vine,balanced,balanced,1,0,1,1,14,14,0,151,0,151
loadout,sword,heavy,swift|expose|guard|cut|lunge|return,fire,sustain,seed|spark|blaze|heal|nourish|vine,balanced,balanced,1,1,1,1,7,7,0,148,0,148
loadout,sword,heavy,swift|expose|guard|cut|lunge|return,fire,sustain,seed|spark|blaze|heal|nourish|vine,balanced,balanced,2,0,1,1,13,13,0,151,0,151
loadout,sword,heavy,swift|expose|guard|cut|lunge|return,fire,sustain,seed|spark|blaze|heal|nourish|vine,balanced,balanced,2,1,1,1,7,7,0,148,0,148
loadout,sword,heavy,swift|expose|strike|lunge|return|unity,fire,ignite,seed|spark|blaze|heal|vine|inferno,balanced,balanced,0,0,0,0,4,4,67,0,67,0
loadout,sword,heavy,swift|expose|strike|lunge|return|unity,fire,ignite,seed|spark|blaze|heal|vine|inferno,balanced,balanced,0,1,0,1,5,5,44,0,0,72
loadout,sword,heavy,swift|expose|strike|lunge|return|unity,fire,ignite,seed|spark|blaze|heal|vine|inferno,balanced,balanced,1,0,1,1,5,5,0,68,0,68
loadout,sword,heavy,swift|expose|strike|lunge|return|unity,fire,ignite,seed|spark|blaze|heal|vine|inferno,balanced,balanced,1,1,1,1,8,8,0,96,0,56
loadout,sword,heavy,swift|expose|strike|lunge|return|unity,fire,ignite,seed|spark|blaze|heal|vine|inferno,balanced,balanced,2,0,0,0,4,4,85,0,85,0
loadout,sword,heavy,swift|expose|strike|lunge|return|unity,fire,ignite,seed|spark|blaze|heal|vine|inferno,balanced,balanced,2,1,1,1,7,7,0,65,0,7
loadout,sword,heavy,swift|expose|strike|lunge|return|unity,fire,sustain,seed|spark|blaze|heal|nourish|vine,balanced,balanced,0,0,0,0,5,5,20,0,20,0
loadout,sword,heavy,swift|expose|strike|lunge|return|unity,fire,sustain,seed|spark|blaze|heal|nourish|vine,balanced,balanced,0,1,1,1,8,9,0,52,0,16
loadout,sword,heavy,swift|expose|strike|lunge|return|unity,fire,sustain,seed|spark|blaze|heal|nourish|vine,balanced,balanced,1,0,1,1,6,5,0,29,0,42
loadout,sword,heavy,swift|expose|strike|lunge|return|unity,fire,sustain,seed|spark|blaze|heal|nourish|vine,balanced,balanced,1,1,1,1,7,7,0,59,0,61
loadout,sword,heavy,swift|expose|strike|lunge|return|unity,fire,sustain,seed|spark|blaze|heal|nourish|vine,balanced,balanced,2,0,1,1,5,5,0,23,0,23
loadout,sword,heavy,swift|expose|strike|lunge|return|unity,fire,sustain,seed|spark|blaze|heal|nourish|vine,balanced,balanced,2,1,1,1,9,8,0,105,0,37
loadout,sword,heavy,swift|expose|strike|cut|return|unity,fire,ignite,seed|spark|blaze|heal|vine|inferno,balanced,balanced,0,0,0,0,4,4,49,0,49,0
loadout,sword,heavy,swift|expose|strike|cut|return|unity,fire,ignite,seed|spark|blaze|heal|vine|inferno,balanced,balanced,0,1,1,1,4,4,0,78,0,78
loadout,sword,heavy,swift|expose|strike|cut|return|unity,fire,ignite,seed|spark|blaze|heal|vine|inferno,balanced,balanced,1,0,1,1,5,5,0,88,0,88
loadout,sword,heavy,swift|expose|strike|cut|return|unity,fire,ignite,seed|spark|blaze|heal|vine|inferno,balanced,balanced,1,1,1,1,8,8,0,96,0,56
loadout,sword,heavy,swift|expose|strike|cut|return|unity,fire,ignite,seed|spark|blaze|heal|vine|inferno,balanced,balanced,2,0,0,0,4,4,85,0,85,0
loadout,sword,heavy,swift|expose|strike|cut|return|unity,fire,ignite,seed|spark|blaze|heal|vine|inferno,balanced,balanced,2,1,1,1,7,7,0,50,0,7
loadout,sword,heavy,swift|expose|strike|cut|return|unity,fire,sustain,seed|spark|blaze|heal|nourish|vine,balanced,balanced,0,0,0,0,5,5,26,0,26,0
loadout,sword,heavy,swift|expose|strike|cut|return|unity,fire,sustain,seed|spark|blaze|heal|nourish|vine,balanced,balanced,0,1,1,1,8,9,0,52,0,16
loadout,sword,heavy,swift|expose|strike|cut|return|unity,fire,sustain,seed|spark|blaze|heal|nourish|vine,balanced,balanced,1,0,1,1,6,5,0,29,0,42
loadout,sword,heavy,swift|expose|strike|cut|return|unity,fire,sustain,seed|spark|blaze|heal|nourish|vine,balanced,balanced,1,1,1,1,7,7,0,59,0,61
loadout,sword,heavy,swift|expose|strike|cut|return|unity,fire,sustain,seed|spark|blaze|heal|nourish|vine,balanced,balanced,2,0,1,1,5,5,0,23,0,23
loadout,sword,heavy,swift|expose|strike|cut|return|unity,fire,sustain,seed|spark|blaze|heal|nourish|vine,balanced,balanced,2,1,1,1,9,8,0,105,0,37
loadout,sword,heavy,swift|expose|strike|cut|lunge|unity,fire,ignite,seed|spark|blaze|heal|vine|inferno,balanced,balanced,0,0,0,0,4,4,67,0,67,0
loadout,sword,heavy,swift|expose|strike|cut|lunge|unity,fire,ignite,seed|spark|blaze|heal|vine|inferno,balanced,balanced,0,1,0,1,5,5,44,0,0,72
loadout,sword,heavy,swift|expose|strike|cut|lunge|unity,fire,ignite,seed|spark|blaze|heal|vine|inferno,balanced,balanced,1,0,1,1,5,5,0,88,0,88
loadout,sword,heavy,swift|expose|strike|cut|lunge|unity,fire,ignite,seed|spark|blaze|heal|vine|inferno,balanced,balanced,1,1,1,1,8,8,0,96,0,56
loadout,sword,heavy,swift|expose|strike|cut|lunge|unity,fire,ignite,seed|spark|blaze|heal|vine|inferno,balanced,balanced,2,0,0,0,4,4,85,0,85,0
loadout,sword,heavy,swift|expose|strike|cut|lunge|unity,fire,ignite,seed|spark|blaze|heal|vine|inferno,balanced,balanced,2,1,1,1,7,7,0,50,0,7
loadout,sword,heavy,swift|expose|strike|cut|lunge|unity,fire,sustain,seed|spark|blaze|heal|nourish|vine,balanced,balanced,0,0,0,0,5,5,20,0,20,0
loadout,sword,heavy,swift|expose|strike|cut|lunge|unity,fire,sustain,seed|spark|blaze|heal|nourish|vine,balanced,balanced,0,1,1,1,8,9,0,52,0,16
loadout,sword,heavy,swift|expose|strike|cut|lunge|unity,fire,sustain,seed|spark|blaze|heal|nourish|vine,balanced,balanced,1,0,1,1,6,5,0,24,0,42
loadout,sword,heavy,swift|expose|strike|cut|lunge|unity,fire,sustain,seed|spark|blaze|heal|nourish|vine,balanced,balanced,1,1,1,1,7,7,0,59,0,61
loadout,sword,heavy,swift|expose|strike|cut|lunge|unity,fire,sustain,seed|spark|blaze|heal|nourish|vine,balanced,balanced,2,0,1,1,5,5,0,23,0,23
loadout,sword,heavy,swift|expose|strike|cut|lunge|unity,fire,sustain,seed|spark|blaze|heal|nourish|vine,balanced,balanced,2,1,1,1,9,8,0,105,0,37
loadout,sword,heavy,swift|expose|strike|cut|lunge|return,fire,ignite,seed|spark|blaze|heal|vine|inferno,balanced,balanced,0,0,0,0,4,4,67,0,67,0
loadout,sword,heavy,swift|expose|strike|cut|lunge|return,fire,ignite,seed|spark|blaze|heal|vine|inferno,balanced,balanced,0,1,1,1,6,5,0,70,0,72
loadout,sword,heavy,swift|expose|strike|cut|lunge|return,fire,ignite,seed|spark|blaze|heal|vine|inferno,balanced,balanced,1,0,1,1,5,5,0,24,0,24
loadout,sword,heavy,swift|expose|strike|cut|lunge|return,fire,ignite,seed|spark|blaze|heal|vine|inferno,balanced,balanced,1,1,1,1,8,8,0,96,0,56
loadout,sword,heavy,swift|expose|strike|cut|lunge|return,fire,ignite,seed|spark|blaze|heal|vine|inferno,balanced,balanced,2,0,0,0,4,4,85,0,85,0
loadout,sword,heavy,swift|expose|strike|cut|lunge|return,fire,ignite,seed|spark|blaze|heal|vine|inferno,balanced,balanced,2,1,1,1,7,7,0,50,0,7
loadout,sword,heavy,swift|expose|strike|cut|lunge|return,fire,sustain,seed|spark|blaze|heal|nourish|vine,balanced,balanced,0,0,1,1,6,6,0,20,0,20
loadout,sword,heavy,swift|expose|strike|cut|lunge|return,fire,sustain,seed|spark|blaze|heal|nourish|vine,balanced,balanced,0,1,1,1,8,9,0,17,0,16
loadout,sword,heavy,swift|expose|strike|cut|lunge|return,fire,sustain,seed|spark|blaze|heal|nourish|vine,balanced,balanced,1,0,1,1,6,6,0,43,0,35
loadout,sword,heavy,swift|expose|strike|cut|lunge|return,fire,sustain,seed|spark|blaze|heal|nourish|vine,balanced,balanced,1,1,1,1,7,7,0,73,0,61
loadout,sword,heavy,swift|expose|strike|cut|lunge|return,fire,sustain,seed|spark|blaze|heal|nourish|vine,balanced,balanced,2,0,1,1,5,5,0,23,0,23
loadout,sword,heavy,swift|expose|strike|cut|lunge|return,fire,sustain,seed|spark|blaze|heal|nourish|vine,balanced,balanced,2,1,1,1,9,8,0,105,0,37
loadout,sword,heavy,swift|expose|strike|guard|return|unity,fire,ignite,seed|spark|blaze|heal|vine|inferno,balanced,balanced,0,0,1,1,4,4,0,7,0,7
loadout,sword,heavy,swift|expose|strike|guard|return|unity,fire,ignite,seed|spark|blaze|heal|vine|inferno,balanced,balanced,0,1,1,1,4,4,0,78,0,78
loadout,sword,heavy,swift|expose|strike|guard|return|unity,fire,ignite,seed|spark|blaze|heal|vine|inferno,balanced,balanced,1,0,1,0,7,7,0,26,20,0
loadout,sword,heavy,swift|expose|strike|guard|return|unity,fire,ignite,seed|spark|blaze|heal|vine|inferno,balanced,balanced,1,1,1,1,8,8,0,96,0,56
loadout,sword,heavy,swift|expose|strike|guard|return|unity,fire,ignite,seed|spark|blaze|heal|vine|inferno,balanced,balanced,2,0,1,1,6,6,0,193,0,185
loadout,sword,heavy,swift|expose|strike|guard|return|unity,fire,ignite,seed|spark|blaze|heal|vine|inferno,balanced,balanced,2,1,1,1,7,7,0,65,0,7
loadout,sword,heavy,swift|expose|strike|guard|return|unity,fire,sustain,seed|spark|blaze|heal|nourish|vine,balanced,balanced,0,0,0,0,5,5,57,0,57,0
loadout,sword,heavy,swift|expose|strike|guard|return|unity,fire,sustain,seed|spark|blaze|heal|nourish|vine,balanced,balanced,0,1,1,1,8,9,0,52,0,16
loadout,sword,heavy,swift|expose|strike|guard|return|unity,fire,sustain,seed|spark|blaze|heal|nourish|vine,balanced,balanced,1,0,1,1,6,6,0,46,0,38
loadout,sword,heavy,swift|expose|strike|guard|return|unity,fire,sustain,seed|spark|blaze|heal|nourish|vine,balanced,balanced,1,1,1,1,7,7,0,59,0,61
loadout,sword,heavy,swift|expose|strike|guard|return|unity,fire,sustain,seed|spark|blaze|heal|nourish|vine,balanced,balanced,2,0,0,0,6,6,16,0,16,0
loadout,sword,heavy,swift|expose|strike|guard|return|unity,fire,sustain,seed|spark|blaze|heal|nourish|vine,balanced,balanced,2,1,1,1,9,8,0,105,0,37
loadout,sword,heavy,swift|expose|strike|guard|lunge|unity,fire,ignite,seed|spark|blaze|heal|vine|inferno,balanced,balanced,0,0,0,0,4,4,52,0,52,0
loadout,sword,heavy,swift|expose|strike|guard|lunge|unity,fire,ignite,seed|spark|blaze|heal|vine|inferno,balanced,balanced,0,1,0,1,5,5,44,0,0,72
loadout,sword,heavy,swift|expose|strike|guard|lunge|unity,fire,ignite,seed|spark|blaze|heal|vine|inferno,balanced,balanced,1,0,1,0,7,7,0,26,20,0
loadout,sword,heavy,swift|expose|strike|guard|lunge|unity,fire,ignite,seed|spark|blaze|heal|vine|inferno,balanced,balanced,1,1,1,1,8,8,0,96,0,56
loadout,sword,heavy,swift|expose|strike|guard|lunge|unity,fire,ignite,seed|spark|blaze|heal|vine|inferno,balanced,balanced,2,0,1,1,6,6,0,193,0,185
loadout,sword,heavy,swift|expose|strike|guard|lunge|unity,fire,ignite,seed|spark|blaze|heal|vine|inferno,balanced,balanced,2,1,1,1,7,7,0,65,0,7
loadout,sword,heavy,swift|expose|strike|guard|lunge|unity,fire,sustain,seed|spark|blaze|heal|nourish|vine,balanced,balanced,0,0,0,0,5,5,57,0,57,0
loadout,sword,heavy,swift|expose|strike|guard|lunge|unity,fire,sustain,seed|spark|blaze|heal|nourish|vine,balanced,balanced,0,1,1,1,8,9,0,52,0,16
loadout,sword,heavy,swift|expose|strike|guard|lunge|unity,fire,sustain,seed|spark|blaze|heal|nourish|vine,balanced,balanced,1,0,1,1,6,6,0,46,0,38
loadout,sword,heavy,swift|expose|strike|guard|lunge|unity,fire,sustain,seed|spark|blaze|heal|nourish|vine,balanced,balanced,1,1,1,1,7,7,0,59,0,61
loadout,sword,heavy,swift|expose|strike|guard|lunge|unity,fire,sustain,seed|spark|blaze|heal|nourish|vine,balanced,balanced,2,0,0,0,6,6,16,0,16,0
loadout,sword,heavy,swift|expose|strike|guard|lunge|unity,fire,sustain,seed|spark|blaze|heal|nourish|vine,balanced,balanced,2,1,1,1,9,8,0,105,0,37
loadout,sword,heavy,swift|expose|strike|guard|lunge|return,fire,ignite,seed|spark|blaze|heal|vine|inferno,balanced,balanced,0,0,0,0,4,4,52,0,52,0
loadout,sword,heavy,swift|expose|strike|guard|lunge|return,fire,ignite,seed|spark|blaze|heal|vine|inferno,balanced,balanced,0,1,1,1,6,5,0,70,0,72
loadout,sword,heavy,swift|expose|strike|guard|lunge|return,fire,ignite,seed|spark|blaze|heal|vine|inferno,balanced,balanced,1,0,1,0,7,7,0,21,71,0
loadout,sword,heavy,swift|expose|strike|guard|lunge|return,fire,ignite,seed|spark|blaze|heal|vine|inferno,balanced,balanced,1,1,1,1,8,8,0,96,0,56
loadout,sword,heavy,swift|expose|strike|guard|lunge|return,fire,ignite,seed|spark|blaze|heal|vine|inferno,balanced,balanced,2,0,0,0,4,4,50,0,50,0
loadout,sword,heavy,swift|expose|strike|guard|lunge|return,fire,ignite,seed|spark|blaze|heal|vine|inferno,balanced,balanced,2,1,1,1,6,6,0,65,0,49
loadout,sword,heavy,swift|expose|strike|guard|lunge|return,fire,sustain,seed|spark|blaze|heal|nourish|vine,balanced,balanced,0,0,0,0,5,5,57,0,57,0
loadout,sword,heavy,swift|expose|strike|guard|lunge|return,fire,sustain,seed|spark|blaze|heal|nourish|vine,balanced,balanced,0,1,1,1,8,9,0,17,0,16
loadout,sword,heavy,swift|expose|strike|guard|lunge|return,fire,sustain,seed|spark|blaze|heal|nourish|vine,balanced,balanced,1,0,1,1,11,8,0,62,0,21
loadout,sword,heavy,swift|expose|strike|guard|lunge|return,fire,sustain,seed|spark|blaze|heal|nourish|vine,balanced,balanced,1,1,1,1,7,7,0,73,0,61
loadout,sword,heavy,swift|expose|strike|guard|lunge|return,fire,sustain,seed|spark|blaze|heal|nourish|vine,balanced,balanced,2,0,1,1,12,7,0,108,0,63
loadout,sword,heavy,swift|expose|strike|guard|lunge|return,fire,sustain,seed|spark|blaze|heal|nourish|vine,balanced,balanced,2,1,1,1,9,8,0,105,0,37
loadout,sword,heavy,swift|expose|strike|guard|cut|unity,fire,ignite,seed|spark|blaze|heal|vine|inferno,balanced,balanced,0,0,1,1,4,4,0,7,0,7
loadout,sword,heavy,swift|expose|strike|guard|cut|unity,fire,ignite,seed|spark|blaze|heal|vine|inferno,balanced,balanced,0,1,1,1,4,4,0,78,0,78
loadout,sword,heavy,swift|expose|strike|guard|cut|unity,fire,ignite,seed|spark|blaze|heal|vine|inferno,balanced,balanced,1,0,1,0,6,7,0,49,32,0
loadout,sword,heavy,swift|expose|strike|guard|cut|unity,fire,ignite,seed|spark|blaze|heal|vine|inferno,balanced,balanced,1,1,1,1,8,8,0,96,0,56
loadout,sword,heavy,swift|expose|strike|guard|cut|unity,fire,ignite,seed|spark|blaze|heal|vine|inferno,balanced,balanced,2,0,1,1,6,6,0,193,0,185
loadout,sword,heavy,swift|expose|strike|guard|cut|unity,fire,ignite,seed|spark|blaze|heal|vine|inferno,balanced,balanced,2,1,1,1,7,7,0,50,0,7
loadout,sword,heavy,swift|expose|strike|guard|cut|unity,fire,sustain,seed|spark|blaze|heal|nourish|vine,balanced,balanced,0,0,0,0,5,5,57,0,57,0
loadout,sword,heavy,swift|expose|strike|guard|cut|unity,fire,sustain,seed|spark|blaze|heal|nourish|vine,balanced,balanced,0,1,1,1,8,9,0,52,0,16
loadout,sword,heavy,swift|expose|strike|guard|cut|unity,fire,sustain,seed|spark|blaze|heal|nourish|vine,balanced,balanced,1,0,1,1,6,6,0,46,0,38
loadout,sword,heavy,swift|expose|strike|guard|cut|unity,fire,sustain,seed|spark|blaze|heal|nourish|vine,balanced,balanced,1,1,1,1,7,7,0,59,0,61
loadout,sword,heavy,swift|expose|strike|guard|cut|unity,fire,sustain,seed|spark|blaze|heal|nourish|vine,balanced,balanced,2,0,0,0,6,6,16,0,16,0
loadout,sword,heavy,swift|expose|strike|guard|cut|unity,fire,sustain,seed|spark|blaze|heal|nourish|vine,balanced,balanced,2,1,1,1,9,8,0,105,0,37
loadout,sword,heavy,swift|expose|strike|guard|cut|return,fire,ignite,seed|spark|blaze|heal|vine|inferno,balanced,balanced,0,0,1,1,4,4,0,7,0,7
loadout,sword,heavy,swift|expose|strike|guard|cut|return,fire,ignite,seed|spark|blaze|heal|vine|inferno,balanced,balanced,0,1,1,1,4,4,0,78,0,78
loadout,sword,heavy,swift|expose|strike|guard|cut|return,fire,ignite,seed|spark|blaze|heal|vine|inferno,balanced,balanced,1,0,1,0,7,7,0,21,71,0
loadout,sword,heavy,swift|expose|strike|guard|cut|return,fire,ignite,seed|spark|blaze|heal|vine|inferno,balanced,balanced,1,1,1,1,8,8,0,96,0,56
loadout,sword,heavy,swift|expose|strike|guard|cut|return,fire,ignite,seed|spark|blaze|heal|vine|inferno,balanced,balanced,2,0,0,0,4,4,50,0,50,0
loadout,sword,heavy,swift|expose|strike|guard|cut|return,fire,ignite,seed|spark|blaze|heal|vine|inferno,balanced,balanced,2,1,1,1,6,6,0,65,0,49
loadout,sword,heavy,swift|expose|strike|guard|cut|return,fire,sustain,seed|spark|blaze|heal|nourish|vine,balanced,balanced,0,0,0,0,5,5,57,0,57,0
loadout,sword,heavy,swift|expose|strike|guard|cut|return,fire,sustain,seed|spark|blaze|heal|nourish|vine,balanced,balanced,0,1,1,1,8,9,0,17,0,16
loadout,sword,heavy,swift|expose|strike|guard|cut|return,fire,sustain,seed|spark|blaze|heal|nourish|vine,balanced,balanced,1,0,1,1,11,8,0,62,0,21
loadout,sword,heavy,swift|expose|strike|guard|cut|return,fire,sustain,seed|spark|blaze|heal|nourish|vine,balanced,balanced,1,1,1,1,7,7,0,73,0,61
loadout,sword,heavy,swift|expose|strike|guard|cut|return,fire,sustain,seed|spark|blaze|heal|nourish|vine,balanced,balanced,2,0,1,1,12,7,0,108,0,63
loadout,sword,heavy,swift|expose|strike|guard|cut|return,fire,sustain,seed|spark|blaze|heal|nourish|vine,balanced,balanced,2,1,1,1,9,8,0,105,0,37
loadout,sword,heavy,swift|expose|strike|guard|cut|lunge,fire,ignite,seed|spark|blaze|heal|vine|inferno,balanced,balanced,0,0,0,0,4,4,52,0,52,0
loadout,sword,heavy,swift|expose|strike|guard|cut|lunge,fire,ignite,seed|spark|blaze|heal|vine|inferno,balanced,balanced,0,1,1,1,6,5,0,70,0,72
loadout,sword,heavy,swift|expose|strike|guard|cut|lunge,fire,ignite,seed|spark|blaze|heal|vine|inferno,balanced,balanced,1,0,1,0,7,7,0,21,71,0
loadout,sword,heavy,swift|expose|strike|guard|cut|lunge,fire,ignite,seed|spark|blaze|heal|vine|inferno,balanced,balanced,1,1,1,1,8,8,0,96,0,56
loadout,sword,heavy,swift|expose|strike|guard|cut|lunge,fire,ignite,seed|spark|blaze|heal|vine|inferno,balanced,balanced,2,0,0,0,4,4,50,0,50,0
loadout,sword,heavy,swift|expose|strike|guard|cut|lunge,fire,ignite,seed|spark|blaze|heal|vine|inferno,balanced,balanced,2,1,1,1,6,6,0,65,0,49
loadout,sword,heavy,swift|expose|strike|guard|cut|lunge,fire,sustain,seed|spark|blaze|heal|nourish|vine,balanced,balanced,0,0,0,0,5,5,57,0,57,0
loadout,sword,heavy,swift|expose|strike|guard|cut|lunge,fire,sustain,seed|spark|blaze|heal|nourish|vine,balanced,balanced,0,1,1,1,8,9,0,17,0,16
loadout,sword,heavy,swift|expose|strike|guard|cut|lunge,fire,sustain,seed|spark|blaze|heal|nourish|vine,balanced,balanced,1,0,1,1,11,8,0,62,0,19
loadout,sword,heavy,swift|expose|strike|guard|cut|lunge,fire,sustain,seed|spark|blaze|heal|nourish|vine,balanced,balanced,1,1,1,1,7,7,0,73,0,61
loadout,sword,heavy,swift|expose|strike|guard|cut|lunge,fire,sustain,seed|spark|blaze|heal|nourish|vine,balanced,balanced,2,0,1,1,12,7,0,108,0,63
loadout,sword,heavy,swift|expose|strike|guard|cut|lunge,fire,sustain,seed|spark|blaze|heal|nourish|vine,balanced,balanced,2,1,1,1,9,8,0,105,0,37
